timestamp,engine_id,mission_phase,rpm,cht_c,egt_c,oil_pressure_bar,oil_temp_c,fuel_flow_lph,vibration_rms_g,battery_voltage_v,alternator_current_a,injection_timing_deg,map_kpa,boost_pressure_bar
2026-08-29T08:21:16.676818+00:00,ENG01,ground,1400,25.0,61.7,6.78,25.0,4.0,0.08,12.6,0.0,8.0,33.9,0.0
2026-08-29T08:21:17.676818+00:00,ENG01,ground,1400,25.1,94.0,6.56,25.1,4.0,0.08,12.6,0.0,8.0,33.9,0.0
2026-08-29T08:21:18.676818+00:00,ENG01,ground,1400,25.1,122.6,6.35,25.1,4.0,0.079,12.6,0.0,8.0,33.9,0.0
2026-08-29T08:21:19.676818+00:00,ENG01,ground,1400,25.1,147.8,6.15,25.1,4.0,0.091,12.6,0.0,8.0,33.9,0.0
2026-08-29T08:21:20.676818+00:00,ENG01,ground,1400,25.2,170.0,5.96,25.1,4.0,0.079,12.6,0.0,8.0,33.9,0.0
2026-08-29T08:21:21.676818+00:00,ENG01,ground,1400,25.2,189.7,5.78,25.2,4.0,0.107,12.6,0.0,8.0,33.9,0.0
2026-08-29T08:21:22.676818+00:00,ENG01,ground,1400,25.3,207.0,5.6,25.2,4.0,0.083,12.6,0.0,8.0,33.9,0.0
2026-08-29T08:21:23.676818+00:00,ENG01,ground,1400,25.3,222.3,5.43,25.2,4.0,0.082,12.6,0.0,8.0,33.9,0.0
2026-08-29T08:21:24.676818+00:00,ENG01,ground,1400,25.3,235.8,5.27,25.2,4.0,0.081,12.6,0.0,8.0,33.9,0.0
2026-08-29T08:21:25.676818+00:00,ENG01,ground,1400,25.4,247.7,5.11,25.3,4.0,0.079,12.6,0.0,8.0,33.9,0.0
2026-08-29T08:21:26.676818+00:00,ENG01,ground,1400,25.4,258.2,4.96,25.3,4.0,0.081,12.6,0.0,8.0,33.9,0.0
2026-08-29T08:21:27.676818+00:00,ENG01,ground,1400,25.4,267.5,4.82,25.3,4.0,0.1,12.6,0.0,8.0,33.9,0.0
2026-08-29T08:21:28.676818+00:00,ENG01,ground,1400,25.5,275.7,4.68,25.3,4.0,0.09,12.6,0.0,8.0,33.9,0.0
2026-08-29T08:21:29.676818+00:00,ENG01,ground,1400,25.5,282.9,4.55,25.4,4.0,0.079,12.6,0.0,8.0,33.9,0.0
2026-08-29T08:21:30.676818+00:00,ENG01,ground,1400,25.5,289.2,4.42,25.4,4.0,0.091,12.6,0.0,8.0,33.9,0.0
2026-08-29T08:21:31.676818+00:00,ENG01,ground,1400,25.6,294.9,4.3,25.4,4.0,0.097,12.6,0.0,8.0,33.9,0.0
2026-08-29T08:21:32.676818+00:00,ENG01,ground,1400,25.6,299.8,4.18,25.4,4.0,0.082,12.6,0.0,8.0,33.9,0.0
2026-08-29T08:21:33.676818+00:00,ENG01,ground,1400,25.6,304.2,4.06,25.5,4.0,0.103,12.6,0.0,8.0,33.9,0.0
2026-08-29T08:21:34.676818+00:00,ENG01,ground,1400,25.7,308.1,3.96,25.5,4.0,0.077,12.6,0.0,8.0,33.9,0.0
2026-08-29T08:21:35.676818+00:00,ENG01,ground,1400,25.7,311.5,3.85,25.5,4.0,0.079,12.6,0.0,8.0,33.9,0.0
2026-08-29T08:21:36.676818+00:00,ENG01,ground,1400,25.7,314.5,3.75,25.5,4.0,0.087,12.6,0.0,8.0,33.9,0.0
2026-08-29T08:21:37.676818+00:00,ENG01,ground,1400,25.8,317.2,3.65,25.6,4.0,0.106,12.6,0.0,8.0,33.9,0.0
2026-08-29T08:21:38.676818+00:00,ENG01,ground,1400,25.8,319.5,3.56,25.6,4.0,0.083,12.6,0.0,8.0,33.9,0.0
2026-08-29T08:21:39.676818+00:00,ENG01,ground,1400,25.8,321.6,3.47,25.6,4.0,0.086,12.6,0.0,8.0,33.9,0.0
2026-08-29T08:21:40.676818+00:00,ENG01,ground,1400,25.9,323.4,3.38,25.6,4.0,0.094,12.6,0.0,8.0,33.9,0.0
2026-08-29T08:21:41.676818+00:00,ENG01,ground,1400,25.9,325.0,3.3,25.7,4.0,0.081,12.6,0.0,8.0,33.9,0.0
2026-08-29T08:21:42.676818+00:00,ENG01,ground,1400,25.9,326.4,3.22,25.7,4.0,0.084,12.6,0.0,8.0,33.9,0.0
2026-08-29T08:21:43.676818+00:00,ENG01,ground,1400,26.0,327.7,3.15,25.7,4.0,0.082,12.6,0.0,8.0,33.9,0.0
2026-08-29T08:21:44.676818+00:00,ENG01,ground,1400,26.0,328.8,3.07,25.7,4.0,0.092,12.6,0.0,8.0,33.9,0.0
2026-08-29T08:21:45.676818+00:00,ENG01,ground,1400,26.0,329.8,3.0,25.8,4.0,0.099,12.6,0.0,8.0,33.9,0.0
2026-08-29T08:21:46.676818+00:00,ENG01,ground,1400,26.0,330.6,2.94,25.8,4.0,0.088,12.6,0.0,8.0,33.9,0.0
2026-08-29T08:21:47.676818+00:00,ENG01,ground,1400,26.1,331.4,2.87,25.8,4.0,0.107,12.6,0.0,8.0,33.9,0.0
2026-08-29T08:21:48.676818+00:00,ENG01,ground,1400,26.1,332.1,2.81,25.8,4.0,0.129,12.6,0.0,8.0,33.9,0.0
2026-08-29T08:21:49.676818+00:00,ENG01,ground,1400,26.1,332.7,2.75,25.9,4.0,0.089,12.6,0.0,8.0,33.9,0.0
2026-08-29T08:21:50.676818+00:00,ENG01,ground,1400,26.2,333.2,2.69,25.9,4.0,0.095,12.6,0.0,8.0,33.9,0.0
2026-08-29T08:21:51.676818+00:00,ENG01,ground,1400,26.2,333.6,2.64,25.9,4.0,0.094,12.6,0.0,8.0,33.9,0.0
2026-08-29T08:21:52.676818+00:00,ENG01,ground,1400,26.2,334.0,2.58,25.9,4.0,0.09,12.6,0.0,8.0,33.9,0.0
2026-08-29T08:21:53.676818+00:00,ENG01,ground,1400,26.2,334.4,2.53,26.0,4.0,0.101,12.6,0.0,8.0,33.9,0.0
2026-08-29T08:21:54.676818+00:00,ENG01,ground,1400,26.3,334.7,2.48,26.0,4.0,0.094,12.6,0.0,8.0,33.9,0.0
2026-08-29T08:21:55.676818+00:00,ENG01,ground,1400,26.3,335.0,2.43,26.0,4.0,0.097,12.6,0.0,8.0,33.9,0.0
2026-08-29T08:21:56.676818+00:00,ENG01,ground,1400,26.3,335.3,2.39,26.0,4.0,0.078,12.6,0.0,8.0,33.9,0.0
2026-08-29T08:21:57.676818+00:00,ENG01,ground,1400,26.4,335.5,2.35,26.1,4.0,0.083,12.6,0.0,8.0,33.9,0.0
2026-08-29T08:21:58.676818+00:00,ENG01,ground,1400,26.4,335.7,2.3,26.1,4.0,0.079,12.6,0.0,8.0,33.9,0.0
2026-08-29T08:21:59.676818+00:00,ENG01,ground,1400,26.4,335.8,2.26,26.1,4.0,0.093,12.6,0.0,8.0,33.9,0.0
2026-08-29T08:22:00.676818+00:00,ENG01,ground,1400,26.4,336.0,2.23,26.1,4.0,0.089,12.6,0.0,8.0,33.9,0.0
2026-08-29T08:22:01.676818+00:00,ENG01,ground,1400,26.5,336.1,2.19,26.2,4.0,0.084,12.6,0.0,8.0,33.9,0.0
2026-08-29T08:22:02.676818+00:00,ENG01,ground,1400,26.5,336.2,2.15,26.2,4.0,0.09,12.6,0.0,8.0,33.9,0.0
2026-08-29T08:22:03.676818+00:00,ENG01,ground,1400,26.5,336.3,2.12,26.2,4.0,0.086,12.6,0.0,8.0,33.9,0.0
2026-08-29T08:22:04.676818+00:00,ENG01,ground,1400,26.6,336.4,2.09,26.2,4.0,0.089,12.6,0.0,8.0,33.9,0.0
2026-08-29T08:22:05.676818+00:00,ENG01,ground,1400,26.6,336.5,2.05,26.3,4.0,0.091,12.6,0.0,8.0,33.9,0.0
2026-08-29T08:22:06.676818+00:00,ENG01,ground,1400,26.6,336.6,2.02,26.3,4.0,0.086,12.6,0.0,8.0,33.9,0.0
2026-08-29T08:22:07.676818+00:00,ENG01,ground,1400,26.6,336.6,1.99,26.3,4.0,0.087,12.6,0.0,8.0,33.9,0.0
2026-08-29T08:22:08.676818+00:00,ENG01,ground,1400,26.7,336.7,1.97,26.3,4.0,0.082,12.6,0.0,8.0,33.9,0.0
2026-08-29T08:22:09.676818+00:00,ENG01,ground,1400,26.7,336.7,1.94,26.4,4.0,0.123,12.6,0.0,8.0,33.9,0.0
2026-08-29T08:22:10.676818+00:00,ENG01,ground,1400,26.7,336.8,1.91,26.4,4.0,0.093,12.6,0.0,8.0,33.9,0.0
2026-08-29T08:22:11.676818+00:00,ENG01,ground,1400,26.7,336.8,1.89,26.4,4.0,0.099,12.6,0.0,8.0,33.9,0.0
2026-08-29T08:22:12.676818+00:00,ENG01,ground,1400,26.8,336.9,1.87,26.4,4.0,0.092,12.6,0.0,8.0,33.9,0.0
2026-08-29T08:22:13.676818+00:00,ENG01,ground,1400,26.8,336.9,1.84,26.4,4.0,0.105,12.6,0.0,8.0,33.9,0.0
2026-08-29T08:22:14.676818+00:00,ENG01,ground,1400,26.8,336.9,1.82,26.5,4.0,0.087,12.6,0.0,8.0,33.9,0.0
2026-08-29T08:22:15.676818+00:00,ENG01,ground,1400,26.8,336.9,1.8,26.5,4.0,0.093,12.6,0.0,8.0,33.9,0.0
2026-08-29T08:22:16.676818+00:00,ENG01,ground,1400,26.9,337.0,1.78,26.5,4.0,0.105,12.6,0.0,8.0,33.9,0.0
2026-08-29T08:22:17.676818+00:00,ENG01,ground,1400,26.9,337.0,1.76,26.5,4.0,0.079,12.6,0.0,8.0,33.9,0.0
2026-08-29T08:22:18.676818+00:00,ENG01,ground,1400,26.9,337.0,1.74,26.6,4.0,0.105,12.6,0.0,8.0,33.9,0.0
2026-08-29T08:22:19.676818+00:00,ENG01,ground,1400,26.9,337.0,1.72,26.6,4.0,0.087,12.6,0.0,8.0,33.9,0.0
2026-08-29T08:22:20.676818+00:00,ENG01,ground,1400,27.0,337.0,1.7,26.6,4.0,0.096,12.6,0.0,8.0,33.9,0.0
2026-08-29T08:22:21.676818+00:00,ENG01,ground,1400,27.0,337.0,1.69,26.6,4.0,0.106,12.6,0.0,8.0,33.9,0.0
2026-08-29T08:22:22.676818+00:00,ENG01,ground,1400,27.0,337.0,1.67,26.7,4.0,0.077,12.6,0.0,8.0,33.9,0.0
2026-08-29T08:22:23.676818+00:00,ENG01,ground,1400,27.0,337.0,1.66,26.7,4.0,0.082,12.6,0.0,8.0,33.9,0.0
2026-08-29T08:22:24.676818+00:00,ENG01,ground,1400,27.0,337.1,1.64,26.7,4.0,0.083,12.6,0.0,8.0,33.9,0.0
2026-08-29T08:22:25.676818+00:00,ENG01,ground,1400,27.1,337.1,1.63,26.7,4.0,0.091,12.6,0.0,8.0,33.9,0.0
2026-08-29T08:22:26.676818+00:00,ENG01,ground,1400,27.1,337.1,1.61,26.8,4.0,0.088,12.6,0.0,8.0,33.9,0.0
2026-08-29T08:22:27.676818+00:00,ENG01,ground,1400,27.1,337.1,1.6,26.8,4.0,0.123,12.6,0.0,8.0,33.9,0.0
2026-08-29T08:22:28.676818+00:00,ENG01,ground,1400,27.1,337.1,1.59,26.8,4.0,0.089,12.6,0.0,8.0,33.9,0.0
2026-08-29T08:22:29.676818+00:00,ENG01,ground,1400,27.2,337.1,1.58,26.8,4.0,0.089,12.6,0.0,8.0,33.9,0.0
2026-08-29T08:22:30.676818+00:00,ENG01,ground,1400,27.2,337.1,1.56,26.9,4.0,0.088,12.6,0.0,8.0,33.9,0.0
2026-08-29T08:22:31.676818+00:00,ENG01,ground,1400,27.2,337.1,1.55,26.9,4.0,0.093,12.6,0.0,8.0,33.9,0.0
2026-08-29T08:22:32.676818+00:00,ENG01,ground,1400,27.2,337.1,1.54,26.9,4.0,0.096,12.6,0.0,8.0,33.9,0.0
2026-08-29T08:22:33.676818+00:00,ENG01,ground,1400,27.2,337.1,1.53,26.9,4.0,0.088,12.6,0.0,8.0,33.9,0.0
2026-08-29T08:22:34.676818+00:00,ENG01,ground,1400,27.3,337.1,1.52,27.0,4.0,0.078,12.6,0.0,8.0,33.9,0.0
2026-08-29T08:22:35.676818+00:00,ENG01,ground,1400,27.3,337.1,1.51,27.0,4.0,0.092,12.6,0.0,8.0,33.9,0.0
2026-08-29T08:22:36.676818+00:00,ENG01,ground,1400,27.3,337.1,1.5,27.0,4.0,0.091,12.6,0.0,8.0,33.9,0.0
2026-08-29T08:22:37.676818+00:00,ENG01,ground,1400,27.3,337.1,1.5,27.0,4.0,0.083,12.6,0.0,8.0,33.9,0.0
2026-08-29T08:22:38.676818+00:00,ENG01,ground,1400,27.4,337.1,1.49,27.1,4.0,0.113,12.6,0.0,8.0,33.9,0.0
2026-08-29T08:22:39.676818+00:00,ENG01,ground,1400,27.4,337.1,1.48,27.1,4.0,0.098,12.6,0.0,8.0,33.9,0.0
2026-08-29T08:22:40.676818+00:00,ENG01,ground,1400,27.4,337.1,1.47,27.1,4.0,0.088,12.6,0.0,8.0,33.9,0.0
2026-08-29T08:22:41.676818+00:00,ENG01,ground,1400,27.4,337.1,1.46,27.1,4.0,0.085,12.6,0.0,8.0,33.9,0.0
2026-08-29T08:22:42.676818+00:00,ENG01,ground,1400,27.4,337.1,1.46,27.1,4.0,0.101,12.6,0.0,8.0,33.9,0.0
2026-08-29T08:22:43.676818+00:00,ENG01,ground,1400,27.5,337.1,1.45,27.2,4.0,0.077,12.6,0.0,8.0,33.9,0.0
2026-08-29T08:22:44.676818+00:00,ENG01,ground,1400,27.5,337.1,1.44,27.2,4.0,0.082,12.6,0.0,8.0,33.9,0.0
2026-08-29T08:22:45.676818+00:00,ENG01,ground,1400,27.5,337.1,1.44,27.2,4.0,0.08,12.6,0.0,8.0,33.9,0.0
2026-08-29T08:22:46.676818+00:00,ENG01,ground,1400,27.5,337.1,1.43,27.2,4.0,0.098,12.6,0.0,8.0,33.9,0.0
2026-08-29T08:22:47.676818+00:00,ENG01,ground,1400,27.5,337.1,1.42,27.3,4.0,0.095,12.6,0.0,8.0,33.9,0.0
2026-08-29T08:22:48.676818+00:00,ENG01,ground,1400,27.6,337.1,1.42,27.3,4.0,0.082,12.6,0.0,8.0,33.9,0.0
2026-08-29T08:22:49.676818+00:00,ENG01,ground,1400,27.6,337.1,1.41,27.3,4.0,0.097,12.6,0.0,8.0,33.9,0.0
2026-08-29T08:22:50.676818+00:00,ENG01,ground,1400,27.6,337.1,1.41,27.3,4.0,0.095,12.6,0.0,8.0,33.9,0.0
2026-08-29T08:22:51.676818+00:00,ENG01,ground,1400,27.6,337.1,1.4,27.4,4.0,0.084,12.6,0.0,8.0,33.9,0.0
2026-08-29T08:22:52.676818+00:00,ENG01,ground,1400,27.6,337.1,1.4,27.4,4.0,0.101,12.6,0.0,8.0,33.9,0.0
2026-08-29T08:22:53.676818+00:00,ENG01,ground,1400,27.6,337.1,1.39,27.4,4.0,0.077,12.6,0.0,8.0,33.9,0.0
2026-08-29T08:22:54.676818+00:00,ENG01,ground,1400,27.7,337.1,1.39,27.4,4.0,0.116,12.6,0.0,8.0,33.9,0.0
2026-08-29T08:22:55.676818+00:00,ENG01,ground,1400,27.7,337.1,1.38,27.5,4.0,0.084,12.6,0.0,8.0,33.9,0.0
2026-08-29T08:22:56.676818+00:00,ENG01,ground,1400,27.7,337.1,1.38,27.5,4.0,0.108,12.6,0.0,8.0,33.9,0.0
2026-08-29T08:22:57.676818+00:00,ENG01,ground,1400,27.7,337.1,1.38,27.5,4.0,0.079,12.6,0.0,8.0,33.9,0.0
2026-08-29T08:22:58.676818+00:00,ENG01,ground,1400,27.7,337.1,1.37,27.5,4.0,0.087,12.6,0.0,8.0,33.9,0.0
2026-08-29T08:22:59.676818+00:00,ENG01,ground,1400,27.8,337.1,1.37,27.5,4.0,0.099,12.6,0.0,8.0,33.9,0.0
2026-08-29T08:23:00.676818+00:00,ENG01,ground,1400,27.8,337.1,1.37,27.6,4.0,0.08,12.6,0.0,8.0,33.9,0.0
2026-08-29T08:23:01.676818+00:00,ENG01,ground,1400,27.8,337.1,1.36,27.6,4.0,0.105,12.6,0.0,8.0,33.9,0.0
2026-08-29T08:23:02.676818+00:00,ENG01,ground,1400,27.8,337.1,1.36,27.6,4.0,0.093,12.6,0.0,8.0,33.9,0.0
2026-08-29T08:23:03.676818+00:00,ENG01,ground,1400,27.8,337.1,1.36,27.6,4.0,0.09,12.6,0.0,8.0,33.9,0.0
2026-08-29T08:23:04.676818+00:00,ENG01,ground,1400,27.8,337.1,1.35,27.7,4.0,0.124,12.6,0.0,8.0,33.9,0.0
2026-08-29T08:23:05.676818+00:00,ENG01,ground,1400,27.9,337.1,1.35,27.7,4.0,0.091,12.6,0.0,8.0,33.9,0.0
2026-08-29T08:23:06.676818+00:00,ENG01,ground,1400,27.9,337.1,1.35,27.7,4.0,0.088,12.6,0.0,8.0,33.9,0.0
2026-08-29T08:23:07.676818+00:00,ENG01,ground,1400,27.9,337.1,1.34,27.7,4.0,0.088,12.6,0.0,8.0,33.9,0.0
2026-08-29T08:23:08.676818+00:00,ENG01,ground,1400,27.9,337.1,1.34,27.7,4.0,0.089,12.6,0.0,8.0,33.9,0.0
2026-08-29T08:23:09.676818+00:00,ENG01,ground,1400,27.9,337.1,1.34,27.8,4.0,0.077,12.6,0.0,8.0,33.9,0.0
2026-08-29T08:23:10.676818+00:00,ENG01,ground,1400,27.9,337.1,1.34,27.8,4.0,0.111,12.6,0.0,8.0,33.9,0.0
2026-08-29T08:23:11.676818+00:00,ENG01,ground,1400,28.0,337.1,1.34,27.8,4.0,0.098,12.6,0.0,8.0,33.9,0.0
2026-08-29T08:23:12.676818+00:00,ENG01,ground,1400,28.0,337.1,1.33,27.8,4.0,0.085,12.6,0.0,8.0,33.9,0.0
2026-08-29T08:23:13.676818+00:00,ENG01,ground,1400,28.0,337.1,1.33,27.9,4.0,0.104,12.6,0.0,8.0,33.9,0.0
2026-08-29T08:23:14.676818+00:00,ENG01,ground,1400,28.0,337.1,1.33,27.9,4.0,0.086,12.6,0.0,8.0,33.9,0.0
2026-08-29T08:23:15.676818+00:00,ENG01,ground,1400,28.0,337.1,1.33,27.9,4.0,0.084,12.6,0.0,8.0,33.9,0.0
2026-08-29T08:23:16.676818+00:00,ENG01,takeoff,1400,28.0,338.7,1.33,27.9,4.0,0.08,12.6,0.0,6.0,51.6,0.07
2026-08-29T08:23:17.676818+00:00,ENG01,takeoff,1473,28.0,340.4,1.35,27.9,4.0,0.106,12.6,0.0,6.3,53.0,0.075
2026-08-29T08:23:18.676818+00:00,ENG01,takeoff,1547,28.0,342.4,1.37,28.0,4.0,0.089,12.6,0.0,6.5,54.4,0.079
2026-08-29T08:23:19.676818+00:00,ENG01,takeoff,1620,28.0,344.6,1.4,28.0,4.0,0.111,12.6,0.0,6.8,55.8,0.084
2026-08-29T08:23:20.676818+00:00,ENG01,takeoff,1693,28.0,347.0,1.42,28.0,4.0,0.108,12.6,0.0,7.1,57.2,0.089
2026-08-29T08:23:21.676818+00:00,ENG01,takeoff,1767,28.1,349.6,1.44,28.0,4.0,0.094,12.6,0.0,7.3,58.6,0.093
2026-08-29T08:23:22.676818+00:00,ENG01,takeoff,1840,28.1,352.4,1.47,28.1,4.0,0.143,14.2,12.0,7.6,60.0,0.098
2026-08-29T08:23:23.676818+00:00,ENG01,takeoff,1913,28.1,355.4,1.49,28.1,4.0,0.106,14.2,12.0,7.9,61.4,0.103
2026-08-29T08:23:24.676818+00:00,ENG01,takeoff,1987,28.2,358.7,1.51,28.1,4.0,0.131,14.2,12.0,8.1,62.8,0.107
2026-08-29T08:23:25.676818+00:00,ENG01,takeoff,2060,28.2,362.1,1.54,28.1,4.0,0.134,14.2,12.0,8.4,64.2,0.112
2026-08-29T08:23:26.676818+00:00,ENG01,takeoff,2133,28.3,365.8,1.56,28.1,4.0,0.114,14.2,12.0,8.7,65.5,0.117
2026-08-29T08:23:27.676818+00:00,ENG01,takeoff,2207,28.4,369.8,1.58,28.2,4.0,0.122,14.2,12.0,8.9,66.9,0.121
2026-08-29T08:23:28.676818+00:00,ENG01,takeoff,2280,28.5,374.0,1.61,28.2,4.15,0.154,14.2,12.0,9.2,68.3,0.126
2026-08-29T08:23:29.676818+00:00,ENG01,takeoff,2353,28.6,378.4,1.63,28.2,4.41,0.157,14.2,12.0,9.5,69.7,0.131
2026-08-29T08:23:30.676818+00:00,ENG01,takeoff,2427,28.7,383.1,1.66,28.2,4.69,0.148,14.2,12.0,9.7,71.1,0.135
2026-08-29T08:23:31.676818+00:00,ENG01,takeoff,2500,28.8,388.0,1.68,28.3,4.99,0.144,14.2,12.0,10.0,72.5,0.14
2026-08-29T08:23:32.676818+00:00,ENG01,takeoff,2573,28.9,393.2,1.7,28.3,5.29,0.167,14.2,12.0,10.3,73.9,0.145
2026-08-29T08:23:33.676818+00:00,ENG01,takeoff,2647,29.1,398.8,1.73,28.3,5.61,0.156,14.2,12.0,10.5,75.3,0.149
2026-08-29T08:23:34.676818+00:00,ENG01,takeoff,2720,29.2,404.5,1.75,28.3,5.94,0.148,14.2,12.0,10.8,76.7,0.154
2026-08-29T08:23:35.676818+00:00,ENG01,takeoff,2793,29.4,410.6,1.78,28.3,6.28,0.162,14.2,12.0,11.1,78.1,0.159
2026-08-29T08:23:36.676818+00:00,ENG01,takeoff,2867,29.6,417.0,1.8,28.4,6.64,0.182,14.2,12.0,11.3,79.4,0.163
2026-08-29T08:23:37.676818+00:00,ENG01,takeoff,2940,29.7,423.7,1.83,28.4,7.01,0.166,14.2,12.0,11.6,80.8,0.168
2026-08-29T08:23:38.676818+00:00,ENG01,takeoff,3013,30.0,430.7,1.85,28.4,7.4,0.172,14.2,12.0,11.9,82.2,0.173
2026-08-29T08:23:39.676818+00:00,ENG01,takeoff,3087,30.2,438.0,1.87,28.5,7.79,0.215,14.2,12.0,12.1,83.6,0.177
2026-08-29T08:23:40.676818+00:00,ENG01,takeoff,3160,30.4,445.7,1.9,28.5,8.21,0.193,14.2,12.0,12.4,85.0,0.182
2026-08-29T08:23:41.676818+00:00,ENG01,takeoff,3233,30.7,453.7,1.92,28.5,8.63,0.193,14.2,12.0,12.7,86.4,0.187
2026-08-29T08:23:42.676818+00:00,ENG01,takeoff,3307,30.9,461.9,1.95,28.5,9.07,0.225,14.2,12.0,12.9,87.8,0.191
2026-08-29T08:23:43.676818+00:00,ENG01,takeoff,3380,31.2,470.6,1.97,28.6,9.52,0.208,14.2,12.0,13.2,89.1,0.196
2026-08-29T08:23:44.676818+00:00,ENG01,takeoff,3453,31.5,479.5,2.0,28.6,9.98,0.212,14.2,12.0,13.5,90.5,0.201
2026-08-29T08:23:45.676818+00:00,ENG01,takeoff,3527,31.9,488.7,2.05,28.6,10.45,0.231,14.2,12.0,13.7,91.9,0.205
2026-08-29T08:23:46.676818+00:00,ENG01,takeoff,3600,32.2,498.3,2.14,28.7,10.93,0.251,14.2,12.0,14.0,93.3,0.21
2026-08-29T08:23:47.676818+00:00,ENG01,takeoff,3673,32.5,508.2,2.24,28.7,11.43,0.231,14.2,12.0,14.3,94.7,0.215
2026-08-29T08:23:48.676818+00:00,ENG01,takeoff,3747,32.9,518.3,2.33,28.7,11.93,0.26,14.2,12.0,14.5,96.1,0.219
2026-08-29T08:23:49.676818+00:00,ENG01,takeoff,3820,33.3,528.8,2.43,28.8,12.44,0.255,14.2,12.0,14.8,97.4,0.224
2026-08-29T08:23:50.676818+00:00,ENG01,takeoff,3893,33.7,539.5,2.52,28.8,12.95,0.265,14.2,12.0,15.1,98.8,0.229
2026-08-29T08:23:51.676818+00:00,ENG01,takeoff,3967,34.1,550.5,2.62,28.8,13.48,0.273,14.2,12.0,15.3,100.2,0.233
2026-08-29T08:23:52.676818+00:00,ENG01,takeoff,4040,34.6,561.5,2.71,28.9,13.93,0.285,14.2,12.0,15.6,101.6,0.238
2026-08-29T08:23:53.676818+00:00,ENG01,takeoff,4113,35.0,572.5,2.81,28.9,14.39,0.302,14.2,12.0,15.9,103.0,0.243
2026-08-29T08:23:54.676818+00:00,ENG01,takeoff,4187,35.5,583.4,2.9,29.0,14.84,0.289,14.2,12.0,16.1,104.3,0.247
2026-08-29T08:23:55.676818+00:00,ENG01,takeoff,4260,36.0,594.4,3.0,29.0,15.29,0.31,14.2,12.0,16.4,105.7,0.252
2026-08-29T08:23:56.676818+00:00,ENG01,takeoff,4333,36.5,605.3,3.09,29.0,15.73,0.33,14.2,12.0,16.7,107.1,0.257
2026-08-29T08:23:57.676818+00:00,ENG01,takeoff,4407,37.0,616.2,3.19,29.1,16.17,0.325,14.2,12.0,16.9,108.5,0.261
2026-08-29T08:23:58.676818+00:00,ENG01,takeoff,4480,37.5,627.1,3.28,29.1,16.6,0.328,14.2,12.0,17.2,109.8,0.266
2026-08-29T08:23:59.676818+00:00,ENG01,takeoff,4553,38.1,637.8,3.38,29.2,17.03,0.374,14.2,12.0,17.5,111.2,0.271
2026-08-29T08:24:00.676818+00:00,ENG01,takeoff,4627,38.6,648.5,3.47,29.2,17.44,0.344,14.2,12.0,17.7,112.6,0.275
2026-08-29T08:24:01.676818+00:00,ENG01,takeoff,4700,39.2,659.0,3.57,29.3,17.85,0.354,14.2,12.0,18.0,114.0,0.28
2026-08-29T08:24:02.676818+00:00,ENG01,takeoff,4773,39.8,669.4,3.67,29.4,18.24,0.359,14.2,12.0,18.3,115.3,0.285
2026-08-29T08:24:03.676818+00:00,ENG01,takeoff,4847,40.4,679.6,3.76,29.4,18.63,0.396,14.2,12.0,18.5,116.7,0.289
2026-08-29T08:24:04.676818+00:00,ENG01,takeoff,4920,41.0,689.6,3.86,29.5,19.0,0.377,14.2,12.0,18.8,118.1,0.294
2026-08-29T08:24:05.676818+00:00,ENG01,takeoff,4993,41.6,699.5,3.95,29.5,19.36,0.394,14.2,12.0,19.1,119.5,0.299
2026-08-29T08:24:06.676818+00:00,ENG01,takeoff,5067,42.2,709.1,4.05,29.6,19.71,0.416,14.2,12.0,19.3,120.8,0.303
2026-08-29T08:24:07.676818+00:00,ENG01,takeoff,5140,42.9,717.7,4.14,29.7,20.04,0.411,14.2,12.0,19.6,122.2,0.308
2026-08-29T08:24:08.676818+00:00,ENG01,takeoff,5213,43.5,725.4,4.24,29.7,20.36,0.444,14.2,12.0,19.9,123.6,0.313
2026-08-29T08:24:09.676818+00:00,ENG01,takeoff,5287,44.2,732.3,4.33,29.8,20.66,0.423,14.2,12.0,20.1,124.9,0.317
2026-08-29T08:24:10.676818+00:00,ENG01,takeoff,5360,44.8,738.4,4.43,29.9,20.95,0.43,14.2,12.0,20.4,126.3,0.322
2026-08-29T08:24:11.676818+00:00,ENG01,takeoff,5433,45.5,743.9,4.52,29.9,21.23,0.446,14.2,12.0,20.7,127.7,0.327
2026-08-29T08:24:12.676818+00:00,ENG01,takeoff,5507,46.2,748.7,4.62,30.0,21.49,0.459,14.2,12.0,20.9,129.0,0.331
2026-08-29T08:24:13.676818+00:00,ENG01,takeoff,5580,46.9,752.9,4.71,30.1,21.73,0.462,14.2,12.0,21.2,130.4,0.336
2026-08-29T08:24:14.676818+00:00,ENG01,takeoff,5653,47.6,756.6,4.81,30.2,21.96,0.477,14.2,12.0,21.5,131.8,0.341
2026-08-29T08:24:15.676818+00:00,ENG01,takeoff,5727,48.2,759.9,4.91,30.2,22.18,0.476,14.2,12.0,21.7,133.1,0.345
2026-08-29T08:24:16.676818+00:00,ENG01,takeoff,5800,48.9,762.7,5.0,30.3,22.39,0.477,14.2,12.0,22.0,134.5,0.35
2026-08-29T08:24:17.676818+00:00,ENG01,takeoff,5800,49.6,765.2,5.0,30.4,22.38,0.502,14.2,12.0,22.0,134.5,0.35
2026-08-29T08:24:18.676818+00:00,ENG01,takeoff,5800,50.3,767.5,5.0,30.5,22.38,0.482,14.2,12.0,22.0,134.4,0.35
2026-08-29T08:24:19.676818+00:00,ENG01,takeoff,5800,51.0,769.4,5.0,30.6,22.37,0.474,14.2,12.0,22.0,134.4,0.35
2026-08-29T08:24:20.676818+00:00,ENG01,takeoff,5800,51.7,771.1,5.0,30.7,22.37,0.487,14.2,12.0,22.0,134.4,0.35
2026-08-29T08:24:21.676818+00:00,ENG01,takeoff,5800,52.4,772.7,5.0,30.8,22.36,0.483,14.2,12.0,22.0,134.3,0.35
2026-08-29T08:24:22.676818+00:00,ENG01,takeoff,5800,53.0,774.0,5.0,30.8,22.36,0.482,14.2,12.0,22.0,134.3,0.35
2026-08-29T08:24:23.676818+00:00,ENG01,takeoff,5800,53.7,775.2,5.0,30.9,22.35,0.484,14.2,12.0,22.0,134.2,0.35
2026-08-29T08:24:24.676818+00:00,ENG01,takeoff,5800,54.3,776.2,5.0,31.0,22.35,0.48,14.2,12.0,22.0,134.2,0.35
2026-08-29T08:24:25.676818+00:00,ENG01,takeoff,5800,55.0,777.1,5.0,31.1,22.34,0.492,14.2,12.0,22.0,134.2,0.35
2026-08-29T08:24:26.676818+00:00,ENG01,takeoff,5800,55.6,778.0,5.0,31.2,22.33,0.486,14.2,12.0,22.0,134.1,0.35
2026-08-29T08:24:27.676818+00:00,ENG01,takeoff,5800,56.3,778.7,5.0,31.3,22.33,0.48,14.2,12.0,22.0,134.1,0.35
2026-08-29T08:24:28.676818+00:00,ENG01,takeoff,5800,56.9,779.3,5.0,31.4,22.32,0.472,14.2,12.0,22.0,134.1,0.35
2026-08-29T08:24:29.676818+00:00,ENG01,takeoff,5800,57.5,779.8,5.0,31.5,22.32,0.517,14.2,12.0,22.0,134.0,0.35
2026-08-29T08:24:30.676818+00:00,ENG01,takeoff,5800,58.2,780.3,5.0,31.7,22.31,0.509,14.2,12.0,22.0,134.0,0.35
2026-08-29T08:24:31.676818+00:00,ENG01,takeoff,5800,58.8,780.8,5.0,31.8,22.31,0.486,14.2,12.0,22.0,133.9,0.35
2026-08-29T08:24:32.676818+00:00,ENG01,takeoff,5800,59.4,781.1,5.0,31.9,22.3,0.478,14.2,12.0,22.0,133.9,0.35
2026-08-29T08:24:33.676818+00:00,ENG01,takeoff,5800,60.0,781.5,5.0,32.0,22.3,0.474,14.2,12.0,22.0,133.9,0.35
2026-08-29T08:24:34.676818+00:00,ENG01,takeoff,5800,60.6,781.8,5.0,32.1,22.29,0.51,14.2,12.0,22.0,133.8,0.35
2026-08-29T08:24:35.676818+00:00,ENG01,takeoff,5800,61.2,782.0,5.0,32.2,22.29,0.472,14.2,12.0,22.0,133.8,0.35
2026-08-29T08:24:36.676818+00:00,ENG01,takeoff,5800,61.8,782.2,5.0,32.3,22.28,0.516,14.2,12.0,22.0,133.8,0.35
2026-08-29T08:24:37.676818+00:00,ENG01,takeoff,5800,62.4,782.4,5.0,32.4,22.27,0.48,14.2,12.0,22.0,133.7,0.35
2026-08-29T08:24:38.676818+00:00,ENG01,takeoff,5800,63.0,782.6,5.0,32.6,22.27,0.478,14.2,12.0,22.0,133.7,0.35
2026-08-29T08:24:39.676818+00:00,ENG01,takeoff,5800,63.6,782.7,5.0,32.7,22.26,0.481,14.2,12.0,22.0,133.6,0.35
2026-08-29T08:24:40.676818+00:00,ENG01,takeoff,5800,64.2,782.9,5.0,32.8,22.26,0.485,14.2,12.0,22.0,133.6,0.35
2026-08-29T08:24:41.676818+00:00,ENG01,takeoff,5800,64.8,783.0,5.0,32.9,22.25,0.472,14.2,12.0,22.0,133.6,0.35
2026-08-29T08:24:42.676818+00:00,ENG01,takeoff,5800,65.3,783.1,5.0,33.1,22.25,0.477,14.2,12.0,22.0,133.5,0.35
2026-08-29T08:24:43.676818+00:00,ENG01,takeoff,5800,65.9,783.2,5.0,33.2,22.24,0.475,14.2,12.0,22.0,133.5,0.35
2026-08-29T08:24:44.676818+00:00,ENG01,takeoff,5800,66.5,783.2,5.0,33.3,22.24,0.513,14.2,12.0,22.0,133.5,0.35
2026-08-29T08:24:45.676818+00:00,ENG01,takeoff,5800,67.0,783.3,5.0,33.4,22.23,0.511,14.2,12.0,22.0,133.4,0.35
2026-08-29T08:24:46.676818+00:00,ENG01,takeoff,5800,67.6,783.4,5.0,33.6,22.23,0.474,14.2,12.0,22.0,133.4,0.35
2026-08-29T08:24:47.676818+00:00,ENG01,takeoff,5800,68.1,783.4,5.0,33.7,22.22,0.505,14.2,12.0,22.0,133.3,0.35
2026-08-29T08:24:48.676818+00:00,ENG01,takeoff,5800,68.7,783.4,5.0,33.8,22.21,0.491,14.2,12.0,22.0,133.3,0.35
2026-08-29T08:24:49.676818+00:00,ENG01,takeoff,5800,69.2,783.5,5.0,34.0,22.21,0.476,14.2,12.0,22.0,133.3,0.35
2026-08-29T08:24:50.676818+00:00,ENG01,takeoff,5800,69.7,783.5,5.0,34.1,22.2,0.534,14.2,12.0,22.0,133.2,0.35
2026-08-29T08:24:51.676818+00:00,ENG01,takeoff,5800,70.3,783.5,5.0,34.2,22.2,0.488,14.2,12.0,22.0,133.2,0.35
2026-08-29T08:24:52.676818+00:00,ENG01,takeoff,5800,70.8,783.5,5.0,34.4,22.19,0.5,14.2,12.0,22.0,133.2,0.35
2026-08-29T08:24:53.676818+00:00,ENG01,takeoff,5800,71.3,783.5,5.0,34.5,22.19,0.481,14.2,12.0,22.0,133.1,0.35
2026-08-29T08:24:54.676818+00:00,ENG01,takeoff,5800,71.8,783.6,5.0,34.6,22.18,0.48,14.2,12.0,22.0,133.1,0.35
2026-08-29T08:24:55.676818+00:00,ENG01,takeoff,5800,72.4,783.6,5.0,34.8,22.18,0.484,14.2,12.0,22.0,133.1,0.35
2026-08-29T08:24:56.676818+00:00,ENG01,takeoff,5800,72.9,783.6,5.0,34.9,22.17,0.496,14.2,12.0,22.0,133.0,0.35
2026-08-29T08:24:57.676818+00:00,ENG01,takeoff,5800,73.4,783.6,5.0,35.1,22.17,0.475,14.2,12.0,22.0,133.0,0.35
2026-08-29T08:24:58.676818+00:00,ENG01,takeoff,5800,73.9,783.6,5.0,35.2,22.16,0.502,14.2,12.0,22.0,132.9,0.35
2026-08-29T08:24:59.676818+00:00,ENG01,takeoff,5800,74.4,783.6,5.0,35.4,22.16,0.478,14.2,12.0,22.0,132.9,0.35
2026-08-29T08:25:00.676818+00:00,ENG01,takeoff,5800,74.9,783.6,5.0,35.5,22.15,0.494,14.2,12.0,22.0,132.9,0.35
2026-08-29T08:25:01.676818+00:00,ENG01,takeoff,5800,75.4,783.6,5.0,35.6,22.14,0.479,14.2,12.0,22.0,132.8,0.35
2026-08-29T08:25:02.676818+00:00,ENG01,takeoff,5800,75.9,783.6,5.0,35.8,22.14,0.509,14.2,12.0,22.0,132.8,0.35
2026-08-29T08:25:03.676818+00:00,ENG01,takeoff,5800,76.3,783.5,5.0,35.9,22.13,0.47,14.2,12.0,22.0,132.8,0.35
2026-08-29T08:25:04.676818+00:00,ENG01,takeoff,5800,76.8,783.5,5.0,36.1,22.13,0.497,14.2,12.0,22.0,132.7,0.35
2026-08-29T08:25:05.676818+00:00,ENG01,takeoff,5800,77.3,783.5,5.0,36.2,22.12,0.512,14.2,12.0,22.0,132.7,0.35
2026-08-29T08:25:06.676818+00:00,ENG01,takeoff,5800,77.8,783.5,5.0,36.4,22.12,0.48,14.2,12.0,22.0,132.6,0.35
2026-08-29T08:25:07.676818+00:00,ENG01,takeoff,5800,78.2,783.5,5.0,36.5,22.11,0.475,14.2,12.0,22.0,132.6,0.35
2026-08-29T08:25:08.676818+00:00,ENG01,takeoff,5800,78.7,783.5,5.0,36.7,22.11,0.494,14.2,12.0,22.0,132.6,0.35
2026-08-29T08:25:09.676818+00:00,ENG01,takeoff,5800,79.2,783.5,5.0,36.9,22.1,0.486,14.2,12.0,22.0,132.5,0.35
2026-08-29T08:25:10.676818+00:00,ENG01,takeoff,5800,79.6,783.5,5.0,37.0,22.1,0.47,14.2,12.0,22.0,132.5,0.35
2026-08-29T08:25:11.676818+00:00,ENG01,takeoff,5800,80.1,783.5,5.0,37.2,22.09,0.479,14.2,12.0,22.0,132.5,0.35
2026-08-29T08:25:12.676818+00:00,ENG01,takeoff,5800,80.5,783.4,5.0,37.3,22.08,0.48,14.2,12.0,22.0,132.4,0.35
2026-08-29T08:25:13.676818+00:00,ENG01,takeoff,5800,81.0,783.4,5.0,37.5,22.08,0.478,14.2,12.0,22.0,132.4,0.35
2026-08-29T08:25:14.676818+00:00,ENG01,takeoff,5800,81.4,783.4,5.0,37.6,22.07,0.492,14.2,12.0,22.0,132.3,0.35
2026-08-29T08:25:15.676818+00:00,ENG01,takeoff,5800,81.9,783.4,5.0,37.8,22.07,0.484,14.2,12.0,22.0,132.3,0.35
2026-08-29T08:25:16.676818+00:00,ENG01,takeoff,5800,82.3,783.4,5.0,38.0,22.06,0.492,14.2,12.0,22.0,132.3,0.35
2026-08-29T08:25:17.676818+00:00,ENG01,takeoff,5800,82.7,783.4,5.0,38.1,22.06,0.481,14.2,12.0,22.0,132.2,0.35
2026-08-29T08:25:18.676818+00:00,ENG01,takeoff,5800,83.2,783.4,5.0,38.3,22.05,0.515,14.2,12.0,22.0,132.2,0.35
2026-08-29T08:25:19.676818+00:00,ENG01,takeoff,5800,83.6,783.3,5.0,38.4,22.05,0.475,14.2,12.0,22.0,132.2,0.35
2026-08-29T08:25:20.676818+00:00,ENG01,takeoff,5800,84.0,783.3,5.0,38.6,22.04,0.477,14.2,12.0,22.0,132.1,0.35
2026-08-29T08:25:21.676818+00:00,ENG01,takeoff,5800,84.4,783.3,5.0,38.8,22.04,0.499,14.2,12.0,22.0,132.1,0.35
2026-08-29T08:25:22.676818+00:00,ENG01,takeoff,5800,84.9,783.3,5.0,38.9,22.03,0.469,14.2,12.0,22.0,132.1,0.35
2026-08-29T08:25:23.676818+00:00,ENG01,takeoff,5800,85.3,783.3,5.0,39.1,22.03,0.488,14.2,12.0,22.0,132.0,0.35
2026-08-29T08:25:24.676818+00:00,ENG01,takeoff,5800,85.7,783.3,5.0,39.3,22.02,0.476,14.2,12.0,22.0,132.0,0.35
2026-08-29T08:25:25.676818+00:00,ENG01,takeoff,5800,86.1,783.2,5.0,39.4,22.01,0.483,14.2,12.0,22.0,131.9,0.35
2026-08-29T08:25:26.676818+00:00,ENG01,takeoff,5800,86.5,783.2,5.0,39.6,22.01,0.481,14.2,12.0,22.0,131.9,0.35
2026-08-29T08:25:27.676818+00:00,ENG01,takeoff,5800,86.9,783.2,5.0,39.7,22.0,0.498,14.2,12.0,22.0,131.9,0.35
2026-08-29T08:25:28.676818+00:00,ENG01,takeoff,5800,87.3,783.2,5.0,39.9,22.0,0.487,14.2,12.0,22.0,131.8,0.35
2026-08-29T08:25:29.676818+00:00,ENG01,takeoff,5800,87.7,783.2,5.0,40.1,21.99,0.477,14.2,12.0,22.0,131.8,0.35
2026-08-29T08:25:30.676818+00:00,ENG01,takeoff,5800,88.1,783.2,5.0,40.3,21.99,0.534,14.2,12.0,22.0,131.8,0.35
2026-08-29T08:25:31.676818+00:00,ENG01,takeoff,5800,88.5,783.1,5.0,40.4,21.98,0.468,14.2,12.0,22.0,131.7,0.35
2026-08-29T08:25:32.676818+00:00,ENG01,takeoff,5800,88.9,783.1,5.0,40.6,21.98,0.48,14.2,12.0,22.0,131.7,0.35
2026-08-29T08:25:33.676818+00:00,ENG01,takeoff,5800,89.2,783.1,5.0,40.8,21.97,0.473,14.2,12.0,22.0,131.6,0.35
2026-08-29T08:25:34.676818+00:00,ENG01,takeoff,5800,89.6,783.1,5.0,40.9,21.97,0.472,14.2,12.0,22.0,131.6,0.35
2026-08-29T08:25:35.676818+00:00,ENG01,takeoff,5800,90.0,783.1,5.0,41.1,21.96,0.513,14.2,12.0,22.0,131.6,0.35
2026-08-29T08:25:36.676818+00:00,ENG01,takeoff,5800,90.4,783.1,5.0,41.3,21.96,0.497,14.2,12.0,22.0,131.5,0.35
2026-08-29T08:25:37.676818+00:00,ENG01,takeoff,5800,90.7,783.0,5.0,41.4,21.95,0.495,14.2,12.0,22.0,131.5,0.35
2026-08-29T08:25:38.676818+00:00,ENG01,takeoff,5800,91.1,783.0,5.0,41.6,21.95,0.475,14.2,12.0,22.0,131.5,0.35
2026-08-29T08:25:39.676818+00:00,ENG01,takeoff,5800,91.5,783.0,5.0,41.8,21.94,0.475,14.2,12.0,22.0,131.4,0.35
2026-08-29T08:25:40.676818+00:00,ENG01,takeoff,5800,91.8,783.0,5.0,42.0,21.93,0.482,14.2,12.0,22.0,131.4,0.35
2026-08-29T08:25:41.676818+00:00,ENG01,takeoff,5800,92.2,783.0,5.0,42.1,21.93,0.494,14.2,12.0,22.0,131.4,0.35
2026-08-29T08:25:42.676818+00:00,ENG01,takeoff,5800,92.5,782.9,5.0,42.3,21.92,0.512,14.2,12.0,22.0,131.3,0.35
2026-08-29T08:25:43.676818+00:00,ENG01,takeoff,5800,92.9,782.9,5.0,42.5,21.92,0.505,14.2,12.0,22.0,131.3,0.35
2026-08-29T08:25:44.676818+00:00,ENG01,takeoff,5800,93.2,782.9,5.0,42.7,21.91,0.468,14.2,12.0,22.0,131.2,0.35
2026-08-29T08:25:45.676818+00:00,ENG01,takeoff,5800,93.6,782.9,5.0,42.8,21.91,0.468,14.2,12.0,22.0,131.2,0.35
2026-08-29T08:25:46.676818+00:00,ENG01,takeoff,5800,93.9,782.9,5.0,43.0,21.9,0.473,14.2,12.0,22.0,131.2,0.35
2026-08-29T08:25:47.676818+00:00,ENG01,takeoff,5800,94.3,782.9,5.0,43.2,21.9,0.482,14.2,12.0,22.0,131.1,0.35
2026-08-29T08:25:48.676818+00:00,ENG01,takeoff,5800,94.6,782.8,5.0,43.4,21.89,0.491,14.2,12.0,22.0,131.1,0.35
2026-08-29T08:25:49.676818+00:00,ENG01,takeoff,5800,94.9,782.8,5.0,43.5,21.89,0.507,14.2,12.0,22.0,131.1,0.35
2026-08-29T08:25:50.676818+00:00,ENG01,takeoff,5800,95.3,782.8,5.0,43.7,21.88,0.473,14.2,12.0,22.0,131.0,0.35
2026-08-29T08:25:51.676818+00:00,ENG01,takeoff,5800,95.6,782.8,5.0,43.9,21.88,0.473,14.2,12.0,22.0,131.0,0.35
2026-08-29T08:25:52.676818+00:00,ENG01,takeoff,5800,95.9,782.8,5.0,44.1,21.87,0.486,14.2,12.0,22.0,131.0,0.35
2026-08-29T08:25:53.676818+00:00,ENG01,takeoff,5800,96.3,782.7,5.0,44.2,21.86,0.482,14.2,12.0,22.0,130.9,0.35
2026-08-29T08:25:54.676818+00:00,ENG01,takeoff,5800,96.6,782.7,5.0,44.4,21.86,0.47,14.2,12.0,22.0,130.9,0.35
2026-08-29T08:25:55.676818+00:00,ENG01,takeoff,5800,96.9,782.7,5.0,44.6,21.85,0.493,14.2,12.0,22.0,130.8,0.35
2026-08-29T08:25:56.676818+00:00,ENG01,takeoff,5800,97.2,782.7,5.0,44.8,21.85,0.468,14.2,12.0,22.0,130.8,0.35
2026-08-29T08:25:57.676818+00:00,ENG01,takeoff,5800,97.5,782.7,5.0,45.0,21.84,0.479,14.2,12.0,22.0,130.8,0.35
2026-08-29T08:25:58.676818+00:00,ENG01,takeoff,5800,97.8,782.6,5.0,45.1,21.84,0.476,14.2,12.0,22.0,130.7,0.35
2026-08-29T08:25:59.676818+00:00,ENG01,takeoff,5800,98.1,782.6,5.0,45.3,21.83,0.477,14.2,12.0,22.0,130.7,0.35
2026-08-29T08:26:00.676818+00:00,ENG01,takeoff,5800,98.5,782.6,5.0,45.5,21.83,0.509,14.2,12.0,22.0,130.7,0.35
2026-08-29T08:26:01.676818+00:00,ENG01,takeoff,5800,98.8,782.6,5.0,45.7,21.82,0.468,14.2,12.0,22.0,130.6,0.35
2026-08-29T08:26:02.676818+00:00,ENG01,takeoff,5800,99.1,782.6,5.0,45.9,21.82,0.47,14.2,12.0,22.0,130.6,0.35
2026-08-29T08:26:03.676818+00:00,ENG01,takeoff,5800,99.4,782.5,5.0,46.0,21.81,0.472,14.2,12.0,22.0,130.6,0.35
2026-08-29T08:26:04.676818+00:00,ENG01,takeoff,5800,99.7,782.5,5.0,46.2,21.81,0.479,14.2,12.0,22.0,130.5,0.35
2026-08-29T08:26:05.676818+00:00,ENG01,takeoff,5800,99.9,782.5,5.0,46.4,21.8,0.472,14.2,12.0,22.0,130.5,0.35
2026-08-29T08:26:06.676818+00:00,ENG01,takeoff,5800,100.2,782.5,5.0,46.6,21.8,0.499,14.2,12.0,22.0,130.4,0.35
2026-08-29T08:26:07.676818+00:00,ENG01,takeoff,5800,100.5,782.5,5.0,46.8,21.79,0.466,14.2,12.0,22.0,130.4,0.35
2026-08-29T08:26:08.676818+00:00,ENG01,takeoff,5800,100.8,782.4,5.0,46.9,21.78,0.475,14.2,12.0,22.0,130.4,0.35
2026-08-29T08:26:09.676818+00:00,ENG01,takeoff,5800,101.1,782.4,5.0,47.1,21.78,0.476,14.2,12.0,22.0,130.3,0.35
2026-08-29T08:26:10.676818+00:00,ENG01,takeoff,5800,101.4,782.4,5.0,47.3,21.77,0.466,14.2,12.0,22.0,130.3,0.35
2026-08-29T08:26:11.676818+00:00,ENG01,takeoff,5800,101.7,782.4,5.0,47.5,21.77,0.49,14.2,12.0,22.0,130.3,0.35
2026-08-29T08:26:12.676818+00:00,ENG01,takeoff,5800,101.9,782.4,5.0,47.7,21.76,0.467,14.2,12.0,22.0,130.2,0.35
2026-08-29T08:26:13.676818+00:00,ENG01,takeoff,5800,102.2,782.3,5.0,47.8,21.76,0.466,14.2,12.0,22.0,130.2,0.35
2026-08-29T08:26:14.676818+00:00,ENG01,takeoff,5800,102.5,782.3,5.0,48.0,21.75,0.501,14.2,12.0,22.0,130.2,0.35
2026-08-29T08:26:15.676818+00:00,ENG01,takeoff,5800,102.8,782.3,5.0,48.2,21.75,0.483,14.2,12.0,22.0,130.1,0.35
2026-08-29T08:26:16.676818+00:00,ENG01,takeoff,5800,103.0,782.3,5.0,48.4,21.74,0.485,14.2,12.0,22.0,130.1,0.35
2026-08-29T08:26:17.676818+00:00,ENG01,takeoff,5800,103.3,782.3,5.0,48.6,21.74,0.478,14.2,12.0,22.0,130.0,0.35
2026-08-29T08:26:18.676818+00:00,ENG01,takeoff,5800,103.6,782.2,5.0,48.7,21.73,0.477,14.2,12.0,22.0,130.0,0.35
2026-08-29T08:26:19.676818+00:00,ENG01,takeoff,5800,103.8,782.2,5.0,48.9,21.73,0.487,14.2,12.0,22.0,130.0,0.35
2026-08-29T08:26:20.676818+00:00,ENG01,takeoff,5800,104.1,782.2,5.0,49.1,21.72,0.47,14.2,12.0,22.0,129.9,0.35
2026-08-29T08:26:21.676818+00:00,ENG01,takeoff,5800,104.3,782.2,5.0,49.3,21.72,0.472,14.2,12.0,22.0,129.9,0.35
2026-08-29T08:26:22.676818+00:00,ENG01,takeoff,5800,104.6,782.2,5.0,49.5,21.71,0.479,14.2,12.0,22.0,129.9,0.35
2026-08-29T08:26:23.676818+00:00,ENG01,takeoff,5800,104.8,782.1,5.0,49.6,21.71,0.504,14.2,12.0,22.0,129.8,0.35
2026-08-29T08:26:24.676818+00:00,ENG01,takeoff,5800,105.1,782.1,5.0,49.8,21.7,0.475,14.2,12.0,22.0,129.8,0.35
2026-08-29T08:26:25.676818+00:00,ENG01,takeoff,5800,105.3,782.1,5.0,50.0,21.69,0.502,14.2,12.0,22.0,129.8,0.35
2026-08-29T08:26:26.676818+00:00,ENG01,takeoff,5800,105.6,782.1,5.0,50.2,21.69,0.474,14.2,12.0,22.0,129.7,0.35
2026-08-29T08:26:27.676818+00:00,ENG01,takeoff,5800,105.8,782.0,5.0,50.4,21.68,0.471,14.2,12.0,22.0,129.7,0.35
2026-08-29T08:26:28.676818+00:00,ENG01,takeoff,5800,106.1,782.0,5.0,50.6,21.68,0.463,14.2,12.0,22.0,129.6,0.35
2026-08-29T08:26:29.676818+00:00,ENG01,takeoff,5800,106.3,782.0,5.0,50.7,21.67,0.473,14.2,12.0,22.0,129.6,0.35
2026-08-29T08:26:30.676818+00:00,ENG01,takeoff,5800,106.5,782.0,5.0,50.9,21.67,0.471,14.2,12.0,22.0,129.6,0.35
2026-08-29T08:26:31.676818+00:00,ENG01,takeoff,5800,106.8,782.0,5.0,51.1,21.66,0.504,14.2,12.0,22.0,129.5,0.35
2026-08-29T08:26:32.676818+00:00,ENG01,takeoff,5800,107.0,781.9,5.0,51.3,21.66,0.486,14.2,12.0,22.0,129.5,0.35
2026-08-29T08:26:33.676818+00:00,ENG01,takeoff,5800,107.2,781.9,5.0,51.5,21.65,0.478,14.2,12.0,22.0,129.5,0.35
2026-08-29T08:26:34.676818+00:00,ENG01,takeoff,5800,107.5,781.9,5.0,51.6,21.65,0.489,14.2,12.0,22.0,129.4,0.35
2026-08-29T08:26:35.676818+00:00,ENG01,takeoff,5800,107.7,781.9,5.0,51.8,21.64,0.501,14.2,12.0,22.0,129.4,0.35
2026-08-29T08:26:36.676818+00:00,ENG01,takeoff,5800,107.9,781.8,5.0,52.0,21.64,0.499,14.2,12.0,22.0,129.4,0.35
2026-08-29T08:26:37.676818+00:00,ENG01,takeoff,5800,108.2,781.8,5.0,52.2,21.63,0.504,14.2,12.0,22.0,129.3,0.35
2026-08-29T08:26:38.676818+00:00,ENG01,takeoff,5800,108.4,781.8,5.0,52.4,21.63,0.478,14.2,12.0,22.0,129.3,0.35
2026-08-29T08:26:39.676818+00:00,ENG01,takeoff,5800,108.6,781.8,5.0,52.5,21.62,0.501,14.2,12.0,22.0,129.2,0.35
2026-08-29T08:26:40.676818+00:00,ENG01,takeoff,5800,108.8,781.8,5.0,52.7,21.62,0.495,14.2,12.0,22.0,129.2,0.35
2026-08-29T08:26:41.676818+00:00,ENG01,takeoff,5800,109.0,781.7,5.0,52.9,21.61,0.467,14.2,12.0,22.0,129.2,0.35
2026-08-29T08:26:42.676818+00:00,ENG01,takeoff,5800,109.2,781.7,5.0,53.1,21.6,0.485,14.2,12.0,22.0,129.1,0.35
2026-08-29T08:26:43.676818+00:00,ENG01,takeoff,5800,109.5,781.7,5.0,53.3,21.6,0.502,14.2,12.0,22.0,129.1,0.35
2026-08-29T08:26:44.676818+00:00,ENG01,takeoff,5800,109.7,781.7,5.0,53.4,21.59,0.475,14.2,12.0,22.0,129.1,0.35
2026-08-29T08:26:45.676818+00:00,ENG01,takeoff,5800,109.9,781.6,5.0,53.6,21.59,0.5,14.2,12.0,22.0,129.0,0.35
2026-08-29T08:26:46.676818+00:00,ENG01,takeoff,5800,110.1,781.6,5.0,53.8,21.58,0.468,14.2,12.0,22.0,129.0,0.35
2026-08-29T08:26:47.676818+00:00,ENG01,takeoff,5800,110.3,781.6,5.0,54.0,21.58,0.477,14.2,12.0,22.0,129.0,0.35
2026-08-29T08:26:48.676818+00:00,ENG01,takeoff,5800,110.5,781.6,5.0,54.2,21.57,0.464,14.2,12.0,22.0,128.9,0.35
2026-08-29T08:26:49.676818+00:00,ENG01,takeoff,5800,110.7,781.5,5.0,54.3,21.57,0.471,14.2,12.0,22.0,128.9,0.35
2026-08-29T08:26:50.676818+00:00,ENG01,takeoff,5800,110.9,781.5,5.0,54.5,21.56,0.489,14.2,12.0,22.0,128.9,0.35
2026-08-29T08:26:51.676818+00:00,ENG01,takeoff,5800,111.1,781.5,5.0,54.7,21.56,0.49,14.2,12.0,22.0,128.8,0.35
2026-08-29T08:26:52.676818+00:00,ENG01,takeoff,5800,111.3,781.5,5.0,54.9,21.55,0.468,14.2,12.0,22.0,128.8,0.35
2026-08-29T08:26:53.676818+00:00,ENG01,takeoff,5800,111.5,781.4,5.0,55.1,21.55,0.498,14.2,12.0,22.0,128.7,0.35
2026-08-29T08:26:54.676818+00:00,ENG01,takeoff,5800,111.7,781.4,5.0,55.2,21.54,0.478,14.2,12.0,22.0,128.7,0.35
2026-08-29T08:26:55.676818+00:00,ENG01,takeoff,5800,111.9,781.4,5.0,55.4,21.54,0.466,14.2,12.0,22.0,128.7,0.35
2026-08-29T08:26:56.676818+00:00,ENG01,takeoff,5800,112.1,781.4,5.0,55.6,21.53,0.465,14.2,12.0,22.0,128.6,0.35
2026-08-29T08:26:57.676818+00:00,ENG01,takeoff,5800,112.2,781.4,5.0,55.8,21.53,0.475,14.2,12.0,22.0,128.6,0.35
2026-08-29T08:26:58.676818+00:00,ENG01,takeoff,5800,112.4,781.3,5.0,56.0,21.52,0.474,14.2,12.0,22.0,128.6,0.35
2026-08-29T08:26:59.676818+00:00,ENG01,takeoff,5800,112.6,781.3,5.0,56.1,21.52,0.463,14.2,12.0,22.0,128.5,0.35
2026-08-29T08:27:00.676818+00:00,ENG01,takeoff,5800,112.8,781.3,5.0,56.3,21.51,0.48,14.2,12.0,22.0,128.5,0.35
2026-08-29T08:27:01.676818+00:00,ENG01,takeoff,5800,113.0,781.3,5.0,56.5,21.5,0.496,14.2,12.0,22.0,128.5,0.35
2026-08-29T08:27:02.676818+00:00,ENG01,takeoff,5800,113.2,781.2,5.0,56.7,21.5,0.477,14.2,12.0,22.0,128.4,0.35
2026-08-29T08:27:03.676818+00:00,ENG01,takeoff,5800,113.3,781.2,5.0,56.8,21.49,0.464,14.2,12.0,22.0,128.4,0.35
2026-08-29T08:27:04.676818+00:00,ENG01,takeoff,5800,113.5,781.2,5.0,57.0,21.49,0.473,14.2,12.0,22.0,128.4,0.35
2026-08-29T08:27:05.676818+00:00,ENG01,takeoff,5800,113.7,781.2,5.0,57.2,21.48,0.476,14.2,12.0,22.0,128.3,0.35
2026-08-29T08:27:06.676818+00:00,ENG01,takeoff,5800,113.9,781.1,5.0,57.4,21.48,0.485,14.2,12.0,22.0,128.3,0.35
2026-08-29T08:27:07.676818+00:00,ENG01,takeoff,5800,114.0,781.1,5.0,57.5,21.47,0.463,14.2,12.0,22.0,128.2,0.35
2026-08-29T08:27:08.676818+00:00,ENG01,takeoff,5800,114.2,781.1,5.0,57.7,21.47,0.47,14.2,12.0,22.0,128.2,0.35
2026-08-29T08:27:09.676818+00:00,ENG01,takeoff,5800,114.4,781.1,5.0,57.9,21.46,0.464,14.2,12.0,22.0,128.2,0.35
2026-08-29T08:27:10.676818+00:00,ENG01,takeoff,5800,114.5,781.0,5.0,58.1,21.46,0.473,14.2,12.0,22.0,128.1,0.35
2026-08-29T08:27:11.676818+00:00,ENG01,takeoff,5800,114.7,781.0,5.0,58.2,21.45,0.463,14.2,12.0,22.0,128.1,0.35
2026-08-29T08:27:12.676818+00:00,ENG01,takeoff,5800,114.9,781.0,5.0,58.4,21.45,0.475,14.2,12.0,22.0,128.1,0.35
2026-08-29T08:27:13.676818+00:00,ENG01,takeoff,5800,115.0,781.0,5.0,58.6,21.44,0.464,14.2,12.0,22.0,128.0,0.35
2026-08-29T08:27:14.676818+00:00,ENG01,takeoff,5800,115.2,780.9,5.0,58.8,21.44,0.477,14.2,12.0,22.0,128.0,0.35
2026-08-29T08:27:15.676818+00:00,ENG01,takeoff,5800,115.3,780.9,5.0,58.9,21.43,0.473,14.2,12.0,22.0,128.0,0.35
2026-08-29T08:27:16.676818+00:00,ENG01,takeoff,5800,115.5,780.9,5.0,59.1,21.43,0.462,14.2,12.0,22.0,127.9,0.35
2026-08-29T08:27:17.676818+00:00,ENG01,takeoff,5800,115.7,780.9,5.0,59.3,21.42,0.477,14.2,12.0,22.0,127.9,0.35
2026-08-29T08:27:18.676818+00:00,ENG01,takeoff,5800,115.8,780.8,5.0,59.5,21.42,0.479,14.2,12.0,22.0,127.9,0.35
2026-08-29T08:27:19.676818+00:00,ENG01,takeoff,5800,116.0,780.8,5.0,59.6,21.41,0.474,14.2,12.0,22.0,127.8,0.35
2026-08-29T08:27:20.676818+00:00,ENG01,takeoff,5800,116.1,780.8,5.0,59.8,21.4,0.479,14.2,12.0,22.0,127.8,0.35
2026-08-29T08:27:21.676818+00:00,ENG01,takeoff,5800,116.3,780.8,5.0,60.0,21.4,0.477,14.2,12.0,22.0,127.7,0.35
2026-08-29T08:27:22.676818+00:00,ENG01,takeoff,5800,116.4,780.7,5.0,60.2,21.39,0.46,14.2,12.0,22.0,127.7,0.35
2026-08-29T08:27:23.676818+00:00,ENG01,takeoff,5800,116.6,780.7,5.0,60.3,21.39,0.491,14.2,12.0,22.0,127.7,0.35
2026-08-29T08:27:24.676818+00:00,ENG01,takeoff,5800,116.7,780.7,5.0,60.5,21.38,0.505,14.2,12.0,22.0,127.6,0.35
2026-08-29T08:27:25.676818+00:00,ENG01,takeoff,5800,116.9,780.7,5.0,60.7,21.38,0.46,14.2,12.0,22.0,127.6,0.35
2026-08-29T08:27:26.676818+00:00,ENG01,takeoff,5800,117.0,780.6,5.0,60.8,21.37,0.49,14.2,12.0,22.0,127.6,0.35
2026-08-29T08:27:27.676818+00:00,ENG01,takeoff,5800,117.1,780.6,5.0,61.0,21.37,0.467,14.2,12.0,22.0,127.5,0.35
2026-08-29T08:27:28.676818+00:00,ENG01,takeoff,5800,117.3,780.6,5.0,61.2,21.36,0.461,14.2,12.0,22.0,127.5,0.35
2026-08-29T08:27:29.676818+00:00,ENG01,takeoff,5800,117.4,780.5,5.0,61.3,21.36,0.489,14.2,12.0,22.0,127.5,0.35
2026-08-29T08:27:30.676818+00:00,ENG01,takeoff,5800,117.6,780.5,5.0,61.5,21.35,0.464,14.2,12.0,22.0,127.4,0.35
2026-08-29T08:27:31.676818+00:00,ENG01,takeoff,5800,117.7,780.5,5.0,61.7,21.35,0.465,14.2,12.0,22.0,127.4,0.35
2026-08-29T08:27:32.676818+00:00,ENG01,takeoff,5800,117.8,780.5,5.0,61.9,21.34,0.468,14.2,12.0,22.0,127.4,0.35
2026-08-29T08:27:33.676818+00:00,ENG01,takeoff,5800,118.0,780.4,5.0,62.0,21.34,0.474,14.2,12.0,22.0,127.3,0.35
2026-08-29T08:27:34.676818+00:00,ENG01,takeoff,5800,118.1,780.4,5.0,62.2,21.33,0.474,14.2,12.0,22.0,127.3,0.35
2026-08-29T08:27:35.676818+00:00,ENG01,takeoff,5800,118.2,780.4,5.0,62.4,21.33,0.494,14.2,12.0,22.0,127.3,0.35
2026-08-29T08:27:36.676818+00:00,ENG01,takeoff,5800,118.4,780.4,5.0,62.5,21.32,0.462,14.2,12.0,22.0,127.2,0.35
2026-08-29T08:27:37.676818+00:00,ENG01,takeoff,5800,118.5,780.3,5.0,62.7,21.32,0.475,14.2,12.0,22.0,127.2,0.35
2026-08-29T08:27:38.676818+00:00,ENG01,takeoff,5800,118.6,780.3,5.0,62.9,21.31,0.466,14.2,12.0,22.0,127.1,0.35
2026-08-29T08:27:39.676818+00:00,ENG01,takeoff,5800,118.7,780.3,5.0,63.0,21.31,0.477,14.2,12.0,22.0,127.1,0.35
2026-08-29T08:27:40.676818+00:00,ENG01,takeoff,5800,118.9,780.3,5.0,63.2,21.3,0.472,14.2,12.0,22.0,127.1,0.35
2026-08-29T08:27:41.676818+00:00,ENG01,takeoff,5800,119.0,780.2,5.0,63.4,21.3,0.468,14.2,12.0,22.0,127.0,0.35
2026-08-29T08:27:42.676818+00:00,ENG01,takeoff,5800,119.1,780.2,5.0,63.5,21.29,0.473,14.2,12.0,22.0,127.0,0.35
2026-08-29T08:27:43.676818+00:00,ENG01,takeoff,5800,119.2,780.2,5.0,63.7,21.29,0.473,14.2,12.0,22.0,127.0,0.35
2026-08-29T08:27:44.676818+00:00,ENG01,takeoff,5800,119.4,780.1,5.0,63.8,21.28,0.486,14.2,12.0,22.0,126.9,0.35
2026-08-29T08:27:45.676818+00:00,ENG01,takeoff,5800,119.5,780.1,5.0,64.0,21.27,0.469,14.2,12.0,22.0,126.9,0.35
2026-08-29T08:27:46.676818+00:00,ENG01,takeoff,5800,119.6,780.1,5.0,64.2,21.27,0.48,14.2,12.0,22.0,126.9,0.35
2026-08-29T08:27:47.676818+00:00,ENG01,takeoff,5800,119.7,780.1,5.0,64.3,21.26,0.474,14.2,12.0,22.0,126.8,0.35
2026-08-29T08:27:48.676818+00:00,ENG01,takeoff,5800,119.8,780.0,5.0,64.5,21.26,0.466,14.2,12.0,22.0,126.8,0.35
2026-08-29T08:27:49.676818+00:00,ENG01,takeoff,5800,119.9,780.0,5.0,64.7,21.25,0.481,14.2,12.0,22.0,126.8,0.35
2026-08-29T08:27:50.676818+00:00,ENG01,takeoff,5800,120.1,780.0,5.0,64.8,21.25,0.474,14.2,12.0,22.0,126.7,0.35
2026-08-29T08:27:51.676818+00:00,ENG01,takeoff,5800,120.2,779.9,5.0,65.0,21.24,0.457,14.2,12.0,22.0,126.7,0.35
2026-08-29T08:27:52.676818+00:00,ENG01,takeoff,5800,120.3,779.9,5.0,65.2,21.24,0.481,14.2,12.0,22.0,126.7,0.35
2026-08-29T08:27:53.676818+00:00,ENG01,takeoff,5800,120.4,779.9,5.0,65.3,21.23,0.469,14.2,12.0,22.0,126.6,0.35
2026-08-29T08:27:54.676818+00:00,ENG01,takeoff,5800,120.5,779.9,5.0,65.5,21.23,0.47,14.2,12.0,22.0,126.6,0.35
2026-08-29T08:27:55.676818+00:00,ENG01,takeoff,5800,120.6,779.8,5.0,65.6,21.22,0.476,14.2,12.0,22.0,126.5,0.35
2026-08-29T08:27:56.676818+00:00,ENG01,takeoff,5800,120.7,779.8,5.0,65.8,21.22,0.47,14.2,12.0,22.0,126.5,0.35
2026-08-29T08:27:57.676818+00:00,ENG01,takeoff,5800,120.8,779.8,5.0,66.0,21.21,0.462,14.2,12.0,22.0,126.5,0.35
2026-08-29T08:27:58.676818+00:00,ENG01,takeoff,5800,120.9,779.8,5.0,66.1,21.21,0.499,14.2,12.0,22.0,126.4,0.35
2026-08-29T08:27:59.676818+00:00,ENG01,takeoff,5800,121.0,779.7,5.0,66.3,21.2,0.464,14.2,12.0,22.0,126.4,0.35
2026-08-29T08:28:00.676818+00:00,ENG01,takeoff,5800,121.1,779.7,5.0,66.4,21.2,0.46,14.2,12.0,22.0,126.4,0.35
2026-08-29T08:28:01.676818+00:00,ENG01,takeoff,5800,121.2,779.7,5.0,66.6,21.19,0.468,14.2,12.0,22.0,126.3,0.35
2026-08-29T08:28:02.676818+00:00,ENG01,takeoff,5800,121.3,779.6,5.0,66.7,21.19,0.477,14.2,12.0,22.0,126.3,0.35
2026-08-29T08:28:03.676818+00:00,ENG01,takeoff,5800,121.4,779.6,5.0,66.9,21.18,0.469,14.2,12.0,22.0,126.3,0.35
2026-08-29T08:28:04.676818+00:00,ENG01,takeoff,5800,121.5,779.6,5.0,67.1,21.18,0.469,14.2,12.0,22.0,126.2,0.35
2026-08-29T08:28:05.676818+00:00,ENG01,takeoff,5800,121.6,779.6,5.0,67.2,21.17,0.47,14.2,12.0,22.0,126.2,0.35
2026-08-29T08:28:06.676818+00:00,ENG01,takeoff,5800,121.7,779.5,5.0,67.4,21.17,0.47,14.2,12.0,22.0,126.2,0.35
2026-08-29T08:28:07.676818+00:00,ENG01,takeoff,5800,121.8,779.5,5.0,67.5,21.16,0.487,14.2,12.0,22.0,126.1,0.35
2026-08-29T08:28:08.676818+00:00,ENG01,takeoff,5800,121.9,779.5,5.0,67.7,21.16,0.463,14.2,12.0,22.0,126.1,0.35
2026-08-29T08:28:09.676818+00:00,ENG01,takeoff,5800,122.0,779.4,5.0,67.8,21.15,0.469,14.2,12.0,22.0,126.1,0.35
2026-08-29T08:28:10.676818+00:00,ENG01,takeoff,5800,122.1,779.4,5.0,68.0,21.15,0.457,14.2,12.0,22.0,126.0,0.35
2026-08-29T08:28:11.676818+00:00,ENG01,takeoff,5800,122.2,779.4,5.0,68.1,21.14,0.46,14.2,12.0,22.0,126.0,0.35
2026-08-29T08:28:12.676818+00:00,ENG01,takeoff,5800,122.3,779.3,5.0,68.3,21.13,0.457,14.2,12.0,22.0,126.0,0.35
2026-08-29T08:28:13.676818+00:00,ENG01,takeoff,5800,122.4,779.3,5.0,68.5,21.13,0.479,14.2,12.0,22.0,125.9,0.35
2026-08-29T08:28:14.676818+00:00,ENG01,takeoff,5800,122.4,779.3,5.0,68.6,21.12,0.46,14.2,12.0,22.0,125.9,0.35
2026-08-29T08:28:15.676818+00:00,ENG01,takeoff,5800,122.5,779.3,5.0,68.8,21.12,0.462,14.2,12.0,22.0,125.8,0.35
2026-08-29T08:28:16.676818+00:00,ENG01,climb,5800,122.5,779.2,5.0,68.9,21.11,0.48,14.2,10.0,22.0,125.8,0.35
2026-08-29T08:28:17.676818+00:00,ENG01,climb,5800,122.5,779.2,5.0,69.1,21.11,0.47,14.2,10.0,22.0,125.8,0.35
2026-08-29T08:28:18.676818+00:00,ENG01,climb,5799,122.5,779.2,5.0,69.2,21.1,0.466,14.2,10.0,22.0,125.7,0.35
2026-08-29T08:28:19.676818+00:00,ENG01,climb,5799,122.5,779.1,5.0,69.4,21.1,0.484,14.2,10.0,22.0,125.7,0.35
2026-08-29T08:28:20.676818+00:00,ENG01,climb,5799,122.5,779.1,5.0,69.5,21.09,0.47,14.2,10.0,22.0,125.7,0.35
2026-08-29T08:28:21.676818+00:00,ENG01,climb,5798,122.5,779.1,5.0,69.7,21.09,0.456,14.2,10.0,22.0,125.6,0.35
2026-08-29T08:28:22.676818+00:00,ENG01,climb,5798,122.5,779.1,5.0,69.8,21.08,0.456,14.2,10.0,22.0,125.6,0.35
2026-08-29T08:28:23.676818+00:00,ENG01,climb,5798,122.5,779.0,5.0,69.9,21.08,0.457,14.2,10.0,22.0,125.6,0.35
2026-08-29T08:28:24.676818+00:00,ENG01,climb,5797,122.4,779.0,5.0,70.1,21.07,0.455,14.2,10.0,22.0,125.5,0.35
2026-08-29T08:28:25.676818+00:00,ENG01,climb,5797,122.4,779.0,5.0,70.2,21.07,0.489,14.2,10.0,22.0,125.5,0.35
2026-08-29T08:28:26.676818+00:00,ENG01,climb,5797,122.4,778.9,5.0,70.4,21.06,0.471,14.2,10.0,22.0,125.5,0.35
2026-08-29T08:28:27.676818+00:00,ENG01,climb,5796,122.4,778.9,5.0,70.5,21.06,0.468,14.2,10.0,22.0,125.4,0.35
2026-08-29T08:28:28.676818+00:00,ENG01,climb,5796,122.4,778.9,4.99,70.7,21.05,0.477,14.2,10.0,22.0,125.4,0.35
2026-08-29T08:28:29.676818+00:00,ENG01,climb,5796,122.4,778.8,4.99,70.8,21.05,0.499,14.2,10.0,22.0,125.4,0.35
2026-08-29T08:28:30.676818+00:00,ENG01,climb,5795,122.4,778.8,4.99,71.0,21.04,0.461,14.2,10.0,22.0,125.3,0.35
2026-08-29T08:28:31.676818+00:00,ENG01,climb,5795,122.4,778.8,4.99,71.1,21.04,0.455,14.2,10.0,22.0,125.3,0.35
2026-08-29T08:28:32.676818+00:00,ENG01,climb,5795,122.4,778.8,4.99,71.2,21.03,0.454,14.2,10.0,22.0,125.3,0.35
2026-08-29T08:28:33.676818+00:00,ENG01,climb,5794,122.3,778.7,4.99,71.4,21.03,0.493,14.2,10.0,22.0,125.2,0.35
2026-08-29T08:28:34.676818+00:00,ENG01,climb,5794,122.3,778.7,4.99,71.5,21.02,0.489,14.2,10.0,22.0,125.2,0.35
2026-08-29T08:28:35.676818+00:00,ENG01,climb,5794,122.3,778.7,4.99,71.6,21.02,0.464,14.2,10.0,22.0,125.2,0.35
2026-08-29T08:28:36.676818+00:00,ENG01,climb,5793,122.3,778.6,4.99,71.8,21.01,0.483,14.2,10.0,22.0,125.1,0.35
2026-08-29T08:28:37.676818+00:00,ENG01,climb,5793,122.3,778.6,4.99,71.9,21.01,0.505,14.2,10.0,22.0,125.1,0.35
2026-08-29T08:28:38.676818+00:00,ENG01,climb,5793,122.3,778.6,4.99,72.1,21.0,0.494,14.2,10.0,22.0,125.1,0.35
2026-08-29T08:28:39.676818+00:00,ENG01,climb,5792,122.3,778.5,4.99,72.2,21.0,0.481,14.2,10.0,22.0,125.0,0.35
2026-08-29T08:28:40.676818+00:00,ENG01,climb,5792,122.3,778.5,4.99,72.3,20.99,0.475,14.2,10.0,22.0,125.0,0.35
2026-08-29T08:28:41.676818+00:00,ENG01,climb,5792,122.2,778.5,4.99,72.5,20.98,0.471,14.2,10.0,22.0,125.0,0.35
2026-08-29T08:28:42.676818+00:00,ENG01,climb,5791,122.2,778.5,4.99,72.6,20.98,0.458,14.2,10.0,22.0,124.9,0.35
2026-08-29T08:28:43.676818+00:00,ENG01,climb,5791,122.2,778.4,4.99,72.7,20.97,0.477,14.2,10.0,22.0,124.9,0.35
2026-08-29T08:28:44.676818+00:00,ENG01,climb,5791,122.2,778.4,4.99,72.9,20.97,0.465,14.2,10.0,21.9,124.9,0.35
2026-08-29T08:28:45.676818+00:00,ENG01,climb,5790,122.2,778.4,4.99,73.0,20.96,0.475,14.2,10.0,21.9,124.8,0.35
2026-08-29T08:28:46.676818+00:00,ENG01,climb,5790,122.2,778.3,4.99,73.1,20.96,0.479,14.2,10.0,21.9,124.8,0.35
2026-08-29T08:28:47.676818+00:00,ENG01,climb,5790,122.1,778.3,4.99,73.2,20.95,0.473,14.2,10.0,21.9,124.8,0.35
2026-08-29T08:28:48.676818+00:00,ENG01,climb,5789,122.1,778.3,4.99,73.4,20.95,0.468,14.2,10.0,21.9,124.7,0.35
2026-08-29T08:28:49.676818+00:00,ENG01,climb,5789,122.1,778.2,4.99,73.5,20.94,0.455,14.2,10.0,21.9,124.7,0.35
2026-08-29T08:28:50.676818+00:00,ENG01,climb,5789,122.1,778.2,4.99,73.6,20.94,0.453,14.2,10.0,21.9,124.7,0.35
2026-08-29T08:28:51.676818+00:00,ENG01,climb,5788,122.1,778.2,4.98,73.8,20.93,0.481,14.2,10.0,21.9,124.6,0.35
2026-08-29T08:28:52.676818+00:00,ENG01,climb,5788,122.1,778.2,4.98,73.9,20.93,0.455,14.2,10.0,21.9,124.6,0.35
2026-08-29T08:28:53.676818+00:00,ENG01,climb,5788,122.1,778.1,4.98,74.0,20.92,0.476,14.2,10.0,21.9,124.6,0.35
2026-08-29T08:28:54.676818+00:00,ENG01,climb,5787,122.0,778.1,4.98,74.1,20.92,0.463,14.2,10.0,21.9,124.5,0.35
2026-08-29T08:28:55.676818+00:00,ENG01,climb,5787,122.0,778.1,4.98,74.3,20.91,0.464,14.2,10.0,21.9,124.5,0.35
2026-08-29T08:28:56.676818+00:00,ENG01,climb,5787,122.0,778.0,4.98,74.4,20.91,0.467,14.2,10.0,21.9,124.5,0.35
2026-08-29T08:28:57.676818+00:00,ENG01,climb,5786,122.0,778.0,4.98,74.5,20.9,0.46,14.2,10.0,21.9,124.4,0.35
2026-08-29T08:28:58.676818+00:00,ENG01,climb,5786,122.0,778.0,4.98,74.6,20.9,0.454,14.2,10.0,21.9,124.4,0.35
2026-08-29T08:28:59.676818+00:00,ENG01,climb,5786,121.9,777.9,4.98,74.8,20.89,0.469,14.2,10.0,21.9,124.4,0.35
2026-08-29T08:29:00.676818+00:00,ENG01,climb,5785,121.9,777.9,4.98,74.9,20.89,0.462,14.2,10.0,21.9,124.3,0.35
2026-08-29T08:29:01.676818+00:00,ENG01,climb,5785,121.9,777.9,4.98,75.0,20.88,0.454,14.2,10.0,21.9,124.3,0.35
2026-08-29T08:29:02.676818+00:00,ENG01,climb,5785,121.9,777.8,4.98,75.1,20.88,0.455,14.2,10.0,21.9,124.3,0.35
2026-08-29T08:29:03.676818+00:00,ENG01,climb,5784,121.9,777.8,4.98,75.2,20.87,0.482,14.2,10.0,21.9,124.2,0.35
2026-08-29T08:29:04.676818+00:00,ENG01,climb,5784,121.9,777.8,4.98,75.4,20.87,0.453,14.2,10.0,21.9,124.2,0.35
2026-08-29T08:29:05.676818+00:00,ENG01,climb,5784,121.8,777.8,4.98,75.5,20.86,0.458,14.2,10.0,21.9,124.2,0.35
2026-08-29T08:29:06.676818+00:00,ENG01,climb,5783,121.8,777.7,4.98,75.6,20.86,0.472,14.2,10.0,21.9,124.1,0.35
2026-08-29T08:29:07.676818+00:00,ENG01,climb,5783,121.8,777.7,4.98,75.7,20.85,0.465,14.2,10.0,21.9,124.1,0.35
2026-08-29T08:29:08.676818+00:00,ENG01,climb,5783,121.8,777.7,4.98,75.8,20.85,0.463,14.2,10.0,21.9,124.1,0.35
2026-08-29T08:29:09.676818+00:00,ENG01,climb,5782,121.8,777.6,4.98,75.9,20.84,0.458,14.2,10.0,21.9,124.0,0.35
2026-08-29T08:29:10.676818+00:00,ENG01,climb,5782,121.7,777.6,4.98,76.1,20.84,0.489,14.2,10.0,21.9,124.0,0.35
2026-08-29T08:29:11.676818+00:00,ENG01,climb,5782,121.7,777.6,4.98,76.2,20.83,0.472,14.2,10.0,21.9,124.0,0.35
2026-08-29T08:29:12.676818+00:00,ENG01,climb,5781,121.7,777.5,4.98,76.3,20.82,0.477,14.2,10.0,21.9,124.0,0.35
2026-08-29T08:29:13.676818+00:00,ENG01,climb,5781,121.7,777.5,4.98,76.4,20.82,0.466,14.2,10.0,21.9,123.9,0.35
2026-08-29T08:29:14.676818+00:00,ENG01,climb,5781,121.7,777.5,4.97,76.5,20.81,0.472,14.2,10.0,21.9,123.9,0.35
2026-08-29T08:29:15.676818+00:00,ENG01,climb,5780,121.6,777.4,4.97,76.6,20.81,0.477,14.2,10.0,21.9,123.9,0.35
2026-08-29T08:29:16.676818+00:00,ENG01,climb,5780,121.6,777.4,4.97,76.7,20.8,0.452,14.2,10.0,21.9,123.8,0.35
2026-08-29T08:29:17.676818+00:00,ENG01,climb,5780,121.6,777.4,4.97,76.8,20.8,0.452,14.2,10.0,21.9,123.8,0.35
2026-08-29T08:29:18.676818+00:00,ENG01,climb,5779,121.6,777.3,4.97,77.0,20.79,0.47,14.2,10.0,21.9,123.8,0.35
2026-08-29T08:29:19.676818+00:00,ENG01,climb,5779,121.5,777.3,4.97,77.1,20.79,0.477,14.2,10.0,21.9,123.7,0.35
2026-08-29T08:29:20.676818+00:00,ENG01,climb,5779,121.5,777.3,4.97,77.2,20.78,0.48,14.2,10.0,21.9,123.7,0.35
2026-08-29T08:29:21.676818+00:00,ENG01,climb,5778,121.5,777.2,4.97,77.3,20.78,0.489,14.2,10.0,21.9,123.7,0.35
2026-08-29T08:29:22.676818+00:00,ENG01,climb,5778,121.5,777.2,4.97,77.4,20.77,0.479,14.2,10.0,21.9,123.6,0.35
2026-08-29T08:29:23.676818+00:00,ENG01,climb,5778,121.5,777.2,4.97,77.5,20.77,0.466,14.2,10.0,21.9,123.6,0.35
2026-08-29T08:29:24.676818+00:00,ENG01,climb,5777,121.4,777.1,4.97,77.6,20.76,0.476,14.2,10.0,21.9,123.6,0.35
2026-08-29T08:29:25.676818+00:00,ENG01,climb,5777,121.4,777.1,4.97,77.7,20.76,0.457,14.2,10.0,21.9,123.5,0.35
2026-08-29T08:29:26.676818+00:00,ENG01,climb,5777,121.4,777.1,4.97,77.8,20.75,0.452,14.2,10.0,21.9,123.5,0.35
2026-08-29T08:29:27.676818+00:00,ENG01,climb,5776,121.4,777.0,4.97,77.9,20.75,0.463,14.2,10.0,21.9,123.5,0.35
2026-08-29T08:29:28.676818+00:00,ENG01,climb,5776,121.3,777.0,4.97,78.0,20.74,0.454,14.2,10.0,21.9,123.4,0.35
2026-08-29T08:29:29.676818+00:00,ENG01,climb,5776,121.3,777.0,4.97,78.1,20.74,0.451,14.2,10.0,21.9,123.4,0.35
2026-08-29T08:29:30.676818+00:00,ENG01,climb,5775,121.3,776.9,4.97,78.2,20.73,0.465,14.2,10.0,21.9,123.4,0.35
2026-08-29T08:29:31.676818+00:00,ENG01,climb,5775,121.3,776.9,4.97,78.3,20.73,0.475,14.2,10.0,21.9,123.3,0.35
2026-08-29T08:29:32.676818+00:00,ENG01,climb,5775,121.3,776.9,4.97,78.4,20.72,0.459,14.2,10.0,21.9,123.3,0.35
2026-08-29T08:29:33.676818+00:00,ENG01,climb,5774,121.2,776.8,4.97,78.5,20.72,0.456,14.2,10.0,21.9,123.3,0.35
2026-08-29T08:29:34.676818+00:00,ENG01,climb,5774,121.2,776.8,4.97,78.6,20.71,0.459,14.2,10.0,21.9,123.2,0.35
2026-08-29T08:29:35.676818+00:00,ENG01,climb,5774,121.2,776.8,4.97,78.7,20.71,0.451,14.2,10.0,21.9,123.2,0.35
2026-08-29T08:29:36.676818+00:00,ENG01,climb,5773,121.2,776.7,4.97,78.8,20.7,0.452,14.2,10.0,21.9,123.2,0.35
2026-08-29T08:29:37.676818+00:00,ENG01,climb,5773,121.1,776.7,4.96,78.9,20.7,0.452,14.2,10.0,21.9,123.1,0.35
2026-08-29T08:29:38.676818+00:00,ENG01,climb,5773,121.1,776.7,4.96,79.0,20.69,0.469,14.2,10.0,21.9,123.1,0.35
2026-08-29T08:29:39.676818+00:00,ENG01,climb,5772,121.1,776.6,4.96,79.1,20.69,0.464,14.2,10.0,21.8,123.1,0.35
2026-08-29T08:29:40.676818+00:00,ENG01,climb,5772,121.1,776.6,4.96,79.2,20.68,0.476,14.2,10.0,21.8,123.0,0.35
2026-08-29T08:29:41.676818+00:00,ENG01,climb,5772,121.0,776.6,4.96,79.3,20.68,0.453,14.2,10.0,21.8,123.0,0.35
2026-08-29T08:29:42.676818+00:00,ENG01,climb,5771,121.0,776.5,4.96,79.4,20.67,0.463,14.2,10.0,21.8,123.0,0.35
2026-08-29T08:29:43.676818+00:00,ENG01,climb,5771,121.0,776.5,4.96,79.5,20.67,0.465,14.2,10.0,21.8,122.9,0.35
2026-08-29T08:29:44.676818+00:00,ENG01,climb,5771,121.0,776.5,4.96,79.6,20.66,0.466,14.2,10.0,21.8,122.9,0.35
2026-08-29T08:29:45.676818+00:00,ENG01,climb,5770,120.9,776.4,4.96,79.7,20.66,0.454,14.2,10.0,21.8,122.9,0.35
2026-08-29T08:29:46.676818+00:00,ENG01,climb,5770,120.9,776.4,4.96,79.8,20.65,0.452,14.2,10.0,21.8,122.8,0.35
2026-08-29T08:29:47.676818+00:00,ENG01,climb,5770,120.9,776.4,4.96,79.9,20.65,0.465,14.2,10.0,21.8,122.8,0.35
2026-08-29T08:29:48.676818+00:00,ENG01,climb,5769,120.9,776.3,4.96,80.0,20.64,0.449,14.2,10.0,21.8,122.8,0.35
2026-08-29T08:29:49.676818+00:00,ENG01,climb,5769,120.8,776.3,4.96,80.1,20.64,0.467,14.2,10.0,21.8,122.7,0.35
2026-08-29T08:29:50.676818+00:00,ENG01,climb,5769,120.8,776.3,4.96,80.2,20.63,0.448,14.2,10.0,21.8,122.7,0.35
2026-08-29T08:29:51.676818+00:00,ENG01,climb,5768,120.8,776.2,4.96,80.3,20.63,0.485,14.2,10.0,21.8,122.7,0.35
2026-08-29T08:29:52.676818+00:00,ENG01,climb,5768,120.8,776.2,4.96,80.4,20.62,0.447,14.2,10.0,21.8,122.6,0.35
2026-08-29T08:29:53.676818+00:00,ENG01,climb,5768,120.7,776.2,4.96,80.4,20.62,0.455,14.2,10.0,21.8,122.6,0.35
2026-08-29T08:29:54.676818+00:00,ENG01,climb,5767,120.7,776.1,4.96,80.5,20.61,0.472,14.2,10.0,21.8,122.6,0.35
2026-08-29T08:29:55.676818+00:00,ENG01,climb,5767,120.7,776.1,4.96,80.6,20.61,0.45,14.2,10.0,21.8,122.5,0.35
2026-08-29T08:29:56.676818+00:00,ENG01,climb,5767,120.6,776.1,4.96,80.7,20.6,0.465,14.2,10.0,21.8,122.5,0.35
2026-08-29T08:29:57.676818+00:00,ENG01,climb,5766,120.6,776.0,4.96,80.8,20.59,0.447,14.2,10.0,21.8,122.5,0.35
2026-08-29T08:29:58.676818+00:00,ENG01,climb,5766,120.6,776.0,4.96,80.9,20.59,0.467,14.2,10.0,21.8,122.4,0.35
2026-08-29T08:29:59.676818+00:00,ENG01,climb,5766,120.6,776.0,4.96,81.0,20.58,0.475,14.2,10.0,21.8,122.4,0.35
2026-08-29T08:30:00.676818+00:00,ENG01,climb,5765,120.5,775.9,4.95,81.1,20.58,0.466,14.2,10.0,21.8,122.4,0.35
2026-08-29T08:30:01.676818+00:00,ENG01,climb,5765,120.5,775.9,4.95,81.2,20.57,0.474,14.2,10.0,21.8,122.3,0.35
2026-08-29T08:30:02.676818+00:00,ENG01,climb,5765,120.5,775.9,4.95,81.2,20.57,0.459,14.2,10.0,21.8,122.3,0.35
2026-08-29T08:30:03.676818+00:00,ENG01,climb,5764,120.5,775.8,4.95,81.3,20.56,0.45,14.2,10.0,21.8,122.3,0.35
2026-08-29T08:30:04.676818+00:00,ENG01,climb,5764,120.4,775.8,4.95,81.4,20.56,0.457,14.2,10.0,21.8,122.3,0.35
2026-08-29T08:30:05.676818+00:00,ENG01,climb,5764,120.4,775.8,4.95,81.5,20.55,0.447,14.2,10.0,21.8,122.2,0.35
2026-08-29T08:30:06.676818+00:00,ENG01,climb,5763,120.4,775.7,4.95,81.6,20.55,0.467,14.2,10.0,21.8,122.2,0.35
2026-08-29T08:30:07.676818+00:00,ENG01,climb,5763,120.3,775.7,4.95,81.7,20.54,0.467,14.2,10.0,21.8,122.2,0.35
2026-08-29T08:30:08.676818+00:00,ENG01,climb,5763,120.3,775.6,4.95,81.7,20.54,0.459,14.2,10.0,21.8,122.1,0.35
2026-08-29T08:30:09.676818+00:00,ENG01,climb,5762,120.3,775.6,4.95,81.8,20.53,0.451,14.2,10.0,21.8,122.1,0.35
2026-08-29T08:30:10.676818+00:00,ENG01,climb,5762,120.3,775.6,4.95,81.9,20.53,0.456,14.2,10.0,21.8,122.1,0.35
2026-08-29T08:30:11.676818+00:00,ENG01,climb,5762,120.2,775.5,4.95,82.0,20.52,0.478,14.2,10.0,21.8,122.0,0.35
2026-08-29T08:30:12.676818+00:00,ENG01,climb,5761,120.2,775.5,4.95,82.1,20.52,0.459,14.2,10.0,21.8,122.0,0.35
2026-08-29T08:30:13.676818+00:00,ENG01,climb,5761,120.2,775.5,4.95,82.2,20.51,0.469,14.2,10.0,21.8,122.0,0.35
2026-08-29T08:30:14.676818+00:00,ENG01,climb,5761,120.1,775.4,4.95,82.2,20.51,0.445,14.2,10.0,21.8,121.9,0.35
2026-08-29T08:30:15.676818+00:00,ENG01,climb,5760,120.1,775.4,4.95,82.3,20.5,0.455,14.2,10.0,21.8,121.9,0.35
2026-08-29T08:30:16.676818+00:00,ENG01,climb,5760,120.1,775.4,4.95,82.4,20.5,0.467,14.2,10.0,21.8,121.9,0.35
2026-08-29T08:30:17.676818+00:00,ENG01,climb,5760,120.0,775.3,4.95,82.5,20.49,0.492,14.2,10.0,21.8,121.8,0.35
2026-08-29T08:30:18.676818+00:00,ENG01,climb,5759,120.0,775.3,4.95,82.5,20.49,0.448,14.2,10.0,21.8,121.8,0.35
2026-08-29T08:30:19.676818+00:00,ENG01,climb,5759,120.0,775.3,4.95,82.6,20.48,0.448,14.2,10.0,21.8,121.8,0.35
2026-08-29T08:30:20.676818+00:00,ENG01,climb,5759,120.0,775.2,4.95,82.7,20.48,0.456,14.2,10.0,21.8,121.7,0.35
2026-08-29T08:30:21.676818+00:00,ENG01,climb,5758,119.9,775.2,4.95,82.8,20.47,0.472,14.2,10.0,21.8,121.7,0.35
2026-08-29T08:30:22.676818+00:00,ENG01,climb,5758,119.9,775.1,4.95,82.9,20.47,0.464,14.2,10.0,21.8,121.7,0.35
2026-08-29T08:30:23.676818+00:00,ENG01,climb,5758,119.9,775.1,4.94,82.9,20.46,0.45,14.2,10.0,21.8,121.6,0.35
2026-08-29T08:30:24.676818+00:00,ENG01,climb,5757,119.8,775.1,4.94,83.0,20.46,0.446,14.2,10.0,21.8,121.6,0.35
2026-08-29T08:30:25.676818+00:00,ENG01,climb,5757,119.8,775.0,4.94,83.1,20.45,0.452,14.2,10.0,21.8,121.6,0.35
2026-08-29T08:30:26.676818+00:00,ENG01,climb,5757,119.8,775.0,4.94,83.2,20.45,0.454,14.2,10.0,21.8,121.5,0.35
2026-08-29T08:30:27.676818+00:00,ENG01,climb,5756,119.7,775.0,4.94,83.2,20.44,0.47,14.2,10.0,21.8,121.5,0.35
2026-08-29T08:30:28.676818+00:00,ENG01,climb,5756,119.7,774.9,4.94,83.3,20.44,0.471,14.2,10.0,21.8,121.5,0.35
2026-08-29T08:30:29.676818+00:00,ENG01,climb,5756,119.7,774.9,4.94,83.4,20.43,0.464,14.2,10.0,21.8,121.4,0.35
2026-08-29T08:30:30.676818+00:00,ENG01,climb,5755,119.7,774.9,4.94,83.4,20.43,0.46,14.2,10.0,21.8,121.4,0.35
2026-08-29T08:30:31.676818+00:00,ENG01,climb,5755,119.6,774.8,4.94,83.5,20.42,0.465,14.2,10.0,21.8,121.4,0.35
2026-08-29T08:30:32.676818+00:00,ENG01,climb,5755,119.6,774.8,4.94,83.6,20.42,0.485,14.2,10.0,21.8,121.3,0.35
2026-08-29T08:30:33.676818+00:00,ENG01,climb,5754,119.6,774.7,4.94,83.7,20.41,0.483,14.2,10.0,21.8,121.3,0.35
2026-08-29T08:30:34.676818+00:00,ENG01,climb,5754,119.5,774.7,4.94,83.7,20.41,0.447,14.2,10.0,21.7,121.3,0.35
2026-08-29T08:30:35.676818+00:00,ENG01,climb,5754,119.5,774.7,4.94,83.8,20.4,0.461,14.2,10.0,21.7,121.2,0.35
2026-08-29T08:30:36.676818+00:00,ENG01,climb,5753,119.5,774.6,4.94,83.9,20.4,0.461,14.2,10.0,21.7,121.2,0.35
2026-08-29T08:30:37.676818+00:00,ENG01,climb,5753,119.4,774.6,4.94,83.9,20.39,0.451,14.2,10.0,21.7,121.2,0.35
2026-08-29T08:30:38.676818+00:00,ENG01,climb,5753,119.4,774.6,4.94,84.0,20.39,0.461,14.2,10.0,21.7,121.2,0.35
2026-08-29T08:30:39.676818+00:00,ENG01,climb,5752,119.4,774.5,4.94,84.1,20.38,0.444,14.2,10.0,21.7,121.1,0.35
2026-08-29T08:30:40.676818+00:00,ENG01,climb,5752,119.3,774.5,4.94,84.1,20.38,0.465,14.2,10.0,21.7,121.1,0.35
2026-08-29T08:30:41.676818+00:00,ENG01,climb,5752,119.3,774.4,4.94,84.2,20.37,0.473,14.2,10.0,21.7,121.1,0.35
2026-08-29T08:30:42.676818+00:00,ENG01,climb,5751,119.3,774.4,4.94,84.3,20.37,0.483,14.2,10.0,21.7,121.0,0.35
2026-08-29T08:30:43.676818+00:00,ENG01,climb,5751,119.2,774.4,4.94,84.3,20.36,0.474,14.2,10.0,21.7,121.0,0.35
2026-08-29T08:30:44.676818+00:00,ENG01,climb,5751,119.2,774.3,4.94,84.4,20.36,0.467,14.2,10.0,21.7,121.0,0.35
2026-08-29T08:30:45.676818+00:00,ENG01,climb,5750,119.2,774.3,4.94,84.5,20.35,0.471,14.2,10.0,21.7,120.9,0.35
2026-08-29T08:30:46.676818+00:00,ENG01,climb,5750,119.1,774.3,4.93,84.5,20.35,0.448,14.2,10.0,21.7,120.9,0.35
2026-08-29T08:30:47.676818+00:00,ENG01,climb,5750,119.1,774.5,4.93,84.6,19.26,0.481,14.2,10.0,24.6,110.9,0.25
2026-08-29T08:30:48.676818+00:00,ENG01,climb,5749,119.0,774.8,4.93,84.7,19.26,0.465,14.2,10.0,24.6,110.8,0.25
2026-08-29T08:30:49.676818+00:00,ENG01,climb,5749,118.9,775.0,4.93,84.7,19.25,0.512,14.2,10.0,24.6,110.8,0.25
2026-08-29T08:30:50.676818+00:00,ENG01,climb,5749,118.9,775.2,4.93,84.8,19.24,0.465,14.2,10.0,24.6,110.8,0.25
2026-08-29T08:30:51.676818+00:00,ENG01,climb,5748,118.8,775.4,4.93,84.9,19.24,0.496,14.2,10.0,24.6,110.7,0.25
2026-08-29T08:30:52.676818+00:00,ENG01,climb,5748,118.7,775.5,4.93,84.9,19.23,0.482,14.2,10.0,24.6,110.7,0.25
2026-08-29T08:30:53.676818+00:00,ENG01,climb,5748,118.7,775.6,4.93,85.0,19.23,0.465,14.2,10.0,24.6,110.7,0.25
2026-08-29T08:30:54.676818+00:00,ENG01,climb,5747,118.6,775.7,4.93,85.0,19.22,0.489,14.2,10.0,24.6,110.6,0.25
2026-08-29T08:30:55.676818+00:00,ENG01,climb,5747,118.5,775.8,4.93,85.1,19.22,0.472,14.2,10.0,24.6,110.6,0.25
2026-08-29T08:30:56.676818+00:00,ENG01,climb,5747,118.5,775.9,4.93,85.2,19.21,0.464,14.2,10.0,24.6,110.6,0.25
2026-08-29T08:30:57.676818+00:00,ENG01,climb,5746,118.4,775.9,4.93,85.2,19.21,0.498,14.2,10.0,24.6,110.5,0.25
2026-08-29T08:30:58.676818+00:00,ENG01,climb,5746,118.3,776.0,4.93,85.3,19.2,0.463,14.2,10.0,24.6,110.5,0.25
2026-08-29T08:30:59.676818+00:00,ENG01,climb,5746,118.3,776.0,4.93,85.3,19.2,0.467,14.2,10.0,24.6,110.5,0.25
2026-08-29T08:31:00.676818+00:00,ENG01,climb,5745,118.2,776.1,4.93,85.4,19.19,0.47,14.2,10.0,24.6,110.4,0.25
2026-08-29T08:31:01.676818+00:00,ENG01,climb,5745,118.1,776.1,4.93,85.5,19.19,0.469,14.2,10.0,24.6,110.4,0.25
2026-08-29T08:31:02.676818+00:00,ENG01,climb,5745,118.1,776.1,4.93,85.5,19.18,0.486,14.2,10.0,24.6,110.4,0.25
2026-08-29T08:31:03.676818+00:00,ENG01,climb,5744,118.0,776.2,4.93,85.6,19.18,0.465,14.2,10.0,24.6,110.4,0.25
2026-08-29T08:31:04.676818+00:00,ENG01,climb,5744,117.9,776.2,4.93,85.6,19.17,0.462,14.2,10.0,24.6,110.3,0.25
2026-08-29T08:31:05.676818+00:00,ENG01,climb,5744,117.9,776.2,4.93,85.7,19.17,0.462,14.2,10.0,24.5,110.3,0.25
2026-08-29T08:31:06.676818+00:00,ENG01,climb,5743,117.8,776.2,4.93,85.7,19.16,0.466,14.2,10.0,24.5,110.3,0.25
2026-08-29T08:31:07.676818+00:00,ENG01,climb,5743,117.7,776.2,4.93,85.8,19.16,0.469,14.2,10.0,24.5,110.2,0.25
2026-08-29T08:31:08.676818+00:00,ENG01,climb,5743,117.7,776.2,4.93,85.8,19.15,0.467,14.2,10.0,24.5,110.2,0.25
2026-08-29T08:31:09.676818+00:00,ENG01,climb,5742,117.6,776.2,4.92,85.9,19.15,0.493,14.2,10.0,24.5,110.2,0.25
2026-08-29T08:31:10.676818+00:00,ENG01,climb,5742,117.5,776.2,4.92,86.0,19.14,0.48,14.2,10.0,24.5,110.1,0.25
2026-08-29T08:31:11.676818+00:00,ENG01,climb,5742,117.5,776.2,4.92,86.0,19.14,0.493,14.2,10.0,24.5,110.1,0.25
2026-08-29T08:31:12.676818+00:00,ENG01,climb,5741,117.4,776.2,4.92,86.1,19.13,0.463,14.2,10.0,24.5,110.1,0.25
2026-08-29T08:31:13.676818+00:00,ENG01,climb,5741,117.4,776.2,4.92,86.1,19.13,0.473,14.2,10.0,24.5,110.0,0.25
2026-08-29T08:31:14.676818+00:00,ENG01,climb,5741,117.3,776.1,4.92,86.2,19.12,0.506,14.2,10.0,24.5,110.0,0.25
2026-08-29T08:31:15.676818+00:00,ENG01,climb,5740,117.2,776.1,4.92,86.2,19.12,0.461,14.2,10.0,24.5,110.0,0.25
2026-08-29T08:31:16.676818+00:00,ENG01,climb,5740,117.2,776.1,4.92,86.3,19.11,0.485,14.2,10.0,24.5,109.9,0.25
2026-08-29T08:31:17.676818+00:00,ENG01,climb,5740,117.1,776.1,4.92,86.3,19.11,0.474,14.2,10.0,24.5,109.9,0.25
2026-08-29T08:31:18.676818+00:00,ENG01,climb,5739,117.0,776.1,4.92,86.4,19.1,0.491,14.2,10.0,24.5,109.9,0.25
2026-08-29T08:31:19.676818+00:00,ENG01,climb,5739,117.0,776.1,4.92,86.4,19.1,0.46,14.2,10.0,24.5,109.8,0.25
2026-08-29T08:31:20.676818+00:00,ENG01,climb,5739,116.9,776.1,4.92,86.5,19.09,0.468,14.2,10.0,24.5,109.8,0.25
2026-08-29T08:31:21.676818+00:00,ENG01,climb,5738,116.8,776.0,4.92,86.5,19.09,0.484,14.2,10.0,24.5,109.8,0.25
2026-08-29T08:31:22.676818+00:00,ENG01,climb,5738,116.8,776.0,4.92,86.6,19.08,0.492,14.2,10.0,24.5,109.7,0.25
2026-08-29T08:31:23.676818+00:00,ENG01,climb,5738,116.7,776.0,4.92,86.6,19.08,0.459,14.2,10.0,24.5,109.7,0.25
2026-08-29T08:31:24.676818+00:00,ENG01,climb,5737,116.6,776.0,4.92,86.6,19.07,0.468,14.2,10.0,24.5,109.7,0.25
2026-08-29T08:31:25.676818+00:00,ENG01,climb,5737,116.6,776.0,4.92,86.7,19.07,0.464,14.2,10.0,24.5,109.7,0.25
2026-08-29T08:31:26.676818+00:00,ENG01,climb,5737,116.5,775.9,4.92,86.7,19.06,0.463,14.2,10.0,24.5,109.6,0.25
2026-08-29T08:31:27.676818+00:00,ENG01,climb,5736,116.5,775.9,4.92,86.8,19.06,0.472,14.2,10.0,24.5,109.6,0.25
2026-08-29T08:31:28.676818+00:00,ENG01,climb,5736,116.4,775.9,4.92,86.8,19.05,0.476,14.2,10.0,24.5,109.6,0.25
2026-08-29T08:31:29.676818+00:00,ENG01,climb,5736,116.3,775.9,4.92,86.9,19.05,0.467,14.2,10.0,24.5,109.5,0.25
2026-08-29T08:31:30.676818+00:00,ENG01,climb,5735,116.3,775.8,4.92,86.9,19.04,0.477,14.2,10.0,24.5,109.5,0.25
2026-08-29T08:31:31.676818+00:00,ENG01,climb,5735,116.2,775.8,4.92,87.0,19.04,0.46,14.2,10.0,24.5,109.5,0.25
2026-08-29T08:31:32.676818+00:00,ENG01,climb,5735,116.1,775.8,4.91,87.0,19.03,0.456,14.2,10.0,24.5,109.4,0.25
2026-08-29T08:31:33.676818+00:00,ENG01,climb,5734,116.1,775.8,4.91,87.0,19.03,0.474,14.2,10.0,24.5,109.4,0.25
2026-08-29T08:31:34.676818+00:00,ENG01,climb,5734,116.0,775.8,4.91,87.1,19.02,0.46,14.2,10.0,24.5,109.4,0.25
2026-08-29T08:31:35.676818+00:00,ENG01,climb,5734,116.0,775.7,4.91,87.1,19.02,0.471,14.2,10.0,24.5,109.3,0.25
2026-08-29T08:31:36.676818+00:00,ENG01,climb,5733,115.9,775.7,4.91,87.2,19.01,0.456,14.2,10.0,24.5,109.3,0.25
2026-08-29T08:31:37.676818+00:00,ENG01,climb,5733,115.8,775.7,4.91,87.2,19.01,0.466,14.2,10.0,24.5,109.3,0.25
2026-08-29T08:31:38.676818+00:00,ENG01,climb,5733,115.8,775.7,4.91,87.2,19.0,0.459,14.2,10.0,24.5,109.2,0.25
2026-08-29T08:31:39.676818+00:00,ENG01,climb,5732,115.7,775.6,4.91,87.3,19.0,0.465,14.2,10.0,24.5,109.2,0.25
2026-08-29T08:31:40.676818+00:00,ENG01,climb,5732,115.7,775.6,4.91,87.3,18.99,0.488,14.2,10.0,24.5,109.2,0.25
2026-08-29T08:31:41.676818+00:00,ENG01,climb,5732,115.6,775.6,4.91,87.4,18.99,0.463,14.2,10.0,24.5,109.1,0.25
2026-08-29T08:31:42.676818+00:00,ENG01,climb,5731,115.5,775.6,4.91,87.4,18.98,0.46,14.2,10.0,24.5,109.1,0.25
2026-08-29T08:31:43.676818+00:00,ENG01,climb,5731,115.5,775.5,4.91,87.4,18.98,0.468,14.2,10.0,24.5,109.1,0.25
2026-08-29T08:31:44.676818+00:00,ENG01,climb,5731,115.4,775.5,4.91,87.5,18.97,0.487,14.2,10.0,24.5,109.1,0.25
2026-08-29T08:31:45.676818+00:00,ENG01,climb,5730,115.4,775.5,4.91,87.5,18.97,0.458,14.2,10.0,24.5,109.0,0.25
2026-08-29T08:31:46.676818+00:00,ENG01,climb,5730,115.3,775.5,4.91,87.6,18.96,0.479,14.2,10.0,24.5,109.0,0.25
2026-08-29T08:31:47.676818+00:00,ENG01,climb,5730,115.2,775.4,4.91,87.6,18.96,0.458,14.2,10.0,24.5,109.0,0.25
2026-08-29T08:31:48.676818+00:00,ENG01,climb,5729,115.2,775.4,4.91,87.6,18.95,0.456,14.2,10.0,24.5,108.9,0.25
2026-08-29T08:31:49.676818+00:00,ENG01,climb,5729,115.1,775.4,4.91,87.7,18.95,0.463,14.2,10.0,24.5,108.9,0.25
2026-08-29T08:31:50.676818+00:00,ENG01,climb,5729,115.1,775.4,4.91,87.7,18.94,0.459,14.2,10.0,24.5,108.9,0.25
2026-08-29T08:31:51.676818+00:00,ENG01,climb,5728,115.0,775.3,4.91,87.7,18.94,0.467,14.2,10.0,24.5,108.8,0.25
2026-08-29T08:31:52.676818+00:00,ENG01,climb,5728,114.9,775.3,4.91,87.8,18.93,0.455,14.2,10.0,24.5,108.8,0.25
2026-08-29T08:31:53.676818+00:00,ENG01,climb,5728,114.9,775.3,4.91,87.8,18.93,0.457,14.2,10.0,24.5,108.8,0.25
2026-08-29T08:31:54.676818+00:00,ENG01,climb,5727,114.8,775.3,4.91,87.8,18.92,0.469,14.2,10.0,24.5,108.7,0.25
2026-08-29T08:31:55.676818+00:00,ENG01,climb,5727,114.8,775.2,4.9,87.9,18.92,0.457,14.2,10.0,24.5,108.7,0.25
2026-08-29T08:31:56.676818+00:00,ENG01,climb,5727,114.7,775.2,4.9,87.9,18.91,0.479,14.2,10.0,24.5,108.7,0.25
2026-08-29T08:31:57.676818+00:00,ENG01,climb,5726,114.6,775.2,4.9,87.9,18.91,0.458,14.2,10.0,24.5,108.6,0.25
2026-08-29T08:31:58.676818+00:00,ENG01,climb,5726,114.6,775.2,4.9,88.0,18.9,0.457,14.2,10.0,24.5,108.6,0.25
2026-08-29T08:31:59.676818+00:00,ENG01,climb,5726,114.5,775.1,4.9,88.0,18.9,0.463,14.2,10.0,24.5,108.6,0.25
2026-08-29T08:32:00.676818+00:00,ENG01,climb,5725,114.5,775.1,4.9,88.0,18.89,0.469,14.2,10.0,24.4,108.6,0.25
2026-08-29T08:32:01.676818+00:00,ENG01,climb,5725,114.4,775.1,4.9,88.1,18.89,0.47,14.2,10.0,24.4,108.5,0.25
2026-08-29T08:32:02.676818+00:00,ENG01,climb,5725,114.3,775.1,4.9,88.1,18.88,0.471,14.2,10.0,24.4,108.5,0.25
2026-08-29T08:32:03.676818+00:00,ENG01,climb,5724,114.3,775.0,4.9,88.1,18.88,0.472,14.2,10.0,24.4,108.5,0.25
2026-08-29T08:32:04.676818+00:00,ENG01,climb,5724,114.2,775.0,4.9,88.2,18.87,0.474,14.2,10.0,24.4,108.4,0.25
2026-08-29T08:32:05.676818+00:00,ENG01,climb,5724,114.2,775.0,4.9,88.2,18.87,0.457,14.2,10.0,24.4,108.4,0.25
2026-08-29T08:32:06.676818+00:00,ENG01,climb,5723,114.1,775.0,4.9,88.2,18.86,0.455,14.2,10.0,24.4,108.4,0.25
2026-08-29T08:32:07.676818+00:00,ENG01,climb,5723,114.0,774.9,4.9,88.2,18.86,0.458,14.2,10.0,24.4,108.3,0.25
2026-08-29T08:32:08.676818+00:00,ENG01,climb,5723,114.0,774.9,4.9,88.3,18.85,0.474,14.2,10.0,24.4,108.3,0.25
2026-08-29T08:32:09.676818+00:00,ENG01,climb,5722,113.9,774.9,4.9,88.3,18.85,0.461,14.2,10.0,24.4,108.3,0.25
2026-08-29T08:32:10.676818+00:00,ENG01,climb,5722,113.9,774.8,4.9,88.3,18.84,0.461,14.2,10.0,24.4,108.2,0.25
2026-08-29T08:32:11.676818+00:00,ENG01,climb,5722,113.8,774.8,4.9,88.4,18.84,0.47,14.2,10.0,24.4,108.2,0.25
2026-08-29T08:32:12.676818+00:00,ENG01,climb,5721,113.8,774.8,4.9,88.4,18.83,0.477,14.2,10.0,24.4,108.2,0.25
2026-08-29T08:32:13.676818+00:00,ENG01,climb,5721,113.7,774.8,4.9,88.4,18.83,0.465,14.2,10.0,24.4,108.1,0.25
2026-08-29T08:32:14.676818+00:00,ENG01,climb,5721,113.6,774.7,4.9,88.4,18.82,0.463,14.2,10.0,24.4,108.1,0.25
2026-08-29T08:32:15.676818+00:00,ENG01,climb,5720,113.6,774.7,4.9,88.5,18.82,0.455,14.2,10.0,24.4,108.1,0.25
2026-08-29T08:32:16.676818+00:00,ENG01,climb,5720,113.5,774.7,4.9,88.5,18.81,0.467,14.2,10.0,24.4,108.1,0.25
2026-08-29T08:32:17.676818+00:00,ENG01,climb,5720,113.5,774.7,4.9,88.5,18.81,0.458,14.2,10.0,24.4,108.0,0.25
2026-08-29T08:32:18.676818+00:00,ENG01,climb,5719,113.4,774.6,4.89,88.5,18.8,0.461,14.2,10.0,24.4,108.0,0.25
2026-08-29T08:32:19.676818+00:00,ENG01,climb,5719,113.4,774.6,4.89,88.6,18.8,0.452,14.2,10.0,24.4,108.0,0.25
2026-08-29T08:32:20.676818+00:00,ENG01,climb,5719,113.3,774.6,4.89,88.6,18.79,0.454,14.2,10.0,24.4,107.9,0.25
2026-08-29T08:32:21.676818+00:00,ENG01,climb,5718,113.2,774.5,4.89,88.6,18.79,0.478,14.2,10.0,24.4,107.9,0.25
2026-08-29T08:32:22.676818+00:00,ENG01,climb,5718,113.2,774.5,4.89,88.6,18.78,0.455,14.2,10.0,24.4,107.9,0.25
2026-08-29T08:32:23.676818+00:00,ENG01,climb,5718,113.1,774.5,4.89,88.7,18.78,0.465,14.2,10.0,24.4,107.8,0.25
2026-08-29T08:32:24.676818+00:00,ENG01,climb,5717,113.1,774.5,4.89,88.7,18.77,0.472,14.2,10.0,24.4,107.8,0.25
2026-08-29T08:32:25.676818+00:00,ENG01,climb,5717,113.0,774.4,4.89,88.7,18.77,0.454,14.2,10.0,24.4,107.8,0.25
2026-08-29T08:32:26.676818+00:00,ENG01,climb,5717,113.0,774.4,4.89,88.7,18.76,0.488,14.2,10.0,24.4,107.7,0.25
2026-08-29T08:32:27.676818+00:00,ENG01,climb,5716,112.9,774.4,4.89,88.8,18.76,0.465,14.2,10.0,24.4,107.7,0.25
2026-08-29T08:32:28.676818+00:00,ENG01,climb,5716,112.8,774.3,4.89,88.8,18.75,0.467,14.2,10.0,24.4,107.7,0.25
2026-08-29T08:32:29.676818+00:00,ENG01,climb,5716,112.8,774.3,4.89,88.8,18.75,0.451,14.2,10.0,24.4,107.6,0.25
2026-08-29T08:32:30.676818+00:00,ENG01,climb,5715,112.7,774.3,4.89,88.8,18.74,0.47,14.2,10.0,24.4,107.6,0.25
2026-08-29T08:32:31.676818+00:00,ENG01,climb,5715,112.7,774.3,4.89,88.8,18.74,0.469,14.2,10.0,24.4,107.6,0.25
2026-08-29T08:32:32.676818+00:00,ENG01,climb,5715,112.6,774.2,4.89,88.9,18.73,0.453,14.2,10.0,24.4,107.6,0.25
2026-08-29T08:32:33.676818+00:00,ENG01,climb,5714,112.6,774.2,4.89,88.9,18.73,0.498,14.2,10.0,24.4,107.5,0.25
2026-08-29T08:32:34.676818+00:00,ENG01,climb,5714,112.5,774.2,4.89,88.9,18.72,0.453,14.2,10.0,24.4,107.5,0.25
2026-08-29T08:32:35.676818+00:00,ENG01,climb,5714,112.5,774.1,4.89,88.9,18.72,0.463,14.2,10.0,24.4,107.5,0.25
2026-08-29T08:32:36.676818+00:00,ENG01,climb,5713,112.4,774.1,4.89,88.9,18.71,0.456,14.2,10.0,24.4,107.4,0.25
2026-08-29T08:32:37.676818+00:00,ENG01,climb,5713,112.3,774.1,4.89,89.0,18.71,0.459,14.2,10.0,24.4,107.4,0.25
2026-08-29T08:32:38.676818+00:00,ENG01,climb,5713,112.3,774.1,4.89,89.0,18.7,0.453,14.2,10.0,24.4,107.4,0.25
2026-08-29T08:32:39.676818+00:00,ENG01,climb,5712,112.2,774.0,4.89,89.0,18.7,0.456,14.2,10.0,24.4,107.3,0.25
2026-08-29T08:32:40.676818+00:00,ENG01,climb,5712,112.2,774.0,4.89,89.0,18.69,0.471,14.2,10.0,24.4,107.3,0.25
2026-08-29T08:32:41.676818+00:00,ENG01,climb,5712,112.1,774.0,4.88,89.0,18.69,0.45,14.2,10.0,24.4,107.3,0.25
2026-08-29T08:32:42.676818+00:00,ENG01,climb,5711,112.1,773.9,4.88,89.1,18.68,0.463,14.2,10.0,24.4,107.2,0.25
2026-08-29T08:32:43.676818+00:00,ENG01,climb,5711,112.0,773.9,4.88,89.1,18.68,0.458,14.2,10.0,24.4,107.2,0.25
2026-08-29T08:32:44.676818+00:00,ENG01,climb,5711,112.0,773.9,4.88,89.1,18.67,0.453,14.2,10.0,24.4,107.2,0.25
2026-08-29T08:32:45.676818+00:00,ENG01,climb,5710,111.9,773.9,4.88,89.1,18.67,0.48,14.2,10.0,24.4,107.2,0.25
2026-08-29T08:32:46.676818+00:00,ENG01,climb,5710,111.8,773.8,4.88,89.1,18.66,0.455,14.2,10.0,24.4,107.1,0.25
2026-08-29T08:32:47.676818+00:00,ENG01,climb,5710,111.8,773.8,4.88,89.1,18.66,0.47,14.2,10.0,24.4,107.1,0.25
2026-08-29T08:32:48.676818+00:00,ENG01,climb,5709,111.7,773.8,4.88,89.2,18.65,0.466,14.2,10.0,24.4,107.1,0.25
2026-08-29T08:32:49.676818+00:00,ENG01,climb,5709,111.7,773.7,4.88,89.2,18.65,0.49,14.2,10.0,24.4,107.0,0.25
2026-08-29T08:32:50.676818+00:00,ENG01,climb,5709,111.6,773.7,4.88,89.2,18.64,0.455,14.2,10.0,24.4,107.0,0.25
2026-08-29T08:32:51.676818+00:00,ENG01,climb,5708,111.6,773.7,4.88,89.2,18.64,0.475,14.2,10.0,24.4,107.0,0.25
2026-08-29T08:32:52.676818+00:00,ENG01,climb,5708,111.5,773.6,4.88,89.2,18.64,0.473,14.2,10.0,24.4,106.9,0.25
2026-08-29T08:32:53.676818+00:00,ENG01,climb,5708,111.5,773.6,4.88,89.2,18.63,0.488,14.2,10.0,24.4,106.9,0.25
2026-08-29T08:32:54.676818+00:00,ENG01,climb,5707,111.4,773.6,4.88,89.3,18.63,0.47,14.2,10.0,24.4,106.9,0.25
2026-08-29T08:32:55.676818+00:00,ENG01,climb,5707,111.4,773.6,4.88,89.3,18.62,0.459,14.2,10.0,24.3,106.8,0.25
2026-08-29T08:32:56.676818+00:00,ENG01,climb,5707,111.3,773.5,4.88,89.3,18.62,0.474,14.2,10.0,24.3,106.8,0.25
2026-08-29T08:32:57.676818+00:00,ENG01,climb,5706,111.2,773.5,4.88,89.3,18.61,0.483,14.2,10.0,24.3,106.8,0.25
2026-08-29T08:32:58.676818+00:00,ENG01,climb,5706,111.2,773.5,4.88,89.3,18.61,0.451,14.2,10.0,24.3,106.8,0.25
2026-08-29T08:32:59.676818+00:00,ENG01,climb,5706,111.1,773.4,4.88,89.3,18.6,0.454,14.2,10.0,24.3,106.7,0.25
2026-08-29T08:33:00.676818+00:00,ENG01,climb,5705,111.1,773.4,4.88,89.3,18.6,0.456,14.2,10.0,24.3,106.7,0.25
2026-08-29T08:33:01.676818+00:00,ENG01,climb,5705,111.0,773.4,4.88,89.3,18.59,0.462,14.2,10.0,24.3,106.7,0.25
2026-08-29T08:33:02.676818+00:00,ENG01,climb,5705,111.0,773.3,4.88,89.4,18.59,0.447,14.2,10.0,24.3,106.6,0.25
2026-08-29T08:33:03.676818+00:00,ENG01,climb,5704,110.9,773.3,4.88,89.4,18.58,0.473,14.2,10.0,24.3,106.6,0.25
2026-08-29T08:33:04.676818+00:00,ENG01,climb,5704,110.9,773.3,4.87,89.4,18.58,0.449,14.2,10.0,24.3,106.6,0.25
2026-08-29T08:33:05.676818+00:00,ENG01,climb,5704,110.8,773.3,4.87,89.4,18.57,0.457,14.2,10.0,24.3,106.5,0.25
2026-08-29T08:33:06.676818+00:00,ENG01,climb,5703,110.8,773.2,4.87,89.4,18.57,0.458,14.2,10.0,24.3,106.5,0.25
2026-08-29T08:33:07.676818+00:00,ENG01,climb,5703,110.7,773.2,4.87,89.4,18.56,0.475,14.2,10.0,24.3,106.5,0.25
2026-08-29T08:33:08.676818+00:00,ENG01,climb,5703,110.7,773.2,4.87,89.4,18.56,0.469,14.2,10.0,24.3,106.4,0.25
2026-08-29T08:33:09.676818+00:00,ENG01,climb,5702,110.6,773.1,4.87,89.4,18.55,0.455,14.2,10.0,24.3,106.4,0.25
2026-08-29T08:33:10.676818+00:00,ENG01,climb,5702,110.6,773.1,4.87,89.4,18.55,0.455,14.2,10.0,24.3,106.4,0.25
2026-08-29T08:33:11.676818+00:00,ENG01,climb,5702,110.5,773.1,4.87,89.5,18.54,0.447,14.2,10.0,24.3,106.4,0.25
2026-08-29T08:33:12.676818+00:00,ENG01,climb,5701,110.4,773.0,4.87,89.5,18.54,0.467,14.2,10.0,24.3,106.3,0.25
2026-08-29T08:33:13.676818+00:00,ENG01,climb,5701,110.4,773.0,4.87,89.5,18.53,0.451,14.2,10.0,24.3,106.3,0.25
2026-08-29T08:33:14.676818+00:00,ENG01,climb,5701,110.3,773.0,4.87,89.5,18.53,0.453,14.2,10.0,24.3,106.3,0.25
2026-08-29T08:33:15.676818+00:00,ENG01,climb,5700,110.3,772.9,4.87,89.5,18.52,0.46,14.2,10.0,24.3,106.2,0.25
2026-08-29T08:33:16.676818+00:00,ENG01,climb,5700,110.2,772.9,4.87,89.5,18.52,0.489,14.2,10.0,24.3,106.2,0.25
2026-08-29T08:33:17.676818+00:00,ENG01,climb,5700,110.2,772.9,4.87,89.5,18.51,0.474,14.2,10.0,24.3,106.2,0.25
2026-08-29T08:33:18.676818+00:00,ENG01,climb,5699,110.1,772.8,4.87,89.5,18.51,0.459,14.2,10.0,24.3,106.1,0.25
2026-08-29T08:33:19.676818+00:00,ENG01,climb,5699,110.1,772.8,4.87,89.5,18.5,0.468,14.2,10.0,24.3,106.1,0.25
2026-08-29T08:33:20.676818+00:00,ENG01,climb,5699,110.0,772.8,4.87,89.5,18.5,0.521,14.2,10.0,24.3,106.1,0.25
2026-08-29T08:33:21.676818+00:00,ENG01,climb,5698,110.0,772.7,4.87,89.5,18.49,0.469,14.2,10.0,24.3,106.0,0.25
2026-08-29T08:33:22.676818+00:00,ENG01,climb,5698,109.9,772.7,4.87,89.6,18.49,0.453,14.2,10.0,24.3,106.0,0.25
2026-08-29T08:33:23.676818+00:00,ENG01,climb,5698,109.9,772.7,4.87,89.6,18.48,0.459,14.2,10.0,24.3,106.0,0.25
2026-08-29T08:33:24.676818+00:00,ENG01,climb,5697,109.8,772.6,4.87,89.6,18.48,0.478,14.2,10.0,24.3,106.0,0.25
2026-08-29T08:33:25.676818+00:00,ENG01,climb,5697,109.8,772.6,4.87,89.6,18.47,0.453,14.2,10.0,24.3,105.9,0.25
2026-08-29T08:33:26.676818+00:00,ENG01,climb,5697,109.7,772.6,4.87,89.6,18.47,0.473,14.2,10.0,24.3,105.9,0.25
2026-08-29T08:33:27.676818+00:00,ENG01,climb,5696,109.7,772.6,4.86,89.6,18.46,0.45,14.2,10.0,24.3,105.9,0.25
2026-08-29T08:33:28.676818+00:00,ENG01,climb,5696,109.6,772.5,4.86,89.6,18.46,0.456,14.2,10.0,24.3,105.8,0.25
2026-08-29T08:33:29.676818+00:00,ENG01,climb,5696,109.6,772.5,4.86,89.6,18.45,0.451,14.2,10.0,24.3,105.8,0.25
2026-08-29T08:33:30.676818+00:00,ENG01,climb,5695,109.5,772.5,4.86,89.6,18.45,0.469,14.2,10.0,24.3,105.8,0.25
2026-08-29T08:33:31.676818+00:00,ENG01,climb,5695,109.5,772.4,4.86,89.6,18.44,0.459,14.2,10.0,24.3,105.7,0.25
2026-08-29T08:33:32.676818+00:00,ENG01,climb,5695,109.4,772.4,4.86,89.6,18.44,0.453,14.2,10.0,24.3,105.7,0.25
2026-08-29T08:33:33.676818+00:00,ENG01,climb,5694,109.3,772.4,4.86,89.6,18.43,0.445,14.2,10.0,24.3,105.7,0.25
2026-08-29T08:33:34.676818+00:00,ENG01,climb,5694,109.3,772.3,4.86,89.6,18.43,0.455,14.2,10.0,24.3,105.7,0.25
2026-08-29T08:33:35.676818+00:00,ENG01,climb,5694,109.2,772.3,4.86,89.6,18.42,0.459,14.2,10.0,24.3,105.6,0.25
2026-08-29T08:33:36.676818+00:00,ENG01,climb,5693,109.2,772.3,4.86,89.6,18.42,0.463,14.2,10.0,24.3,105.6,0.25
2026-08-29T08:33:37.676818+00:00,ENG01,climb,5693,109.1,772.2,4.86,89.6,18.41,0.478,14.2,10.0,24.3,105.6,0.25
2026-08-29T08:33:38.676818+00:00,ENG01,climb,5693,109.1,772.2,4.86,89.6,18.41,0.459,14.2,10.0,24.3,105.5,0.25
2026-08-29T08:33:39.676818+00:00,ENG01,climb,5692,109.0,772.2,4.86,89.6,18.4,0.471,14.2,10.0,24.3,105.5,0.25
2026-08-29T08:33:40.676818+00:00,ENG01,climb,5692,109.0,772.1,4.86,89.6,18.4,0.455,14.2,10.0,24.3,105.5,0.25
2026-08-29T08:33:41.676818+00:00,ENG01,climb,5692,108.9,772.1,4.86,89.7,18.39,0.49,14.2,10.0,24.3,105.4,0.25
2026-08-29T08:33:42.676818+00:00,ENG01,climb,5691,108.9,772.1,4.86,89.7,18.39,0.453,14.2,10.0,24.3,105.4,0.25
2026-08-29T08:33:43.676818+00:00,ENG01,climb,5691,108.8,772.0,4.86,89.7,18.38,0.467,14.2,10.0,24.3,105.4,0.25
2026-08-29T08:33:44.676818+00:00,ENG01,climb,5691,108.8,772.0,4.86,89.7,18.38,0.46,14.2,10.0,24.3,105.3,0.25
2026-08-29T08:33:45.676818+00:00,ENG01,climb,5690,108.7,772.0,4.86,89.7,18.37,0.448,14.2,10.0,24.3,105.3,0.25
2026-08-29T08:33:46.676818+00:00,ENG01,climb,5690,108.7,771.9,4.86,89.7,18.37,0.467,14.2,10.0,24.3,105.3,0.25
2026-08-29T08:33:47.676818+00:00,ENG01,climb,5690,108.6,771.9,4.86,89.7,18.37,0.49,14.2,10.0,24.3,105.3,0.25
2026-08-29T08:33:48.676818+00:00,ENG01,climb,5689,108.6,771.8,4.86,89.7,18.36,0.463,14.2,10.0,24.3,105.2,0.25
2026-08-29T08:33:49.676818+00:00,ENG01,climb,5689,108.5,771.8,4.86,89.7,18.36,0.456,14.2,10.0,24.3,105.2,0.25
2026-08-29T08:33:50.676818+00:00,ENG01,climb,5689,108.5,771.8,4.85,89.7,18.35,0.472,14.2,10.0,24.2,105.2,0.25
2026-08-29T08:33:51.676818+00:00,ENG01,climb,5688,108.4,771.7,4.85,89.7,18.35,0.445,14.2,10.0,24.2,105.1,0.25
2026-08-29T08:33:52.676818+00:00,ENG01,climb,5688,108.4,771.7,4.85,89.7,18.34,0.462,14.2,10.0,24.2,105.1,0.25
2026-08-29T08:33:53.676818+00:00,ENG01,climb,5688,108.3,771.7,4.85,89.7,18.34,0.448,14.2,10.0,24.2,105.1,0.25
2026-08-29T08:33:54.676818+00:00,ENG01,climb,5687,108.3,771.6,4.85,89.7,18.33,0.449,14.2,10.0,24.2,105.0,0.25
2026-08-29T08:33:55.676818+00:00,ENG01,climb,5687,108.2,771.6,4.85,89.7,18.33,0.46,14.2,10.0,24.2,105.0,0.25
2026-08-29T08:33:56.676818+00:00,ENG01,climb,5687,108.2,771.6,4.85,89.7,18.32,0.443,14.2,10.0,24.2,105.0,0.25
2026-08-29T08:33:57.676818+00:00,ENG01,climb,5686,108.1,771.5,4.85,89.7,18.32,0.47,14.2,10.0,24.2,105.0,0.25
2026-08-29T08:33:58.676818+00:00,ENG01,climb,5686,108.1,771.5,4.85,89.7,18.31,0.443,14.2,10.0,24.2,104.9,0.25
2026-08-29T08:33:59.676818+00:00,ENG01,climb,5686,108.0,771.5,4.85,89.7,18.31,0.455,14.2,10.0,24.2,104.9,0.25
2026-08-29T08:34:00.676818+00:00,ENG01,climb,5685,108.0,771.4,4.85,89.7,18.3,0.485,14.2,10.0,24.2,104.9,0.25
2026-08-29T08:34:01.676818+00:00,ENG01,climb,5685,107.9,771.4,4.85,89.7,18.3,0.456,14.2,10.0,24.2,104.8,0.25
2026-08-29T08:34:02.676818+00:00,ENG01,climb,5685,107.9,771.4,4.85,89.7,18.29,0.47,14.2,10.0,24.2,104.8,0.25
2026-08-29T08:34:03.676818+00:00,ENG01,climb,5684,107.8,771.3,4.85,89.7,18.29,0.453,14.2,10.0,24.2,104.8,0.25
2026-08-29T08:34:04.676818+00:00,ENG01,climb,5684,107.8,771.3,4.85,89.7,18.28,0.48,14.2,10.0,24.2,104.7,0.25
2026-08-29T08:34:05.676818+00:00,ENG01,climb,5684,107.7,771.3,4.85,89.7,18.28,0.478,14.2,10.0,24.2,104.7,0.25
2026-08-29T08:34:06.676818+00:00,ENG01,climb,5683,107.7,771.2,4.85,89.7,18.27,0.453,14.2,10.0,24.2,104.7,0.25
2026-08-29T08:34:07.676818+00:00,ENG01,climb,5683,107.6,771.2,4.85,89.7,18.27,0.45,14.2,10.0,24.2,104.7,0.25
2026-08-29T08:34:08.676818+00:00,ENG01,climb,5683,107.6,771.2,4.85,89.7,18.26,0.455,14.2,10.0,24.2,104.6,0.25
2026-08-29T08:34:09.676818+00:00,ENG01,climb,5682,107.5,771.1,4.85,89.7,18.26,0.462,14.2,10.0,24.2,104.6,0.25
2026-08-29T08:34:10.676818+00:00,ENG01,climb,5682,107.5,771.1,4.85,89.7,18.25,0.449,14.2,10.0,24.2,104.6,0.25
2026-08-29T08:34:11.676818+00:00,ENG01,climb,5682,107.4,771.0,4.85,89.7,18.25,0.444,14.2,10.0,24.2,104.5,0.25
2026-08-29T08:34:12.676818+00:00,ENG01,climb,5681,107.4,771.0,4.85,89.7,18.24,0.485,14.2,10.0,24.2,104.5,0.25
2026-08-29T08:34:13.676818+00:00,ENG01,climb,5681,107.3,771.0,4.84,89.6,18.24,0.443,14.2,10.0,24.2,104.5,0.25
2026-08-29T08:34:14.676818+00:00,ENG01,climb,5681,107.3,770.9,4.84,89.6,18.23,0.45,14.2,10.0,24.2,104.4,0.25
2026-08-29T08:34:15.676818+00:00,ENG01,climb,5680,107.2,770.9,4.84,89.6,18.23,0.443,14.2,10.0,24.2,104.4,0.25
2026-08-29T08:34:16.676818+00:00,ENG01,climb,5680,107.2,770.9,4.84,89.6,18.22,0.452,14.2,10.0,24.2,104.4,0.25
2026-08-29T08:34:17.676818+00:00,ENG01,climb,5680,107.1,770.8,4.84,89.6,18.22,0.461,14.2,10.0,24.2,104.3,0.25
2026-08-29T08:34:18.676818+00:00,ENG01,climb,5679,107.1,770.8,4.84,89.6,18.21,0.445,14.2,10.0,24.2,104.3,0.25
2026-08-29T08:34:19.676818+00:00,ENG01,climb,5679,107.0,770.8,4.84,89.6,18.21,0.463,14.2,10.0,24.2,104.3,0.25
2026-08-29T08:34:20.676818+00:00,ENG01,climb,5679,107.0,770.7,4.84,89.6,18.2,0.445,14.2,10.0,24.2,104.3,0.25
2026-08-29T08:34:21.676818+00:00,ENG01,climb,5678,106.9,770.7,4.84,89.6,18.2,0.477,14.2,10.0,24.2,104.2,0.25
2026-08-29T08:34:22.676818+00:00,ENG01,climb,5678,106.9,770.6,4.84,89.6,18.2,0.454,14.2,10.0,24.2,104.2,0.25
2026-08-29T08:34:23.676818+00:00,ENG01,climb,5678,106.8,770.6,4.84,89.6,18.19,0.441,14.2,10.0,24.2,104.2,0.25
2026-08-29T08:34:24.676818+00:00,ENG01,climb,5677,106.8,770.6,4.84,89.6,18.19,0.458,14.2,10.0,24.2,104.1,0.25
2026-08-29T08:34:25.676818+00:00,ENG01,climb,5677,106.7,770.5,4.84,89.6,18.18,0.446,14.2,10.0,24.2,104.1,0.25
2026-08-29T08:34:26.676818+00:00,ENG01,climb,5677,106.7,770.5,4.84,89.6,18.18,0.46,14.2,10.0,24.2,104.1,0.25
2026-08-29T08:34:27.676818+00:00,ENG01,climb,5676,106.6,770.5,4.84,89.6,18.17,0.45,14.2,10.0,24.2,104.0,0.25
2026-08-29T08:34:28.676818+00:00,ENG01,climb,5676,106.6,770.4,4.84,89.6,18.17,0.468,14.2,10.0,24.2,104.0,0.25
2026-08-29T08:34:29.676818+00:00,ENG01,climb,5676,106.5,770.4,4.84,89.6,18.16,0.466,14.2,10.0,24.2,104.0,0.25
2026-08-29T08:34:30.676818+00:00,ENG01,climb,5675,106.5,770.4,4.84,89.6,18.16,0.445,14.2,10.0,24.2,104.0,0.25
2026-08-29T08:34:31.676818+00:00,ENG01,climb,5675,106.4,770.3,4.84,89.6,18.15,0.474,14.2,10.0,24.2,103.9,0.25
2026-08-29T08:34:32.676818+00:00,ENG01,climb,5675,106.4,770.3,4.84,89.6,18.15,0.479,14.2,10.0,24.2,103.9,0.25
2026-08-29T08:34:33.676818+00:00,ENG01,climb,5674,106.3,770.2,4.84,89.6,18.14,0.462,14.2,10.0,24.2,103.9,0.25
2026-08-29T08:34:34.676818+00:00,ENG01,climb,5674,106.3,770.2,4.84,89.5,18.14,0.476,14.2,10.0,24.2,103.8,0.25
2026-08-29T08:34:35.676818+00:00,ENG01,climb,5674,106.2,770.2,4.84,89.5,18.13,0.44,14.2,10.0,24.2,103.8,0.25
2026-08-29T08:34:36.676818+00:00,ENG01,climb,5673,106.2,770.1,4.83,89.5,18.13,0.442,14.2,10.0,24.2,103.8,0.25
2026-08-29T08:34:37.676818+00:00,ENG01,climb,5673,106.1,770.1,4.83,89.5,18.12,0.455,14.2,10.0,24.2,103.8,0.25
2026-08-29T08:34:38.676818+00:00,ENG01,climb,5673,106.1,770.1,4.83,89.5,18.12,0.501,14.2,10.0,24.2,103.7,0.25
2026-08-29T08:34:39.676818+00:00,ENG01,climb,5672,106.0,770.0,4.83,89.5,18.11,0.476,14.2,10.0,24.2,103.7,0.25
2026-08-29T08:34:40.676818+00:00,ENG01,climb,5672,106.0,770.0,4.83,89.5,18.11,0.449,14.2,10.0,24.2,103.7,0.25
2026-08-29T08:34:41.676818+00:00,ENG01,climb,5672,105.9,769.9,4.83,89.5,18.1,0.439,14.2,10.0,24.2,103.6,0.25
2026-08-29T08:34:42.676818+00:00,ENG01,climb,5671,105.9,769.9,4.83,89.5,18.1,0.456,14.2,10.0,24.2,103.6,0.25
2026-08-29T08:34:43.676818+00:00,ENG01,climb,5671,105.8,769.9,4.83,89.5,18.09,0.442,14.2,10.0,24.2,103.6,0.25
2026-08-29T08:34:44.676818+00:00,ENG01,climb,5671,105.8,769.8,4.83,89.5,18.09,0.461,14.2,10.0,24.2,103.5,0.25
2026-08-29T08:34:45.676818+00:00,ENG01,climb,5670,105.7,769.8,4.83,89.5,18.08,0.446,14.2,10.0,24.1,103.5,0.25
2026-08-29T08:34:46.676818+00:00,ENG01,climb,5670,105.7,769.7,4.83,89.5,18.08,0.454,14.2,10.0,24.1,103.5,0.25
2026-08-29T08:34:47.676818+00:00,ENG01,climb,5670,105.6,769.7,4.83,89.4,18.07,0.442,14.2,10.0,24.1,103.5,0.25
2026-08-29T08:34:48.676818+00:00,ENG01,climb,5669,105.6,769.7,4.83,89.4,18.07,0.449,14.2,10.0,24.1,103.4,0.25
2026-08-29T08:34:49.676818+00:00,ENG01,climb,5669,105.6,769.6,4.83,89.4,18.06,0.466,14.2,10.0,24.1,103.4,0.25
2026-08-29T08:34:50.676818+00:00,ENG01,climb,5669,105.5,769.6,4.83,89.4,18.06,0.45,14.2,10.0,24.1,103.4,0.25
2026-08-29T08:34:51.676818+00:00,ENG01,climb,5668,105.5,769.6,4.83,89.4,18.06,0.443,14.2,10.0,24.1,103.3,0.25
2026-08-29T08:34:52.676818+00:00,ENG01,climb,5668,105.4,769.5,4.83,89.4,18.05,0.438,14.2,10.0,24.1,103.3,0.25
2026-08-29T08:34:53.676818+00:00,ENG01,climb,5668,105.4,769.5,4.83,89.4,18.05,0.443,14.2,10.0,24.1,103.3,0.25
2026-08-29T08:34:54.676818+00:00,ENG01,climb,5667,105.3,769.4,4.83,89.4,18.04,0.438,14.2,10.0,24.1,103.2,0.25
2026-08-29T08:34:55.676818+00:00,ENG01,climb,5667,105.3,769.4,4.83,89.4,18.04,0.468,14.2,10.0,24.1,103.2,0.25
2026-08-29T08:34:56.676818+00:00,ENG01,climb,5667,105.2,769.4,4.83,89.4,18.03,0.444,14.2,10.0,24.1,103.2,0.25
2026-08-29T08:34:57.676818+00:00,ENG01,climb,5666,105.2,769.3,4.83,89.4,18.03,0.455,14.2,10.0,24.1,103.2,0.25
2026-08-29T08:34:58.676818+00:00,ENG01,climb,5666,105.1,769.3,4.83,89.3,18.02,0.455,14.2,10.0,24.1,103.1,0.25
2026-08-29T08:34:59.676818+00:00,ENG01,climb,5666,105.1,769.2,4.82,89.3,18.02,0.468,14.2,10.0,24.1,103.1,0.25
2026-08-29T08:35:00.676818+00:00,ENG01,climb,5665,105.0,769.2,4.82,89.3,18.01,0.459,14.2,10.0,24.1,103.1,0.25
2026-08-29T08:35:01.676818+00:00,ENG01,climb,5665,105.0,769.2,4.82,89.3,18.01,0.439,14.2,10.0,24.1,103.0,0.25
2026-08-29T08:35:02.676818+00:00,ENG01,climb,5665,104.9,769.1,4.82,89.3,18.0,0.459,14.2,10.0,24.1,103.0,0.25
2026-08-29T08:35:03.676818+00:00,ENG01,climb,5664,104.9,769.1,4.82,89.3,18.0,0.441,14.2,10.0,24.1,103.0,0.25
2026-08-29T08:35:04.676818+00:00,ENG01,climb,5664,104.8,769.0,4.82,89.3,17.99,0.47,14.2,10.0,24.1,102.9,0.25
2026-08-29T08:35:05.676818+00:00,ENG01,climb,5664,104.8,769.0,4.82,89.3,17.99,0.457,14.2,10.0,24.1,102.9,0.25
2026-08-29T08:35:06.676818+00:00,ENG01,climb,5663,104.7,769.0,4.82,89.3,17.98,0.451,14.2,10.0,24.1,102.9,0.25
2026-08-29T08:35:07.676818+00:00,ENG01,climb,5663,104.7,768.9,4.82,89.2,17.98,0.451,14.2,10.0,24.1,102.9,0.25
2026-08-29T08:35:08.676818+00:00,ENG01,climb,5663,104.6,768.9,4.82,89.2,17.97,0.457,14.2,10.0,24.1,102.8,0.25
2026-08-29T08:35:09.676818+00:00,ENG01,climb,5662,104.6,768.8,4.82,89.2,17.97,0.439,14.2,10.0,24.1,102.8,0.25
2026-08-29T08:35:10.676818+00:00,ENG01,climb,5662,104.5,768.8,4.82,89.2,17.96,0.439,14.2,10.0,24.1,102.8,0.25
2026-08-29T08:35:11.676818+00:00,ENG01,climb,5662,104.5,768.8,4.82,89.2,17.96,0.455,14.2,10.0,24.1,102.7,0.25
2026-08-29T08:35:12.676818+00:00,ENG01,climb,5661,104.4,768.7,4.82,89.2,17.95,0.442,14.2,10.0,24.1,102.7,0.25
2026-08-29T08:35:13.676818+00:00,ENG01,climb,5661,104.4,768.7,4.82,89.2,17.95,0.444,14.2,10.0,24.1,102.7,0.25
2026-08-29T08:35:14.676818+00:00,ENG01,climb,5661,104.4,768.6,4.82,89.2,17.94,0.487,14.2,10.0,24.1,102.7,0.25
2026-08-29T08:35:15.676818+00:00,ENG01,climb,5660,104.3,768.6,4.82,89.1,17.94,0.445,14.2,10.0,24.1,102.6,0.25
2026-08-29T08:35:16.676818+00:00,ENG01,climb,5660,104.3,768.6,4.82,89.1,17.94,0.451,14.2,10.0,24.1,102.6,0.25
2026-08-29T08:35:17.676818+00:00,ENG01,climb,5660,104.2,768.5,4.82,89.1,17.93,0.461,14.2,10.0,24.1,102.6,0.25
2026-08-29T08:35:18.676818+00:00,ENG01,climb,5659,104.2,768.5,4.82,89.1,17.93,0.457,14.2,10.0,24.1,102.5,0.25
2026-08-29T08:35:19.676818+00:00,ENG01,climb,5659,104.1,768.4,4.82,89.1,17.92,0.466,14.2,10.0,24.1,102.5,0.25
2026-08-29T08:35:20.676818+00:00,ENG01,climb,5659,104.1,768.3,4.82,89.1,17.92,0.458,14.2,10.0,24.1,102.5,0.25
2026-08-29T08:35:21.676818+00:00,ENG01,climb,5658,104.0,768.3,4.82,89.1,17.91,0.466,14.2,10.0,24.1,102.4,0.25
2026-08-29T08:35:22.676818+00:00,ENG01,climb,5658,104.0,768.2,4.81,89.1,17.91,0.447,14.2,10.0,24.1,102.4,0.25
2026-08-29T08:35:23.676818+00:00,ENG01,climb,5658,103.9,768.1,4.81,89.0,17.9,0.446,14.2,10.0,24.1,102.4,0.25
2026-08-29T08:35:24.676818+00:00,ENG01,climb,5657,103.9,768.0,4.81,89.0,17.9,0.44,14.2,10.0,24.1,102.4,0.25
2026-08-29T08:35:25.676818+00:00,ENG01,climb,5657,103.8,767.8,4.81,89.0,17.89,0.467,14.2,10.0,24.1,102.3,0.25
2026-08-29T08:35:26.676818+00:00,ENG01,climb,5657,103.8,767.7,4.81,89.0,17.89,0.437,14.2,10.0,24.1,102.3,0.25
2026-08-29T08:35:27.676818+00:00,ENG01,climb,5656,103.7,767.6,4.81,89.0,17.88,0.437,14.2,10.0,24.1,102.3,0.25
2026-08-29T08:35:28.676818+00:00,ENG01,climb,5656,103.7,767.5,4.81,89.0,17.88,0.459,14.2,10.0,24.1,102.2,0.25
2026-08-29T08:35:29.676818+00:00,ENG01,climb,5656,103.6,767.3,4.81,89.0,17.87,0.445,14.2,10.0,24.1,102.2,0.25
2026-08-29T08:35:30.676818+00:00,ENG01,climb,5655,103.6,767.2,4.81,88.9,17.87,0.494,14.2,10.0,24.1,102.2,0.25
2026-08-29T08:35:31.676818+00:00,ENG01,climb,5655,103.5,767.1,4.81,88.9,17.86,0.466,14.2,10.0,24.1,102.2,0.25
2026-08-29T08:35:32.676818+00:00,ENG01,climb,5655,103.5,766.9,4.81,88.9,17.86,0.434,14.2,10.0,24.1,102.1,0.25
2026-08-29T08:35:33.676818+00:00,ENG01,climb,5654,103.5,766.8,4.81,88.9,17.85,0.454,14.2,10.0,24.1,102.1,0.25
2026-08-29T08:35:34.676818+00:00,ENG01,climb,5654,103.4,766.6,4.81,88.9,17.85,0.456,14.2,10.0,24.1,102.1,0.25
2026-08-29T08:35:35.676818+00:00,ENG01,climb,5654,103.4,766.5,4.81,88.9,17.84,0.449,14.2,10.0,24.1,102.0,0.25
2026-08-29T08:35:36.676818+00:00,ENG01,climb,5653,103.3,766.3,4.81,88.9,17.84,0.448,14.2,10.0,24.1,102.0,0.25
2026-08-29T08:35:37.676818+00:00,ENG01,climb,5653,103.3,766.2,4.81,88.8,17.83,0.448,14.2,10.0,24.1,102.0,0.25
2026-08-29T08:35:38.676818+00:00,ENG01,climb,5653,103.2,766.0,4.81,88.8,17.83,0.447,14.2,10.0,24.1,101.9,0.25
2026-08-29T08:35:39.676818+00:00,ENG01,climb,5652,103.2,765.9,4.81,88.8,17.83,0.473,14.2,10.0,24.1,101.9,0.25
2026-08-29T08:35:40.676818+00:00,ENG01,climb,5652,103.1,765.7,4.81,88.8,17.82,0.467,14.2,10.0,24.0,101.9,0.25
2026-08-29T08:35:41.676818+00:00,ENG01,climb,5652,103.1,765.6,4.81,88.8,17.82,0.442,14.2,10.0,24.0,101.9,0.25
2026-08-29T08:35:42.676818+00:00,ENG01,climb,5651,103.0,765.4,4.81,88.8,17.81,0.437,14.2,10.0,24.0,101.8,0.25
2026-08-29T08:35:43.676818+00:00,ENG01,climb,5651,103.0,765.3,4.81,88.8,17.81,0.451,14.2,10.0,24.0,101.8,0.25
2026-08-29T08:35:44.676818+00:00,ENG01,climb,5651,102.9,765.1,4.81,88.7,17.8,0.447,14.2,10.0,24.0,101.8,0.25
2026-08-29T08:35:45.676818+00:00,ENG01,climb,5650,102.9,765.0,4.8,88.7,17.8,0.451,14.2,10.0,24.0,101.7,0.25
2026-08-29T08:35:46.676818+00:00,ENG01,climb,5650,102.8,764.8,4.8,88.7,17.79,0.464,14.2,10.0,24.0,101.7,0.25
2026-08-29T08:35:47.676818+00:00,ENG01,climb,5650,102.8,764.7,4.8,88.7,17.79,0.446,14.2,10.0,24.0,101.7,0.25
2026-08-29T08:35:48.676818+00:00,ENG01,climb,5649,102.7,764.5,4.8,88.7,17.78,0.436,14.2,10.0,24.0,101.7,0.25
2026-08-29T08:35:49.676818+00:00,ENG01,climb,5649,102.7,764.3,4.8,88.7,17.78,0.439,14.2,10.0,24.0,101.6,0.25
2026-08-29T08:35:50.676818+00:00,ENG01,climb,5649,102.7,764.2,4.8,88.6,17.77,0.451,14.2,10.0,24.0,101.6,0.25
2026-08-29T08:35:51.676818+00:00,ENG01,climb,5648,102.6,764.0,4.8,88.6,17.77,0.452,14.2,10.0,24.0,101.6,0.25
2026-08-29T08:35:52.676818+00:00,ENG01,climb,5648,102.6,763.9,4.8,88.6,17.76,0.434,14.2,10.0,24.0,101.5,0.25
2026-08-29T08:35:53.676818+00:00,ENG01,climb,5648,102.5,763.7,4.8,88.6,17.76,0.475,14.2,10.0,24.0,101.5,0.25
2026-08-29T08:35:54.676818+00:00,ENG01,climb,5647,102.5,763.5,4.8,88.6,17.75,0.445,14.2,10.0,24.0,101.5,0.25
2026-08-29T08:35:55.676818+00:00,ENG01,climb,5647,102.4,763.4,4.8,88.6,17.75,0.448,14.2,10.0,24.0,101.4,0.25
2026-08-29T08:35:56.676818+00:00,ENG01,climb,5647,102.4,763.2,4.8,88.5,17.74,0.431,14.2,10.0,24.0,101.4,0.25
2026-08-29T08:35:57.676818+00:00,ENG01,climb,5646,102.3,763.1,4.8,88.5,17.74,0.446,14.2,10.0,24.0,101.4,0.25
2026-08-29T08:35:58.676818+00:00,ENG01,climb,5646,102.3,762.9,4.8,88.5,17.74,0.467,14.2,10.0,24.0,101.4,0.25
2026-08-29T08:35:59.676818+00:00,ENG01,climb,5646,102.2,762.8,4.8,88.5,17.73,0.433,14.2,10.0,24.0,101.3,0.25
2026-08-29T08:36:00.676818+00:00,ENG01,climb,5645,102.2,762.6,4.8,88.5,17.73,0.455,14.2,10.0,24.0,101.3,0.25
2026-08-29T08:36:01.676818+00:00,ENG01,climb,5645,102.1,762.4,4.8,88.4,17.72,0.448,14.2,10.0,24.0,101.3,0.25
2026-08-29T08:36:02.676818+00:00,ENG01,climb,5645,102.1,762.3,4.8,88.4,17.72,0.442,14.2,10.0,24.0,101.2,0.25
2026-08-29T08:36:03.676818+00:00,ENG01,climb,5644,102.1,762.1,4.8,88.4,17.71,0.448,14.2,10.0,24.0,101.2,0.25
2026-08-29T08:36:04.676818+00:00,ENG01,climb,5644,102.0,762.0,4.8,88.4,17.71,0.445,14.2,10.0,24.0,101.2,0.25
2026-08-29T08:36:05.676818+00:00,ENG01,climb,5644,102.0,761.8,4.8,88.4,17.7,0.452,14.2,10.0,24.0,101.2,0.25
2026-08-29T08:36:06.676818+00:00,ENG01,climb,5643,101.9,761.6,4.8,88.4,17.7,0.444,14.2,10.0,24.0,101.1,0.25
2026-08-29T08:36:07.676818+00:00,ENG01,climb,5643,101.9,761.5,4.8,88.3,17.69,0.446,14.2,10.0,24.0,101.1,0.25
2026-08-29T08:36:08.676818+00:00,ENG01,climb,5643,101.8,761.3,4.79,88.3,17.69,0.43,14.2,10.0,24.0,101.1,0.25
2026-08-29T08:36:09.676818+00:00,ENG01,climb,5642,101.8,761.2,4.79,88.3,17.68,0.468,14.2,10.0,24.0,101.0,0.25
2026-08-29T08:36:10.676818+00:00,ENG01,climb,5642,101.7,761.0,4.79,88.3,17.68,0.436,14.2,10.0,24.0,101.0,0.25
2026-08-29T08:36:11.676818+00:00,ENG01,climb,5642,101.7,760.8,4.79,88.3,17.67,0.448,14.2,10.0,24.0,101.0,0.25
2026-08-29T08:36:12.676818+00:00,ENG01,climb,5641,101.6,760.7,4.79,88.2,17.67,0.444,14.2,10.0,24.0,101.0,0.25
2026-08-29T08:36:13.676818+00:00,ENG01,climb,5641,101.6,760.5,4.79,88.2,17.66,0.431,14.2,10.0,24.0,100.9,0.25
2026-08-29T08:36:14.676818+00:00,ENG01,climb,5641,101.5,760.4,4.79,88.2,17.66,0.453,14.2,10.0,24.0,100.9,0.25
2026-08-29T08:36:15.676818+00:00,ENG01,climb,5640,101.5,760.2,4.79,88.2,17.65,0.441,14.2,10.0,24.0,100.9,0.25
2026-08-29T08:36:16.676818+00:00,ENG01,climb,5640,101.4,760.0,4.79,88.2,17.65,0.446,14.2,10.0,24.0,100.8,0.25
2026-08-29T08:36:17.676818+00:00,ENG01,climb,5640,101.4,759.9,4.79,88.2,17.65,0.43,14.2,10.0,24.0,100.8,0.25
2026-08-29T08:36:18.676818+00:00,ENG01,climb,5639,101.4,759.7,4.79,88.1,17.64,0.458,14.2,10.0,24.0,100.8,0.25
2026-08-29T08:36:19.676818+00:00,ENG01,climb,5639,101.3,759.6,4.79,88.1,17.64,0.433,14.2,10.0,24.0,100.8,0.25
2026-08-29T08:36:20.676818+00:00,ENG01,climb,5639,101.3,759.4,4.79,88.1,17.63,0.433,14.2,10.0,24.0,100.7,0.25
2026-08-29T08:36:21.676818+00:00,ENG01,climb,5638,101.2,759.3,4.79,88.1,17.63,0.454,14.2,10.0,24.0,100.7,0.25
2026-08-29T08:36:22.676818+00:00,ENG01,climb,5638,101.2,759.1,4.79,88.1,17.62,0.442,14.2,10.0,24.0,100.7,0.25
2026-08-29T08:36:23.676818+00:00,ENG01,climb,5638,101.1,758.9,4.79,88.0,17.62,0.459,14.2,10.0,24.0,100.6,0.25
2026-08-29T08:36:24.676818+00:00,ENG01,climb,5637,101.1,758.8,4.79,88.0,17.61,0.454,14.2,10.0,24.0,100.6,0.25
2026-08-29T08:36:25.676818+00:00,ENG01,climb,5637,101.0,758.6,4.79,88.0,17.61,0.437,14.2,10.0,24.0,100.6,0.25
2026-08-29T08:36:26.676818+00:00,ENG01,climb,5637,101.0,758.5,4.79,88.0,17.6,0.472,14.2,10.0,24.0,100.6,0.25
2026-08-29T08:36:27.676818+00:00,ENG01,climb,5636,100.9,758.3,4.79,88.0,17.6,0.429,14.2,10.0,24.0,100.5,0.25
2026-08-29T08:36:28.676818+00:00,ENG01,climb,5636,100.9,758.1,4.79,87.9,17.59,0.436,14.2,10.0,24.0,100.5,0.25
2026-08-29T08:36:29.676818+00:00,ENG01,climb,5636,100.9,758.0,4.79,87.9,17.59,0.463,14.2,10.0,24.0,100.5,0.25
2026-08-29T08:36:30.676818+00:00,ENG01,climb,5635,100.8,757.8,4.79,87.9,17.58,0.442,14.2,10.0,24.0,100.4,0.25
2026-08-29T08:36:31.676818+00:00,ENG01,climb,5635,100.8,757.7,4.78,87.9,17.58,0.439,14.2,10.0,24.0,100.4,0.25
2026-08-29T08:36:32.676818+00:00,ENG01,climb,5635,100.7,757.5,4.78,87.9,17.57,0.446,14.2,10.0,24.0,100.4,0.25
2026-08-29T08:36:33.676818+00:00,ENG01,climb,5634,100.7,757.4,4.78,87.8,17.57,0.449,14.2,10.0,24.0,100.3,0.25
2026-08-29T08:36:34.676818+00:00,ENG01,climb,5634,100.6,757.2,4.78,87.8,17.56,0.442,14.2,10.0,24.0,100.3,0.25
2026-08-29T08:36:35.676818+00:00,ENG01,climb,5634,100.6,757.0,4.78,87.8,17.56,0.456,14.2,10.0,23.9,100.3,0.25
2026-08-29T08:36:36.676818+00:00,ENG01,climb,5633,100.5,756.9,4.78,87.8,17.56,0.448,14.2,10.0,23.9,100.3,0.25
2026-08-29T08:36:37.676818+00:00,ENG01,climb,5633,100.5,756.7,4.78,87.7,17.55,0.459,14.2,10.0,23.9,100.2,0.25
2026-08-29T08:36:38.676818+00:00,ENG01,climb,5633,100.4,756.6,4.78,87.7,17.55,0.457,14.2,10.0,23.9,100.2,0.25
2026-08-29T08:36:39.676818+00:00,ENG01,climb,5632,100.4,756.4,4.78,87.7,17.54,0.458,14.2,10.0,23.9,100.2,0.25
2026-08-29T08:36:40.676818+00:00,ENG01,climb,5632,100.3,756.2,4.78,87.7,17.54,0.437,14.2,10.0,23.9,100.1,0.25
2026-08-29T08:36:41.676818+00:00,ENG01,climb,5632,100.3,756.1,4.78,87.7,17.53,0.441,14.2,10.0,23.9,100.1,0.25
2026-08-29T08:36:42.676818+00:00,ENG01,climb,5631,100.3,755.9,4.78,87.6,17.53,0.451,14.2,10.0,23.9,100.1,0.25
2026-08-29T08:36:43.676818+00:00,ENG01,climb,5631,100.2,755.8,4.78,87.6,17.52,0.436,14.2,10.0,23.9,100.1,0.25
2026-08-29T08:36:44.676818+00:00,ENG01,climb,5631,100.2,755.6,4.78,87.6,17.52,0.428,14.2,10.0,23.9,100.0,0.25
2026-08-29T08:36:45.676818+00:00,ENG01,climb,5630,100.1,755.5,4.78,87.6,17.51,0.435,14.2,10.0,23.9,100.0,0.25
2026-08-29T08:36:46.676818+00:00,ENG01,climb,5630,100.1,755.3,4.78,87.6,17.51,0.436,14.2,10.0,23.9,100.0,0.25
2026-08-29T08:36:47.676818+00:00,ENG01,climb,5630,100.0,755.1,4.78,87.5,17.5,0.458,14.2,10.0,23.9,99.9,0.25
2026-08-29T08:36:48.676818+00:00,ENG01,climb,5629,100.0,755.0,4.78,87.5,17.5,0.431,14.2,10.0,23.9,99.9,0.25
2026-08-29T08:36:49.676818+00:00,ENG01,climb,5629,99.9,754.8,4.78,87.5,17.49,0.436,14.2,10.0,23.9,99.9,0.25
2026-08-29T08:36:50.676818+00:00,ENG01,climb,5629,99.9,754.7,4.78,87.5,17.49,0.478,14.2,10.0,23.9,99.9,0.25
2026-08-29T08:36:51.676818+00:00,ENG01,climb,5628,99.8,754.5,4.78,87.4,17.49,0.439,14.2,10.0,23.9,99.8,0.25
2026-08-29T08:36:52.676818+00:00,ENG01,climb,5628,99.8,754.3,4.78,87.4,17.48,0.469,14.2,10.0,23.9,99.8,0.25
2026-08-29T08:36:53.676818+00:00,ENG01,climb,5628,99.8,754.2,4.78,87.4,17.48,0.434,14.2,10.0,23.9,99.8,0.25
2026-08-29T08:36:54.676818+00:00,ENG01,climb,5627,99.7,754.0,4.77,87.4,17.47,0.433,14.2,10.0,23.9,99.7,0.25
2026-08-29T08:36:55.676818+00:00,ENG01,climb,5627,99.7,753.9,4.77,87.4,17.47,0.439,14.2,10.0,23.9,99.7,0.25
2026-08-29T08:36:56.676818+00:00,ENG01,climb,5627,99.6,753.7,4.77,87.3,17.46,0.436,14.2,10.0,23.9,99.7,0.25
2026-08-29T08:36:57.676818+00:00,ENG01,climb,5626,99.6,753.6,4.77,87.3,17.46,0.446,14.2,10.0,23.9,99.7,0.25
2026-08-29T08:36:58.676818+00:00,ENG01,climb,5626,99.5,753.4,4.77,87.3,17.45,0.437,14.2,10.0,23.9,99.6,0.25
2026-08-29T08:36:59.676818+00:00,ENG01,climb,5626,99.5,753.2,4.77,87.3,17.45,0.456,14.2,10.0,23.9,99.6,0.25
2026-08-29T08:37:00.676818+00:00,ENG01,climb,5625,99.4,753.1,4.77,87.2,17.44,0.43,14.2,10.0,23.9,99.6,0.25
2026-08-29T08:37:01.676818+00:00,ENG01,climb,5625,99.4,752.9,4.77,87.2,17.44,0.433,14.2,10.0,23.9,99.5,0.25
2026-08-29T08:37:02.676818+00:00,ENG01,climb,5625,99.3,752.8,4.77,87.2,17.43,0.436,14.2,10.0,23.9,99.5,0.25
2026-08-29T08:37:03.676818+00:00,ENG01,climb,5624,99.3,752.6,4.77,87.2,17.43,0.427,14.2,10.0,23.9,99.5,0.25
2026-08-29T08:37:04.676818+00:00,ENG01,climb,5624,99.3,752.5,4.77,87.2,17.42,0.464,14.2,10.0,23.9,99.5,0.25
2026-08-29T08:37:05.676818+00:00,ENG01,climb,5624,99.2,752.3,4.77,87.1,17.42,0.433,14.2,10.0,23.9,99.4,0.25
2026-08-29T08:37:06.676818+00:00,ENG01,climb,5623,99.2,752.1,4.77,87.1,17.41,0.434,14.2,10.0,23.9,99.4,0.25
2026-08-29T08:37:07.676818+00:00,ENG01,climb,5623,99.1,752.0,4.77,87.1,17.41,0.48,14.2,10.0,23.9,99.4,0.25
2026-08-29T08:37:08.676818+00:00,ENG01,climb,5623,99.1,751.8,4.77,87.1,17.41,0.46,14.2,10.0,23.9,99.3,0.25
2026-08-29T08:37:09.676818+00:00,ENG01,climb,5622,99.0,751.7,4.77,87.0,17.4,0.432,14.2,10.0,23.9,99.3,0.25
2026-08-29T08:37:10.676818+00:00,ENG01,climb,5622,99.0,751.5,4.77,87.0,17.4,0.448,14.2,10.0,23.9,99.3,0.25
2026-08-29T08:37:11.676818+00:00,ENG01,climb,5622,98.9,751.3,4.77,87.0,17.39,0.451,14.2,10.0,23.9,99.3,0.25
2026-08-29T08:37:12.676818+00:00,ENG01,climb,5621,98.9,751.2,4.77,87.0,17.39,0.449,14.2,10.0,23.9,99.2,0.25
2026-08-29T08:37:13.676818+00:00,ENG01,climb,5621,98.9,751.0,4.77,86.9,17.38,0.426,14.2,10.0,23.9,99.2,0.25
2026-08-29T08:37:14.676818+00:00,ENG01,climb,5621,98.8,750.9,4.77,86.9,17.38,0.453,14.2,10.0,23.9,99.2,0.25
2026-08-29T08:37:15.676818+00:00,ENG01,climb,5620,98.8,750.7,4.77,86.9,17.37,0.432,14.2,10.0,23.9,99.1,0.25
2026-08-29T08:37:16.676818+00:00,ENG01,climb,5620,98.7,750.6,4.77,86.9,17.37,0.436,14.2,10.0,23.9,99.1,0.25
2026-08-29T08:37:17.676818+00:00,ENG01,climb,5620,98.7,750.4,4.76,86.8,17.36,0.447,14.2,10.0,23.9,99.1,0.25
2026-08-29T08:37:18.676818+00:00,ENG01,climb,5619,98.6,750.2,4.76,86.8,17.36,0.444,14.2,10.0,23.9,99.1,0.25
2026-08-29T08:37:19.676818+00:00,ENG01,climb,5619,98.6,750.1,4.76,86.8,17.35,0.466,14.2,10.0,23.9,99.0,0.25
2026-08-29T08:37:20.676818+00:00,ENG01,climb,5619,98.5,749.9,4.76,86.8,17.35,0.435,14.2,10.0,23.9,99.0,0.25
2026-08-29T08:37:21.676818+00:00,ENG01,climb,5618,98.5,749.8,4.76,86.8,17.34,0.432,14.2,10.0,23.9,99.0,0.25
2026-08-29T08:37:22.676818+00:00,ENG01,climb,5618,98.4,749.6,4.76,86.7,17.34,0.464,14.2,10.0,23.9,98.9,0.25
2026-08-29T08:37:23.676818+00:00,ENG01,climb,5618,98.4,749.5,4.76,86.7,17.34,0.43,14.2,10.0,23.9,98.9,0.25
2026-08-29T08:37:24.676818+00:00,ENG01,climb,5617,98.4,749.3,4.76,86.7,17.33,0.464,14.2,10.0,23.9,98.9,0.25
2026-08-29T08:37:25.676818+00:00,ENG01,climb,5617,98.3,749.1,4.76,86.7,17.33,0.44,14.2,10.0,23.9,98.9,0.25
2026-08-29T08:37:26.676818+00:00,ENG01,climb,5617,98.3,749.0,4.76,86.6,17.32,0.424,14.2,10.0,23.9,98.8,0.25
2026-08-29T08:37:27.676818+00:00,ENG01,climb,5616,98.2,748.8,4.76,86.6,17.32,0.43,14.2,10.0,23.9,98.8,0.25
2026-08-29T08:37:28.676818+00:00,ENG01,climb,5616,98.2,748.7,4.76,86.6,17.31,0.442,14.2,10.0,23.9,98.8,0.25
2026-08-29T08:37:29.676818+00:00,ENG01,climb,5616,98.1,748.5,4.76,86.6,17.31,0.462,14.2,10.0,23.9,98.7,0.25
2026-08-29T08:37:30.676818+00:00,ENG01,climb,5615,98.1,748.4,4.76,86.5,17.3,0.429,14.2,10.0,23.8,98.7,0.25
2026-08-29T08:37:31.676818+00:00,ENG01,climb,5615,98.0,748.2,4.76,86.5,17.3,0.442,14.2,10.0,23.8,98.7,0.25
2026-08-29T08:37:32.676818+00:00,ENG01,climb,5615,98.0,748.1,4.76,86.5,17.29,0.453,14.2,10.0,23.8,98.7,0.25
2026-08-29T08:37:33.676818+00:00,ENG01,climb,5614,98.0,747.9,4.76,86.5,17.29,0.459,14.2,10.0,23.8,98.6,0.25
2026-08-29T08:37:34.676818+00:00,ENG01,climb,5614,97.9,747.7,4.76,86.4,17.28,0.43,14.2,10.0,23.8,98.6,0.25
2026-08-29T08:37:35.676818+00:00,ENG01,climb,5614,97.9,747.6,4.76,86.4,17.28,0.444,14.2,10.0,23.8,98.6,0.25
2026-08-29T08:37:36.676818+00:00,ENG01,climb,5613,97.8,747.4,4.76,86.4,17.28,0.456,14.2,10.0,23.8,98.6,0.25
2026-08-29T08:37:37.676818+00:00,ENG01,climb,5613,97.8,747.3,4.76,86.4,17.27,0.446,14.2,10.0,23.8,98.5,0.25
2026-08-29T08:37:38.676818+00:00,ENG01,climb,5613,97.7,747.1,4.76,86.3,17.27,0.436,14.2,10.0,23.8,98.5,0.25
2026-08-29T08:37:39.676818+00:00,ENG01,climb,5612,97.7,747.0,4.76,86.3,17.26,0.438,14.2,10.0,23.8,98.5,0.25
2026-08-29T08:37:40.676818+00:00,ENG01,climb,5612,97.6,746.8,4.75,86.3,17.26,0.437,14.2,10.0,23.8,98.4,0.25
2026-08-29T08:37:41.676818+00:00,ENG01,climb,5612,97.6,746.6,4.75,86.3,17.25,0.45,14.2,10.0,23.8,98.4,0.25
2026-08-29T08:37:42.676818+00:00,ENG01,climb,5611,97.6,746.5,4.75,86.2,17.25,0.441,14.2,10.0,23.8,98.4,0.25
2026-08-29T08:37:43.676818+00:00,ENG01,climb,5611,97.5,746.3,4.75,86.2,17.24,0.428,14.2,10.0,23.8,98.4,0.25
2026-08-29T08:37:44.676818+00:00,ENG01,climb,5611,97.5,746.2,4.75,86.2,17.24,0.422,14.2,10.0,23.8,98.3,0.25
2026-08-29T08:37:45.676818+00:00,ENG01,climb,5610,97.4,746.0,4.75,86.2,17.23,0.433,14.2,10.0,23.8,98.3,0.25
2026-08-29T08:37:46.676818+00:00,ENG01,climb,5610,97.4,745.9,4.75,86.1,17.23,0.429,14.2,10.0,23.8,98.3,0.25
2026-08-29T08:37:47.676818+00:00,ENG01,climb,5610,97.3,745.7,4.75,86.1,17.22,0.426,14.2,10.0,23.8,98.2,0.25
2026-08-29T08:37:48.676818+00:00,ENG01,climb,5609,97.3,745.5,4.75,86.1,17.22,0.441,14.2,10.0,23.8,98.2,0.25
2026-08-29T08:37:49.676818+00:00,ENG01,climb,5609,97.2,745.4,4.75,86.0,17.21,0.422,14.2,10.0,23.8,98.2,0.25
2026-08-29T08:37:50.676818+00:00,ENG01,climb,5609,97.2,745.2,4.75,86.0,17.21,0.426,14.2,10.0,23.8,98.2,0.25
2026-08-29T08:37:51.676818+00:00,ENG01,climb,5608,97.2,745.1,4.75,86.0,17.21,0.422,14.2,10.0,23.8,98.1,0.25
2026-08-29T08:37:52.676818+00:00,ENG01,climb,5608,97.1,744.9,4.75,86.0,17.2,0.435,14.2,10.0,23.8,98.1,0.25
2026-08-29T08:37:53.676818+00:00,ENG01,climb,5608,97.1,744.8,4.75,85.9,17.2,0.436,14.2,10.0,23.8,98.1,0.25
2026-08-29T08:37:54.676818+00:00,ENG01,climb,5607,97.0,744.6,4.75,85.9,17.19,0.458,14.2,10.0,23.8,98.0,0.25
2026-08-29T08:37:55.676818+00:00,ENG01,climb,5607,97.0,744.5,4.75,85.9,17.19,0.432,14.2,10.0,23.8,98.0,0.25
2026-08-29T08:37:56.676818+00:00,ENG01,climb,5607,96.9,744.3,4.75,85.9,17.18,0.445,14.2,10.0,23.8,98.0,0.25
2026-08-29T08:37:57.676818+00:00,ENG01,climb,5606,96.9,744.1,4.75,85.8,17.18,0.438,14.2,10.0,23.8,98.0,0.25
2026-08-29T08:37:58.676818+00:00,ENG01,climb,5606,96.8,744.0,4.75,85.8,17.17,0.473,14.2,10.0,23.8,97.9,0.25
2026-08-29T08:37:59.676818+00:00,ENG01,climb,5606,96.8,743.8,4.75,85.8,17.17,0.435,14.2,10.0,23.8,97.9,0.25
2026-08-29T08:38:00.676818+00:00,ENG01,climb,5605,96.8,743.7,4.75,85.8,17.16,0.433,14.2,10.0,23.8,97.9,0.25
2026-08-29T08:38:01.676818+00:00,ENG01,climb,5605,96.7,743.5,4.75,85.7,17.16,0.435,14.2,10.0,23.8,97.8,0.25
2026-08-29T08:38:02.676818+00:00,ENG01,climb,5605,96.7,743.4,4.75,85.7,17.15,0.423,14.2,10.0,23.8,97.8,0.25
2026-08-29T08:38:03.676818+00:00,ENG01,climb,5604,96.6,743.2,4.74,85.7,17.15,0.429,14.2,10.0,23.8,97.8,0.25
2026-08-29T08:38:04.676818+00:00,ENG01,climb,5604,96.6,743.1,4.74,85.7,17.15,0.432,14.2,10.0,23.8,97.8,0.25
2026-08-29T08:38:05.676818+00:00,ENG01,climb,5604,96.5,742.9,4.74,85.6,17.14,0.437,14.2,10.0,23.8,97.7,0.25
2026-08-29T08:38:06.676818+00:00,ENG01,climb,5603,96.5,742.7,4.74,85.6,17.14,0.434,14.2,10.0,23.8,97.7,0.25
2026-08-29T08:38:07.676818+00:00,ENG01,climb,5603,96.4,742.6,4.74,85.6,17.13,0.444,14.2,10.0,23.8,97.7,0.25
2026-08-29T08:38:08.676818+00:00,ENG01,climb,5603,96.4,742.4,4.74,85.5,17.13,0.423,14.2,10.0,23.8,97.7,0.25
2026-08-29T08:38:09.676818+00:00,ENG01,climb,5602,96.4,742.3,4.74,85.5,17.12,0.421,14.2,10.0,23.8,97.6,0.25
2026-08-29T08:38:10.676818+00:00,ENG01,climb,5602,96.3,742.1,4.74,85.5,17.12,0.422,14.2,10.0,23.8,97.6,0.25
2026-08-29T08:38:11.676818+00:00,ENG01,climb,5602,96.3,742.0,4.74,85.5,17.11,0.433,14.2,10.0,23.8,97.6,0.25
2026-08-29T08:38:12.676818+00:00,ENG01,climb,5601,96.2,741.8,4.74,85.4,17.11,0.437,14.2,10.0,23.8,97.5,0.25
2026-08-29T08:38:13.676818+00:00,ENG01,climb,5601,96.2,741.7,4.74,85.4,17.1,0.437,14.2,10.0,23.8,97.5,0.25
2026-08-29T08:38:14.676818+00:00,ENG01,climb,5601,96.1,741.5,4.74,85.4,17.1,0.45,14.2,10.0,23.8,97.5,0.25
2026-08-29T08:38:15.676818+00:00,ENG01,climb,5600,96.1,741.3,4.74,85.4,17.09,0.433,14.2,10.0,23.8,97.5,0.25
2026-08-29T08:38:16.676818+00:00,ENG01,climb,5600,96.0,741.2,4.74,85.3,17.09,0.422,14.2,10.0,23.8,97.4,0.25
2026-08-29T08:38:17.676818+00:00,ENG01,climb,5600,96.0,741.0,4.74,85.3,17.09,0.432,14.2,10.0,23.8,97.4,0.25
2026-08-29T08:38:18.676818+00:00,ENG01,climb,5599,96.0,740.9,4.74,85.3,17.08,0.43,14.2,10.0,23.8,97.4,0.25
2026-08-29T08:38:19.676818+00:00,ENG01,climb,5599,95.9,740.7,4.74,85.2,17.08,0.431,14.2,10.0,23.8,97.3,0.25
2026-08-29T08:38:20.676818+00:00,ENG01,climb,5599,95.9,740.6,4.74,85.2,17.07,0.444,14.2,10.0,23.8,97.3,0.25
2026-08-29T08:38:21.676818+00:00,ENG01,climb,5598,95.8,740.4,4.74,85.2,17.07,0.452,14.2,10.0,23.8,97.3,0.25
2026-08-29T08:38:22.676818+00:00,ENG01,climb,5598,95.8,740.3,4.74,85.2,17.06,0.457,14.2,10.0,23.8,97.3,0.25
2026-08-29T08:38:23.676818+00:00,ENG01,climb,5598,95.7,740.1,4.74,85.1,17.06,0.418,14.2,10.0,23.8,97.2,0.25
2026-08-29T08:38:24.676818+00:00,ENG01,climb,5597,95.7,739.9,4.74,85.1,17.05,0.424,14.2,10.0,23.8,97.2,0.25
2026-08-29T08:38:25.676818+00:00,ENG01,climb,5597,95.6,739.8,4.74,85.1,17.05,0.426,14.2,10.0,23.7,97.2,0.25
2026-08-29T08:38:26.676818+00:00,ENG01,climb,5597,95.6,739.6,4.73,85.1,17.04,0.418,14.2,10.0,23.7,97.1,0.25
2026-08-29T08:38:27.676818+00:00,ENG01,climb,5596,95.6,739.5,4.73,85.0,17.04,0.43,14.2,10.0,23.7,97.1,0.25
2026-08-29T08:38:28.676818+00:00,ENG01,climb,5596,95.5,739.3,4.73,85.0,17.03,0.42,14.2,10.0,23.7,97.1,0.25
2026-08-29T08:38:29.676818+00:00,ENG01,climb,5596,95.5,739.2,4.73,85.0,17.03,0.421,14.2,10.0,23.7,97.1,0.25
2026-08-29T08:38:30.676818+00:00,ENG01,climb,5595,95.4,739.0,4.73,84.9,17.03,0.452,14.2,10.0,23.7,97.0,0.25
2026-08-29T08:38:31.676818+00:00,ENG01,climb,5595,95.4,738.9,4.73,84.9,17.02,0.42,14.2,10.0,23.7,97.0,0.25
2026-08-29T08:38:32.676818+00:00,ENG01,climb,5595,95.3,738.7,4.73,84.9,17.02,0.418,14.2,10.0,23.7,97.0,0.25
2026-08-29T08:38:33.676818+00:00,ENG01,climb,5594,95.3,738.6,4.73,84.9,17.01,0.435,14.2,10.0,23.7,97.0,0.25
2026-08-29T08:38:34.676818+00:00,ENG01,climb,5594,95.2,738.4,4.73,84.8,17.01,0.42,14.2,10.0,23.7,96.9,0.25
2026-08-29T08:38:35.676818+00:00,ENG01,climb,5594,95.2,738.2,4.73,84.8,17.0,0.423,14.2,10.0,23.7,96.9,0.25
2026-08-29T08:38:36.676818+00:00,ENG01,climb,5593,95.2,738.1,4.73,84.8,17.0,0.418,14.2,10.0,23.7,96.9,0.25
2026-08-29T08:38:37.676818+00:00,ENG01,climb,5593,95.1,737.9,4.73,84.7,16.99,0.441,14.2,10.0,23.7,96.8,0.25
2026-08-29T08:38:38.676818+00:00,ENG01,climb,5593,95.1,737.8,4.73,84.7,16.99,0.417,14.2,10.0,23.7,96.8,0.25
2026-08-29T08:38:39.676818+00:00,ENG01,climb,5592,95.0,737.6,4.73,84.7,16.98,0.439,14.2,10.0,23.7,96.8,0.25
2026-08-29T08:38:40.676818+00:00,ENG01,climb,5592,95.0,737.5,4.73,84.7,16.98,0.421,14.2,10.0,23.7,96.8,0.25
2026-08-29T08:38:41.676818+00:00,ENG01,climb,5592,94.9,737.3,4.73,84.6,16.98,0.44,14.2,10.0,23.7,96.7,0.25
2026-08-29T08:38:42.676818+00:00,ENG01,climb,5591,94.9,737.2,4.73,84.6,16.97,0.434,14.2,10.0,23.7,96.7,0.25
2026-08-29T08:38:43.676818+00:00,ENG01,climb,5591,94.9,737.0,4.73,84.6,16.97,0.431,14.2,10.0,23.7,96.7,0.25
2026-08-29T08:38:44.676818+00:00,ENG01,climb,5591,94.8,736.8,4.73,84.5,16.96,0.422,14.2,10.0,23.7,96.7,0.25
2026-08-29T08:38:45.676818+00:00,ENG01,climb,5590,94.8,736.7,4.73,84.5,16.96,0.418,14.2,10.0,23.7,96.6,0.25
2026-08-29T08:38:46.676818+00:00,ENG01,climb,5590,94.7,736.5,4.73,84.5,16.95,0.424,14.2,10.0,23.7,96.6,0.25
2026-08-29T08:38:47.676818+00:00,ENG01,climb,5590,94.7,736.4,4.73,84.5,16.95,0.455,14.2,10.0,23.7,96.6,0.25
2026-08-29T08:38:48.676818+00:00,ENG01,climb,5589,94.6,736.2,4.73,84.4,16.94,0.438,14.2,10.0,23.7,96.5,0.25
2026-08-29T08:38:49.676818+00:00,ENG01,climb,5589,94.6,736.1,4.72,84.4,16.94,0.418,14.2,10.0,23.7,96.5,0.25
2026-08-29T08:38:50.676818+00:00,ENG01,climb,5589,94.5,735.9,4.72,84.4,16.93,0.422,14.2,10.0,23.7,96.5,0.25
2026-08-29T08:38:51.676818+00:00,ENG01,climb,5588,94.5,735.8,4.72,84.3,16.93,0.417,14.2,10.0,23.7,96.5,0.25
2026-08-29T08:38:52.676818+00:00,ENG01,climb,5588,94.5,735.6,4.72,84.3,16.93,0.435,14.2,10.0,23.7,96.4,0.25
2026-08-29T08:38:53.676818+00:00,ENG01,climb,5588,94.4,735.5,4.72,84.3,16.92,0.418,14.2,10.0,23.7,96.4,0.25
2026-08-29T08:38:54.676818+00:00,ENG01,climb,5587,94.4,735.3,4.72,84.3,16.92,0.424,14.2,10.0,23.7,96.4,0.25
2026-08-29T08:38:55.676818+00:00,ENG01,climb,5587,94.3,735.2,4.72,84.2,16.91,0.436,14.2,10.0,23.7,96.3,0.25
2026-08-29T08:38:56.676818+00:00,ENG01,climb,5587,94.3,735.0,4.72,84.2,16.91,0.421,14.2,10.0,23.7,96.3,0.25
2026-08-29T08:38:57.676818+00:00,ENG01,climb,5586,94.2,734.8,4.72,84.2,16.9,0.419,14.2,10.0,23.7,96.3,0.25
2026-08-29T08:38:58.676818+00:00,ENG01,climb,5586,94.2,734.7,4.72,84.1,16.9,0.439,14.2,10.0,23.7,96.3,0.25
2026-08-29T08:38:59.676818+00:00,ENG01,climb,5586,94.2,734.5,4.72,84.1,16.89,0.428,14.2,10.0,23.7,96.2,0.25
2026-08-29T08:39:00.676818+00:00,ENG01,climb,5585,94.1,734.4,4.72,84.1,16.89,0.429,14.2,10.0,23.7,96.2,0.25
2026-08-29T08:39:01.676818+00:00,ENG01,climb,5585,94.1,734.2,4.72,84.0,16.88,0.421,14.2,10.0,23.7,96.2,0.25
2026-08-29T08:39:02.676818+00:00,ENG01,climb,5585,94.0,734.1,4.72,84.0,16.88,0.431,14.2,10.0,23.7,96.2,0.25
2026-08-29T08:39:03.676818+00:00,ENG01,climb,5584,94.0,733.9,4.72,84.0,16.87,0.433,14.2,10.0,23.7,96.1,0.25
2026-08-29T08:39:04.676818+00:00,ENG01,climb,5584,93.9,733.8,4.72,84.0,16.87,0.444,14.2,10.0,23.7,96.1,0.25
2026-08-29T08:39:05.676818+00:00,ENG01,climb,5584,93.9,733.6,4.72,83.9,16.87,0.472,14.2,10.0,23.7,96.1,0.25
2026-08-29T08:39:06.676818+00:00,ENG01,climb,5583,93.8,733.5,4.72,83.9,16.86,0.436,14.2,10.0,23.7,96.0,0.25
2026-08-29T08:39:07.676818+00:00,ENG01,climb,5583,93.8,733.3,4.72,83.9,16.86,0.418,14.2,10.0,23.7,96.0,0.25
2026-08-29T08:39:08.676818+00:00,ENG01,climb,5583,93.8,733.2,4.72,83.8,16.85,0.421,14.2,10.0,23.7,96.0,0.25
2026-08-29T08:39:09.676818+00:00,ENG01,climb,5582,93.7,733.0,4.72,83.8,16.85,0.419,14.2,10.0,23.7,96.0,0.25
2026-08-29T08:39:10.676818+00:00,ENG01,climb,5582,93.7,732.8,4.72,83.8,16.84,0.425,14.2,10.0,23.7,95.9,0.25
2026-08-29T08:39:11.676818+00:00,ENG01,climb,5582,93.6,732.7,4.72,83.8,16.84,0.451,14.2,10.0,23.7,95.9,0.25
2026-08-29T08:39:12.676818+00:00,ENG01,climb,5581,93.6,732.5,4.71,83.7,16.83,0.433,14.2,10.0,23.7,95.9,0.25
2026-08-29T08:39:13.676818+00:00,ENG01,climb,5581,93.5,732.4,4.71,83.7,16.83,0.441,14.2,10.0,23.7,95.9,0.25
2026-08-29T08:39:14.676818+00:00,ENG01,climb,5581,93.5,732.2,4.71,83.7,16.82,0.416,14.2,10.0,23.7,95.8,0.25
2026-08-29T08:39:15.676818+00:00,ENG01,climb,5580,93.5,732.1,4.71,83.6,16.82,0.427,14.2,10.0,23.7,95.8,0.25
2026-08-29T08:39:16.676818+00:00,ENG01,climb,5580,93.4,731.9,4.71,83.6,16.82,0.427,14.2,10.0,23.7,95.8,0.25
2026-08-29T08:39:17.676818+00:00,ENG01,climb,5580,93.4,731.8,4.71,83.6,16.81,0.417,14.2,10.0,23.7,95.7,0.25
2026-08-29T08:39:18.676818+00:00,ENG01,climb,5579,93.3,731.6,4.71,83.5,16.81,0.425,14.2,10.0,23.7,95.7,0.25
2026-08-29T08:39:19.676818+00:00,ENG01,climb,5579,93.3,731.5,4.71,83.5,16.8,0.432,14.2,10.0,23.7,95.7,0.25
2026-08-29T08:39:20.676818+00:00,ENG01,climb,5579,93.2,731.3,4.71,83.5,16.8,0.421,14.2,10.0,23.6,95.7,0.25
2026-08-29T08:39:21.676818+00:00,ENG01,climb,5578,93.2,731.2,4.71,83.5,16.79,0.417,14.2,10.0,23.6,95.6,0.25
2026-08-29T08:39:22.676818+00:00,ENG01,climb,5578,93.1,731.0,4.71,83.4,16.79,0.439,14.2,10.0,23.6,95.6,0.25
2026-08-29T08:39:23.676818+00:00,ENG01,climb,5578,93.1,730.8,4.71,83.4,16.78,0.426,14.2,10.0,23.6,95.6,0.25
2026-08-29T08:39:24.676818+00:00,ENG01,climb,5577,93.1,730.7,4.71,83.4,16.78,0.421,14.2,10.0,23.6,95.6,0.25
2026-08-29T08:39:25.676818+00:00,ENG01,climb,5577,93.0,730.5,4.71,83.3,16.77,0.421,14.2,10.0,23.6,95.5,0.25
2026-08-29T08:39:26.676818+00:00,ENG01,climb,5577,93.0,730.4,4.71,83.3,16.77,0.419,14.2,10.0,23.6,95.5,0.25
2026-08-29T08:39:27.676818+00:00,ENG01,climb,5576,92.9,730.2,4.71,83.3,16.77,0.416,14.2,10.0,23.6,95.5,0.25
2026-08-29T08:39:28.676818+00:00,ENG01,climb,5576,92.9,730.1,4.71,83.2,16.76,0.416,14.2,10.0,23.6,95.4,0.25
2026-08-29T08:39:29.676818+00:00,ENG01,climb,5576,92.8,729.9,4.71,83.2,16.76,0.42,14.2,10.0,23.6,95.4,0.25
2026-08-29T08:39:30.676818+00:00,ENG01,climb,5575,92.8,729.8,4.71,83.2,16.75,0.439,14.2,10.0,23.6,95.4,0.25
2026-08-29T08:39:31.676818+00:00,ENG01,climb,5575,92.8,729.6,4.71,83.2,16.75,0.431,14.2,10.0,23.6,95.4,0.25
2026-08-29T08:39:32.676818+00:00,ENG01,climb,5575,92.7,729.5,4.71,83.1,16.74,0.421,14.2,10.0,23.6,95.3,0.25
2026-08-29T08:39:33.676818+00:00,ENG01,climb,5574,92.7,729.3,4.71,83.1,16.74,0.435,14.2,10.0,23.6,95.3,0.25
2026-08-29T08:39:34.676818+00:00,ENG01,climb,5574,92.6,729.2,4.71,83.1,16.73,0.434,14.2,10.0,23.6,95.3,0.25
2026-08-29T08:39:35.676818+00:00,ENG01,climb,5574,92.6,729.0,4.7,83.0,16.73,0.425,14.2,10.0,23.6,95.3,0.25
2026-08-29T08:39:36.676818+00:00,ENG01,climb,5573,92.5,728.9,4.7,83.0,16.73,0.416,14.2,10.0,23.6,95.2,0.25
2026-08-29T08:39:37.676818+00:00,ENG01,climb,5573,92.5,728.7,4.7,83.0,16.72,0.42,14.2,10.0,23.6,95.2,0.25
2026-08-29T08:39:38.676818+00:00,ENG01,climb,5573,92.5,728.6,4.7,82.9,16.72,0.429,14.2,10.0,23.6,95.2,0.25
2026-08-29T08:39:39.676818+00:00,ENG01,climb,5572,92.4,728.4,4.7,82.9,16.71,0.435,14.2,10.0,23.6,95.1,0.25
2026-08-29T08:39:40.676818+00:00,ENG01,climb,5572,92.4,728.2,4.7,82.9,16.71,0.411,14.2,10.0,23.6,95.1,0.25
2026-08-29T08:39:41.676818+00:00,ENG01,climb,5572,92.3,728.1,4.7,82.8,16.7,0.451,14.2,10.0,23.6,95.1,0.25
2026-08-29T08:39:42.676818+00:00,ENG01,climb,5571,92.3,727.9,4.7,82.8,16.7,0.42,14.2,10.0,23.6,95.1,0.25
2026-08-29T08:39:43.676818+00:00,ENG01,climb,5571,92.2,727.8,4.7,82.8,16.69,0.463,14.2,10.0,23.6,95.0,0.25
2026-08-29T08:39:44.676818+00:00,ENG01,climb,5571,92.2,727.6,4.7,82.8,16.69,0.426,14.2,10.0,23.6,95.0,0.25
2026-08-29T08:39:45.676818+00:00,ENG01,climb,5570,92.1,727.5,4.7,82.7,16.68,0.422,14.2,10.0,23.6,95.0,0.25
2026-08-29T08:39:46.676818+00:00,ENG01,climb,5570,92.1,727.3,4.7,82.7,16.68,0.423,14.2,10.0,23.6,95.0,0.25
2026-08-29T08:39:47.676818+00:00,ENG01,climb,5570,92.1,727.2,4.7,82.7,16.68,0.417,14.2,10.0,23.6,94.9,0.25
2026-08-29T08:39:48.676818+00:00,ENG01,climb,5569,92.0,727.0,4.7,82.6,16.67,0.418,14.2,10.0,23.6,94.9,0.25
2026-08-29T08:39:49.676818+00:00,ENG01,climb,5569,92.0,726.9,4.7,82.6,16.67,0.422,14.2,10.0,23.6,94.9,0.25
2026-08-29T08:39:50.676818+00:00,ENG01,climb,5569,91.9,726.7,4.7,82.6,16.66,0.44,14.2,10.0,23.6,94.8,0.25
2026-08-29T08:39:51.676818+00:00,ENG01,climb,5568,91.9,726.6,4.7,82.5,16.66,0.434,14.2,10.0,23.6,94.8,0.25
2026-08-29T08:39:52.676818+00:00,ENG01,climb,5568,91.8,726.4,4.7,82.5,16.65,0.433,14.2,10.0,23.6,94.8,0.25
2026-08-29T08:39:53.676818+00:00,ENG01,climb,5568,91.8,726.3,4.7,82.5,16.65,0.435,14.2,10.0,23.6,94.8,0.25
2026-08-29T08:39:54.676818+00:00,ENG01,climb,5567,91.8,726.1,4.7,82.4,16.64,0.442,14.2,10.0,23.6,94.7,0.25
2026-08-29T08:39:55.676818+00:00,ENG01,climb,5567,91.7,726.0,4.7,82.4,16.64,0.426,14.2,10.0,23.6,94.7,0.25
2026-08-29T08:39:56.676818+00:00,ENG01,climb,5567,91.7,725.8,4.7,82.4,16.63,0.44,14.2,10.0,23.6,94.7,0.25
2026-08-29T08:39:57.676818+00:00,ENG01,climb,5566,91.6,725.7,4.7,82.4,16.63,0.454,14.2,10.0,23.6,94.7,0.25
2026-08-29T08:39:58.676818+00:00,ENG01,climb,5566,91.6,725.5,4.69,82.3,16.63,0.421,14.2,10.0,23.6,94.6,0.25
2026-08-29T08:39:59.676818+00:00,ENG01,climb,5566,91.5,725.4,4.69,82.3,16.62,0.435,14.2,10.0,23.6,94.6,0.25
2026-08-29T08:40:00.676818+00:00,ENG01,climb,5565,91.5,725.2,4.69,82.3,16.62,0.412,14.2,10.0,23.6,94.6,0.25
2026-08-29T08:40:01.676818+00:00,ENG01,climb,5565,91.5,725.0,4.69,82.2,16.61,0.413,14.2,10.0,23.6,94.5,0.25
2026-08-29T08:40:02.676818+00:00,ENG01,climb,5565,91.4,724.9,4.69,82.2,16.61,0.443,14.2,10.0,23.6,94.5,0.25
2026-08-29T08:40:03.676818+00:00,ENG01,climb,5564,91.4,724.7,4.69,82.2,16.6,0.425,14.2,10.0,23.6,94.5,0.25
2026-08-29T08:40:04.676818+00:00,ENG01,climb,5564,91.3,724.6,4.69,82.1,16.6,0.41,14.2,10.0,23.6,94.5,0.25
2026-08-29T08:40:05.676818+00:00,ENG01,climb,5564,91.3,724.4,4.69,82.1,16.59,0.421,14.2,10.0,23.6,94.4,0.25
2026-08-29T08:40:06.676818+00:00,ENG01,climb,5563,91.2,724.3,4.69,82.1,16.59,0.414,14.2,10.0,23.6,94.4,0.25
2026-08-29T08:40:07.676818+00:00,ENG01,climb,5563,91.2,724.1,4.69,82.0,16.59,0.425,14.2,10.0,23.6,94.4,0.25
2026-08-29T08:40:08.676818+00:00,ENG01,climb,5563,91.2,724.0,4.69,82.0,16.58,0.41,14.2,10.0,23.6,94.4,0.25
2026-08-29T08:40:09.676818+00:00,ENG01,climb,5562,91.1,723.8,4.69,82.0,16.58,0.41,14.2,10.0,23.6,94.3,0.25
2026-08-29T08:40:10.676818+00:00,ENG01,climb,5562,91.1,723.7,4.69,81.9,16.57,0.426,14.2,10.0,23.6,94.3,0.25
2026-08-29T08:40:11.676818+00:00,ENG01,climb,5562,91.0,723.5,4.69,81.9,16.57,0.427,14.2,10.0,23.6,94.3,0.25
2026-08-29T08:40:12.676818+00:00,ENG01,climb,5561,91.0,723.4,4.69,81.9,16.56,0.417,14.2,10.0,23.6,94.2,0.25
2026-08-29T08:40:13.676818+00:00,ENG01,climb,5561,90.9,723.2,4.69,81.9,16.56,0.415,14.2,10.0,23.6,94.2,0.25
2026-08-29T08:40:14.676818+00:00,ENG01,climb,5561,90.9,723.1,4.69,81.8,16.55,0.412,14.2,10.0,23.6,94.2,0.25
2026-08-29T08:40:15.676818+00:00,ENG01,climb,5560,90.8,722.9,4.69,81.8,16.55,0.412,14.2,10.0,23.5,94.2,0.25
2026-08-29T08:40:16.676818+00:00,ENG01,climb,5560,90.8,722.8,4.69,81.8,16.54,0.408,14.2,10.0,23.5,94.1,0.25
2026-08-29T08:40:17.676818+00:00,ENG01,climb,5560,90.8,722.6,4.69,81.7,16.54,0.422,14.2,10.0,23.5,94.1,0.25
2026-08-29T08:40:18.676818+00:00,ENG01,climb,5559,90.7,722.5,4.69,81.7,16.54,0.424,14.2,10.0,23.5,94.1,0.25
2026-08-29T08:40:19.676818+00:00,ENG01,climb,5559,90.7,722.3,4.69,81.7,16.53,0.417,14.2,10.0,23.5,94.1,0.25
2026-08-29T08:40:20.676818+00:00,ENG01,climb,5559,90.6,722.2,4.69,81.6,16.53,0.43,14.2,10.0,23.5,94.0,0.25
2026-08-29T08:40:21.676818+00:00,ENG01,climb,5558,90.6,722.0,4.68,81.6,16.52,0.431,14.2,10.0,23.5,94.0,0.25
2026-08-29T08:40:22.676818+00:00,ENG01,climb,5558,90.5,721.9,4.68,81.6,16.52,0.412,14.2,10.0,23.5,94.0,0.25
2026-08-29T08:40:23.676818+00:00,ENG01,climb,5558,90.5,721.7,4.68,81.5,16.51,0.433,14.2,10.0,23.5,94.0,0.25
2026-08-29T08:40:24.676818+00:00,ENG01,climb,5557,90.5,721.6,4.68,81.5,16.51,0.413,14.2,10.0,23.5,93.9,0.25
2026-08-29T08:40:25.676818+00:00,ENG01,climb,5557,90.4,721.4,4.68,81.5,16.5,0.411,14.2,10.0,23.5,93.9,0.25
2026-08-29T08:40:26.676818+00:00,ENG01,climb,5557,90.4,721.3,4.68,81.4,16.5,0.422,14.2,10.0,23.5,93.9,0.25
2026-08-29T08:40:27.676818+00:00,ENG01,climb,5556,90.3,721.1,4.68,81.4,16.5,0.43,14.2,10.0,23.5,93.8,0.25
2026-08-29T08:40:28.676818+00:00,ENG01,climb,5556,90.3,721.0,4.68,81.4,16.49,0.414,14.2,10.0,23.5,93.8,0.25
2026-08-29T08:40:29.676818+00:00,ENG01,climb,5556,90.2,720.8,4.68,81.3,16.49,0.421,14.2,10.0,23.5,93.8,0.25
2026-08-29T08:40:30.676818+00:00,ENG01,climb,5555,90.2,720.6,4.68,81.3,16.48,0.419,14.2,10.0,23.5,93.8,0.25
2026-08-29T08:40:31.676818+00:00,ENG01,climb,5555,90.2,720.5,4.68,81.3,16.48,0.426,14.2,10.0,23.5,93.7,0.25
2026-08-29T08:40:32.676818+00:00,ENG01,climb,5555,90.1,720.3,4.68,81.2,16.47,0.422,14.2,10.0,23.5,93.7,0.25
2026-08-29T08:40:33.676818+00:00,ENG01,climb,5554,90.1,720.2,4.68,81.2,16.47,0.412,14.2,10.0,23.5,93.7,0.25
2026-08-29T08:40:34.676818+00:00,ENG01,climb,5554,90.0,720.0,4.68,81.2,16.46,0.407,14.2,10.0,23.5,93.7,0.25
2026-08-29T08:40:35.676818+00:00,ENG01,climb,5554,90.0,719.9,4.68,81.1,16.46,0.416,14.2,10.0,23.5,93.6,0.25
2026-08-29T08:40:36.676818+00:00,ENG01,climb,5553,89.9,719.7,4.68,81.1,16.46,0.421,14.2,10.0,23.5,93.6,0.25
2026-08-29T08:40:37.676818+00:00,ENG01,climb,5553,89.9,719.6,4.68,81.1,16.45,0.413,14.2,10.0,23.5,93.6,0.25
2026-08-29T08:40:38.676818+00:00,ENG01,climb,5553,89.9,719.4,4.68,81.1,16.45,0.416,14.2,10.0,23.5,93.6,0.25
2026-08-29T08:40:39.676818+00:00,ENG01,climb,5552,89.8,719.3,4.68,81.0,16.44,0.427,14.2,10.0,23.5,93.5,0.25
2026-08-29T08:40:40.676818+00:00,ENG01,climb,5552,89.8,719.1,4.68,81.0,16.44,0.409,14.2,10.0,23.5,93.5,0.25
2026-08-29T08:40:41.676818+00:00,ENG01,climb,5552,89.7,719.0,4.68,81.0,16.43,0.411,14.2,10.0,23.5,93.5,0.25
2026-08-29T08:40:42.676818+00:00,ENG01,climb,5551,89.7,718.8,4.68,80.9,16.43,0.427,14.2,10.0,23.5,93.4,0.25
2026-08-29T08:40:43.676818+00:00,ENG01,climb,5551,89.6,718.7,4.68,80.9,16.42,0.422,14.2,10.0,23.5,93.4,0.25
2026-08-29T08:40:44.676818+00:00,ENG01,climb,5551,89.6,718.5,4.67,80.9,16.42,0.423,14.2,10.0,23.5,93.4,0.25
2026-08-29T08:40:45.676818+00:00,ENG01,climb,5550,89.6,718.4,4.67,80.8,16.42,0.406,14.2,10.0,23.5,93.4,0.25
2026-08-29T08:40:46.676818+00:00,ENG01,climb,5550,89.5,718.2,4.67,80.8,16.41,0.408,14.2,10.0,23.5,93.3,0.25
2026-08-29T08:40:47.676818+00:00,ENG01,climb,5550,89.5,718.1,4.67,80.8,16.41,0.416,14.2,10.0,23.5,93.3,0.25
2026-08-29T08:40:48.676818+00:00,ENG01,climb,5549,89.4,717.9,4.67,80.7,16.4,0.406,14.2,10.0,23.5,93.3,0.25
2026-08-29T08:40:49.676818+00:00,ENG01,climb,5549,89.4,717.8,4.67,80.7,16.4,0.423,14.2,10.0,23.5,93.3,0.25
2026-08-29T08:40:50.676818+00:00,ENG01,climb,5549,89.3,717.6,4.67,80.7,16.39,0.438,14.2,10.0,23.5,93.2,0.25
2026-08-29T08:40:51.676818+00:00,ENG01,climb,5548,89.3,717.5,4.67,80.6,16.39,0.407,14.2,10.0,23.5,93.2,0.25
2026-08-29T08:40:52.676818+00:00,ENG01,climb,5548,89.3,717.3,4.67,80.6,16.38,0.414,14.2,10.0,23.5,93.2,0.25
2026-08-29T08:40:53.676818+00:00,ENG01,climb,5548,89.2,717.2,4.67,80.6,16.38,0.422,14.2,10.0,23.5,93.2,0.25
2026-08-29T08:40:54.676818+00:00,ENG01,climb,5547,89.2,717.0,4.67,80.5,16.38,0.412,14.2,10.0,23.5,93.1,0.25
2026-08-29T08:40:55.676818+00:00,ENG01,climb,5547,89.1,716.9,4.67,80.5,16.37,0.427,14.2,10.0,23.5,93.1,0.25
2026-08-29T08:40:56.676818+00:00,ENG01,climb,5547,89.1,716.7,4.67,80.5,16.37,0.423,14.2,10.0,23.5,93.1,0.25
2026-08-29T08:40:57.676818+00:00,ENG01,climb,5546,89.0,716.6,4.67,80.4,16.36,0.436,14.2,10.0,23.5,93.0,0.25
2026-08-29T08:40:58.676818+00:00,ENG01,climb,5546,89.0,716.4,4.67,80.4,16.36,0.44,14.2,10.0,23.5,93.0,0.25
2026-08-29T08:40:59.676818+00:00,ENG01,climb,5546,89.0,716.3,4.67,80.4,16.35,0.422,14.2,10.0,23.5,93.0,0.25
2026-08-29T08:41:00.676818+00:00,ENG01,climb,5545,88.9,716.1,4.67,80.3,16.35,0.408,14.2,10.0,23.5,93.0,0.25
2026-08-29T08:41:01.676818+00:00,ENG01,climb,5545,88.9,716.0,4.67,80.3,16.34,0.405,14.2,10.0,23.5,92.9,0.25
2026-08-29T08:41:02.676818+00:00,ENG01,climb,5545,88.8,715.8,4.67,80.3,16.34,0.439,14.2,10.0,23.5,92.9,0.25
2026-08-29T08:41:03.676818+00:00,ENG01,climb,5544,88.8,715.7,4.67,80.2,16.34,0.423,14.2,10.0,23.5,92.9,0.25
2026-08-29T08:41:04.676818+00:00,ENG01,climb,5544,88.7,715.5,4.67,80.2,16.33,0.427,14.2,10.0,23.5,92.9,0.25
2026-08-29T08:41:05.676818+00:00,ENG01,climb,5544,88.7,715.4,4.67,80.2,16.33,0.416,14.2,10.0,23.5,92.8,0.25
2026-08-29T08:41:06.676818+00:00,ENG01,climb,5543,88.7,715.2,4.67,80.1,16.32,0.409,14.2,10.0,23.5,92.8,0.25
2026-08-29T08:41:07.676818+00:00,ENG01,climb,5543,88.6,715.1,4.66,80.1,16.32,0.424,14.2,10.0,23.5,92.8,0.25
2026-08-29T08:41:08.676818+00:00,ENG01,climb,5543,88.6,714.9,4.66,80.1,16.31,0.407,14.2,10.0,23.5,92.8,0.25
2026-08-29T08:41:09.676818+00:00,ENG01,climb,5542,88.5,714.8,4.66,80.0,16.31,0.406,14.2,10.0,23.5,92.7,0.25
2026-08-29T08:41:10.676818+00:00,ENG01,climb,5542,88.5,714.6,4.66,80.0,16.3,0.42,14.2,10.0,23.4,92.7,0.25
2026-08-29T08:41:11.676818+00:00,ENG01,climb,5542,88.4,714.5,4.66,80.0,16.3,0.435,14.2,10.0,23.4,92.7,0.25
2026-08-29T08:41:12.676818+00:00,ENG01,climb,5541,88.4,714.3,4.66,79.9,16.3,0.431,14.2,10.0,23.4,92.7,0.25
2026-08-29T08:41:13.676818+00:00,ENG01,climb,5541,88.4,714.2,4.66,79.9,16.29,0.429,14.2,10.0,23.4,92.6,0.25
2026-08-29T08:41:14.676818+00:00,ENG01,climb,5541,88.3,714.0,4.66,79.9,16.29,0.411,14.2,10.0,23.4,92.6,0.25
2026-08-29T08:41:15.676818+00:00,ENG01,climb,5540,88.3,713.9,4.66,79.8,16.28,0.407,14.2,10.0,23.4,92.6,0.25
2026-08-29T08:41:16.676818+00:00,ENG01,climb,5540,88.2,713.7,4.66,79.8,16.28,0.411,14.2,10.0,23.4,92.5,0.25
2026-08-29T08:41:17.676818+00:00,ENG01,climb,5540,88.2,713.6,4.66,79.8,16.27,0.415,14.2,10.0,23.4,92.5,0.25
2026-08-29T08:41:18.676818+00:00,ENG01,climb,5539,88.1,713.4,4.66,79.7,16.27,0.423,14.2,10.0,23.4,92.5,0.25
2026-08-29T08:41:19.676818+00:00,ENG01,climb,5539,88.1,713.3,4.66,79.7,16.26,0.416,14.2,10.0,23.4,92.5,0.25
2026-08-29T08:41:20.676818+00:00,ENG01,climb,5539,88.1,713.1,4.66,79.7,16.26,0.416,14.2,10.0,23.4,92.4,0.25
2026-08-29T08:41:21.676818+00:00,ENG01,climb,5538,88.0,713.0,4.66,79.6,16.26,0.413,14.2,10.0,23.4,92.4,0.25
2026-08-29T08:41:22.676818+00:00,ENG01,climb,5538,88.0,712.8,4.66,79.6,16.25,0.412,14.2,10.0,23.4,92.4,0.25
2026-08-29T08:41:23.676818+00:00,ENG01,climb,5538,87.9,712.7,4.66,79.6,16.25,0.418,14.2,10.0,23.4,92.4,0.25
2026-08-29T08:41:24.676818+00:00,ENG01,climb,5537,87.9,712.5,4.66,79.5,16.24,0.414,14.2,10.0,23.4,92.3,0.25
2026-08-29T08:41:25.676818+00:00,ENG01,climb,5537,87.8,712.4,4.66,79.5,16.24,0.423,14.2,10.0,23.4,92.3,0.25
2026-08-29T08:41:26.676818+00:00,ENG01,climb,5537,87.8,712.2,4.66,79.5,16.23,0.42,14.2,10.0,23.4,92.3,0.25
2026-08-29T08:41:27.676818+00:00,ENG01,climb,5536,87.8,712.1,4.66,79.4,16.23,0.418,14.2,10.0,23.4,92.3,0.25
2026-08-29T08:41:28.676818+00:00,ENG01,climb,5536,87.7,711.9,4.66,79.4,16.22,0.417,14.2,10.0,23.4,92.2,0.25
2026-08-29T08:41:29.676818+00:00,ENG01,climb,5536,87.7,711.8,4.66,79.4,16.22,0.412,14.2,10.0,23.4,92.2,0.25
2026-08-29T08:41:30.676818+00:00,ENG01,climb,5535,87.6,711.6,4.65,79.3,16.22,0.407,14.2,10.0,23.4,92.2,0.25
2026-08-29T08:41:31.676818+00:00,ENG01,climb,5535,87.6,711.5,4.65,79.3,16.21,0.438,14.2,10.0,23.4,92.2,0.25
2026-08-29T08:41:32.676818+00:00,ENG01,climb,5535,87.6,711.3,4.65,79.3,16.21,0.407,14.2,10.0,23.4,92.1,0.25
2026-08-29T08:41:33.676818+00:00,ENG01,climb,5534,87.5,711.2,4.65,79.2,16.2,0.415,14.2,10.0,23.4,92.1,0.25
2026-08-29T08:41:34.676818+00:00,ENG01,climb,5534,87.5,711.0,4.65,79.2,16.2,0.409,14.2,10.0,23.4,92.1,0.25
2026-08-29T08:41:35.676818+00:00,ENG01,climb,5534,87.4,710.9,4.65,79.2,16.19,0.412,14.2,10.0,23.4,92.0,0.25
2026-08-29T08:41:36.676818+00:00,ENG01,climb,5533,87.4,710.7,4.65,79.1,16.19,0.428,14.2,10.0,23.4,92.0,0.25
2026-08-29T08:41:37.676818+00:00,ENG01,climb,5533,87.3,710.6,4.65,79.1,16.18,0.421,14.2,10.0,23.4,92.0,0.25
2026-08-29T08:41:38.676818+00:00,ENG01,climb,5533,87.3,710.4,4.65,79.1,16.18,0.408,14.2,10.0,23.4,92.0,0.25
2026-08-29T08:41:39.676818+00:00,ENG01,climb,5532,87.3,710.3,4.65,79.0,16.18,0.411,14.2,10.0,23.4,91.9,0.25
2026-08-29T08:41:40.676818+00:00,ENG01,climb,5532,87.2,710.1,4.65,79.0,16.17,0.404,14.2,10.0,23.4,91.9,0.25
2026-08-29T08:41:41.676818+00:00,ENG01,climb,5532,87.2,710.0,4.65,79.0,16.17,0.424,14.2,10.0,23.4,91.9,0.25
2026-08-29T08:41:42.676818+00:00,ENG01,climb,5531,87.1,709.8,4.65,78.9,16.16,0.402,14.2,10.0,23.4,91.9,0.25
2026-08-29T08:41:43.676818+00:00,ENG01,climb,5531,87.1,709.7,4.65,78.9,16.16,0.434,14.2,10.0,23.4,91.8,0.25
2026-08-29T08:41:44.676818+00:00,ENG01,climb,5531,87.0,709.5,4.65,78.9,16.15,0.444,14.2,10.0,23.4,91.8,0.25
2026-08-29T08:41:45.676818+00:00,ENG01,climb,5530,87.0,709.4,4.65,78.8,16.15,0.415,14.2,10.0,23.4,91.8,0.25
2026-08-29T08:41:46.676818+00:00,ENG01,climb,5530,87.0,709.2,4.65,78.8,16.15,0.427,14.2,10.0,23.4,91.8,0.25
2026-08-29T08:41:47.676818+00:00,ENG01,climb,5530,86.9,709.1,4.65,78.8,16.14,0.412,14.2,10.0,23.4,91.7,0.25
2026-08-29T08:41:48.676818+00:00,ENG01,climb,5529,86.9,708.9,4.65,78.7,16.14,0.429,14.2,10.0,23.4,91.7,0.25
2026-08-29T08:41:49.676818+00:00,ENG01,climb,5529,86.8,708.8,4.65,78.7,16.13,0.428,14.2,10.0,23.4,91.7,0.25
2026-08-29T08:41:50.676818+00:00,ENG01,climb,5529,86.8,708.6,4.65,78.7,16.13,0.408,14.2,10.0,23.4,91.7,0.25
2026-08-29T08:41:51.676818+00:00,ENG01,climb,5528,86.7,708.5,4.65,78.6,16.12,0.408,14.2,10.0,23.4,91.6,0.25
2026-08-29T08:41:52.676818+00:00,ENG01,climb,5528,86.7,708.3,4.65,78.6,16.12,0.42,14.2,10.0,23.4,91.6,0.25
2026-08-29T08:41:53.676818+00:00,ENG01,climb,5528,86.7,708.2,4.64,78.6,16.11,0.409,14.2,10.0,23.4,91.6,0.25
2026-08-29T08:41:54.676818+00:00,ENG01,climb,5527,86.6,708.1,4.64,78.5,16.11,0.405,14.2,10.0,23.4,91.5,0.25
2026-08-29T08:41:55.676818+00:00,ENG01,climb,5527,86.6,707.9,4.64,78.5,16.11,0.415,14.2,10.0,23.4,91.5,0.25
2026-08-29T08:41:56.676818+00:00,ENG01,climb,5527,86.5,707.8,4.64,78.5,16.1,0.422,14.2,10.0,23.4,91.5,0.25
2026-08-29T08:41:57.676818+00:00,ENG01,climb,5526,86.5,707.6,4.64,78.4,16.1,0.408,14.2,10.0,23.4,91.5,0.25
2026-08-29T08:41:58.676818+00:00,ENG01,climb,5526,86.4,707.5,4.64,78.4,16.09,0.408,14.2,10.0,23.4,91.4,0.25
2026-08-29T08:41:59.676818+00:00,ENG01,climb,5526,86.4,707.3,4.64,78.4,16.09,0.42,14.2,10.0,23.4,91.4,0.25
2026-08-29T08:42:00.676818+00:00,ENG01,climb,5525,86.4,707.2,4.64,78.3,16.08,0.435,14.2,10.0,23.4,91.4,0.25
2026-08-29T08:42:01.676818+00:00,ENG01,climb,5525,86.3,707.0,4.64,78.3,16.08,0.412,14.2,10.0,23.4,91.4,0.25
2026-08-29T08:42:02.676818+00:00,ENG01,climb,5525,86.3,706.9,4.64,78.3,16.07,0.434,14.2,10.0,23.4,91.3,0.25
2026-08-29T08:42:03.676818+00:00,ENG01,climb,5524,86.2,706.7,4.64,78.2,16.07,0.418,14.2,10.0,23.4,91.3,0.25
2026-08-29T08:42:04.676818+00:00,ENG01,climb,5524,86.2,706.6,4.64,78.2,16.07,0.416,14.2,10.0,23.4,91.3,0.25
2026-08-29T08:42:05.676818+00:00,ENG01,climb,5524,86.1,706.4,4.64,78.2,16.06,0.421,14.2,10.0,23.3,91.3,0.25
2026-08-29T08:42:06.676818+00:00,ENG01,climb,5523,86.1,706.3,4.64,78.1,16.06,0.421,14.2,10.0,23.3,91.2,0.25
2026-08-29T08:42:07.676818+00:00,ENG01,climb,5523,86.1,706.1,4.64,78.1,16.05,0.4,14.2,10.0,23.3,91.2,0.25
2026-08-29T08:42:08.676818+00:00,ENG01,climb,5523,86.0,706.0,4.64,78.1,16.05,0.432,14.2,10.0,23.3,91.2,0.25
2026-08-29T08:42:09.676818+00:00,ENG01,climb,5522,86.0,705.8,4.64,78.0,16.04,0.41,14.2,10.0,23.3,91.2,0.25
2026-08-29T08:42:10.676818+00:00,ENG01,climb,5522,85.9,705.7,4.64,78.0,16.04,0.416,14.2,10.0,23.3,91.1,0.25
2026-08-29T08:42:11.676818+00:00,ENG01,climb,5522,85.9,705.5,4.64,78.0,16.04,0.412,14.2,10.0,23.3,91.1,0.25
2026-08-29T08:42:12.676818+00:00,ENG01,climb,5521,85.9,705.4,4.64,77.9,16.03,0.409,14.2,10.0,23.3,91.1,0.25
2026-08-29T08:42:13.676818+00:00,ENG01,climb,5521,85.8,705.2,4.64,77.9,16.03,0.425,14.2,10.0,23.3,91.1,0.25
2026-08-29T08:42:14.676818+00:00,ENG01,climb,5521,85.8,705.1,4.64,77.9,16.02,0.408,14.2,10.0,23.3,91.0,0.25
2026-08-29T08:42:15.676818+00:00,ENG01,climb,5520,85.7,704.9,4.64,77.8,16.02,0.418,14.2,10.0,23.3,91.0,0.25
2026-08-29T08:42:16.676818+00:00,ENG01,climb,5520,85.7,704.8,4.63,77.8,16.01,0.402,14.2,10.0,23.3,91.0,0.25
2026-08-29T08:42:17.676818+00:00,ENG01,climb,5520,85.6,704.6,4.63,77.8,16.01,0.404,14.2,10.0,23.3,91.0,0.25
2026-08-29T08:42:18.676818+00:00,ENG01,climb,5519,85.6,704.5,4.63,77.7,16.0,0.432,14.2,10.0,23.3,90.9,0.25
2026-08-29T08:42:19.676818+00:00,ENG01,climb,5519,85.6,704.3,4.63,77.7,16.0,0.424,14.2,10.0,23.3,90.9,0.25
2026-08-29T08:42:20.676818+00:00,ENG01,climb,5519,85.5,704.2,4.63,77.7,16.0,0.415,14.2,10.0,23.3,90.9,0.25
2026-08-29T08:42:21.676818+00:00,ENG01,climb,5518,85.5,704.0,4.63,77.6,15.99,0.424,14.2,10.0,23.3,90.8,0.25
2026-08-29T08:42:22.676818+00:00,ENG01,climb,5518,85.4,703.9,4.63,77.6,15.99,0.41,14.2,10.0,23.3,90.8,0.25
2026-08-29T08:42:23.676818+00:00,ENG01,climb,5518,85.4,703.8,4.63,77.6,15.98,0.398,14.2,10.0,23.3,90.8,0.25
2026-08-29T08:42:24.676818+00:00,ENG01,climb,5517,85.3,703.6,4.63,77.5,15.98,0.398,14.2,10.0,23.3,90.8,0.25
2026-08-29T08:42:25.676818+00:00,ENG01,climb,5517,85.3,703.5,4.63,77.5,15.97,0.419,14.2,10.0,23.3,90.7,0.25
2026-08-29T08:42:26.676818+00:00,ENG01,climb,5517,85.3,703.3,4.63,77.5,15.97,0.42,14.2,10.0,23.3,90.7,0.25
2026-08-29T08:42:27.676818+00:00,ENG01,climb,5516,85.2,703.2,4.63,77.4,15.97,0.406,14.2,10.0,23.3,90.7,0.25
2026-08-29T08:42:28.676818+00:00,ENG01,climb,5516,85.2,703.0,4.63,77.4,15.96,0.407,14.2,10.0,23.3,90.7,0.25
2026-08-29T08:42:29.676818+00:00,ENG01,climb,5516,85.1,702.9,4.63,77.4,15.96,0.413,14.2,10.0,23.3,90.6,0.25
2026-08-29T08:42:30.676818+00:00,ENG01,climb,5515,85.1,702.7,4.63,77.3,15.95,0.401,14.2,10.0,23.3,90.6,0.25
2026-08-29T08:42:31.676818+00:00,ENG01,climb,5515,85.0,702.6,4.63,77.3,15.95,0.417,14.2,10.0,23.3,90.6,0.25
2026-08-29T08:42:32.676818+00:00,ENG01,climb,5515,85.0,702.4,4.63,77.3,15.94,0.411,14.2,10.0,23.3,90.6,0.25
2026-08-29T08:42:33.676818+00:00,ENG01,climb,5514,85.0,702.3,4.63,77.2,15.94,0.419,14.2,10.0,23.3,90.5,0.25
2026-08-29T08:42:34.676818+00:00,ENG01,climb,5514,84.9,702.1,4.63,77.2,15.94,0.403,14.2,10.0,23.3,90.5,0.25
2026-08-29T08:42:35.676818+00:00,ENG01,climb,5514,84.9,702.0,4.63,77.2,15.93,0.424,14.2,10.0,23.3,90.5,0.25
2026-08-29T08:42:36.676818+00:00,ENG01,climb,5513,84.8,701.8,4.63,77.1,15.93,0.404,14.2,10.0,23.3,90.5,0.25
2026-08-29T08:42:37.676818+00:00,ENG01,climb,5513,84.8,701.7,4.63,77.1,15.92,0.4,14.2,10.0,23.3,90.4,0.25
2026-08-29T08:42:38.676818+00:00,ENG01,climb,5513,84.8,701.5,4.63,77.1,15.92,0.403,14.2,10.0,23.3,90.4,0.25
2026-08-29T08:42:39.676818+00:00,ENG01,climb,5512,84.7,701.4,4.62,77.0,15.91,0.411,14.2,10.0,23.3,90.4,0.25
2026-08-29T08:42:40.676818+00:00,ENG01,climb,5512,84.7,701.2,4.62,77.0,15.91,0.401,14.2,10.0,23.3,90.4,0.25
2026-08-29T08:42:41.676818+00:00,ENG01,climb,5512,84.6,701.1,4.62,77.0,15.9,0.425,14.2,10.0,23.3,90.3,0.25
2026-08-29T08:42:42.676818+00:00,ENG01,climb,5511,84.6,700.9,4.62,76.9,15.9,0.43,14.2,10.0,23.3,90.3,0.25
2026-08-29T08:42:43.676818+00:00,ENG01,climb,5511,84.5,700.8,4.62,76.9,15.9,0.418,14.2,10.0,23.3,90.3,0.25
2026-08-29T08:42:44.676818+00:00,ENG01,climb,5511,84.5,700.7,4.62,76.9,15.89,0.409,14.2,10.0,23.3,90.3,0.25
2026-08-29T08:42:45.676818+00:00,ENG01,climb,5510,84.5,700.5,4.62,76.8,15.89,0.418,14.2,10.0,23.3,90.2,0.25
2026-08-29T08:42:46.676818+00:00,ENG01,climb,5510,84.4,700.4,4.62,76.8,15.88,0.407,14.2,10.0,23.3,90.2,0.25
2026-08-29T08:42:47.676818+00:00,ENG01,climb,5510,84.4,700.2,4.62,76.7,15.88,0.41,14.2,10.0,23.3,90.2,0.25
2026-08-29T08:42:48.676818+00:00,ENG01,climb,5509,84.3,700.1,4.62,76.7,15.87,0.426,14.2,10.0,23.3,90.2,0.25
2026-08-29T08:42:49.676818+00:00,ENG01,climb,5509,84.3,699.9,4.62,76.7,15.87,0.401,14.2,10.0,23.3,90.1,0.25
2026-08-29T08:42:50.676818+00:00,ENG01,climb,5509,84.2,699.8,4.62,76.6,15.87,0.416,14.2,10.0,23.3,90.1,0.25
2026-08-29T08:42:51.676818+00:00,ENG01,climb,5508,84.2,699.6,4.62,76.6,15.86,0.412,14.2,10.0,23.3,90.1,0.25
2026-08-29T08:42:52.676818+00:00,ENG01,climb,5508,84.2,699.5,4.62,76.6,15.86,0.411,14.2,10.0,23.3,90.1,0.25
2026-08-29T08:42:53.676818+00:00,ENG01,climb,5508,84.1,699.3,4.62,76.5,15.85,0.401,14.2,10.0,23.3,90.0,0.25
2026-08-29T08:42:54.676818+00:00,ENG01,climb,5507,84.1,699.2,4.62,76.5,15.85,0.42,14.2,10.0,23.3,90.0,0.25
2026-08-29T08:42:55.676818+00:00,ENG01,climb,5507,84.0,699.0,4.62,76.5,15.84,0.419,14.2,10.0,23.3,90.0,0.25
2026-08-29T08:42:56.676818+00:00,ENG01,climb,5507,84.0,698.9,4.62,76.4,15.84,0.406,14.2,10.0,23.3,89.9,0.25
2026-08-29T08:42:57.676818+00:00,ENG01,climb,5506,84.0,698.7,4.62,76.4,15.84,0.422,14.2,10.0,23.3,89.9,0.25
2026-08-29T08:42:58.676818+00:00,ENG01,climb,5506,83.9,698.6,4.62,76.4,15.83,0.41,14.2,10.0,23.3,89.9,0.25
2026-08-29T08:42:59.676818+00:00,ENG01,climb,5506,83.9,698.4,4.62,76.3,15.83,0.423,14.2,10.0,23.3,89.9,0.25
2026-08-29T08:43:00.676818+00:00,ENG01,climb,5505,83.8,698.3,4.62,76.3,15.82,0.404,14.2,10.0,23.2,89.8,0.25
2026-08-29T08:43:01.676818+00:00,ENG01,climb,5505,83.8,698.2,4.62,76.3,15.82,0.417,14.2,10.0,23.2,89.8,0.25
2026-08-29T08:43:02.676818+00:00,ENG01,climb,5505,83.7,698.0,4.61,76.2,15.81,0.407,14.2,10.0,23.2,89.8,0.25
2026-08-29T08:43:03.676818+00:00,ENG01,climb,5504,83.7,697.9,4.61,76.2,15.81,0.411,14.2,10.0,23.2,89.8,0.25
2026-08-29T08:43:04.676818+00:00,ENG01,climb,5504,83.7,697.7,4.61,76.2,15.81,0.406,14.2,10.0,23.2,89.7,0.25
2026-08-29T08:43:05.676818+00:00,ENG01,climb,5504,83.6,697.6,4.61,76.1,15.8,0.408,14.2,10.0,23.2,89.7,0.25
2026-08-29T08:43:06.676818+00:00,ENG01,climb,5503,83.6,697.4,4.61,76.1,15.8,0.4,14.2,10.0,23.2,89.7,0.25
2026-08-29T08:43:07.676818+00:00,ENG01,climb,5503,83.5,697.3,4.61,76.1,15.79,0.406,14.2,10.0,23.2,89.7,0.25
2026-08-29T08:43:08.676818+00:00,ENG01,climb,5503,83.5,697.1,4.61,76.0,15.79,0.415,14.2,10.0,23.2,89.6,0.25
2026-08-29T08:43:09.676818+00:00,ENG01,climb,5502,83.4,697.0,4.61,76.0,15.78,0.401,14.2,10.0,23.2,89.6,0.25
2026-08-29T08:43:10.676818+00:00,ENG01,climb,5502,83.4,696.8,4.61,76.0,15.78,0.395,14.2,10.0,23.2,89.6,0.25
2026-08-29T08:43:11.676818+00:00,ENG01,climb,5502,83.4,696.7,4.61,75.9,15.77,0.404,14.2,10.0,23.2,89.6,0.25
2026-08-29T08:43:12.676818+00:00,ENG01,climb,5501,83.3,696.5,4.61,75.9,15.77,0.427,14.2,10.0,23.2,89.5,0.25
2026-08-29T08:43:13.676818+00:00,ENG01,climb,5501,83.3,696.4,4.61,75.9,15.77,0.411,14.2,10.0,23.2,89.5,0.25
2026-08-29T08:43:14.676818+00:00,ENG01,climb,5501,83.2,696.3,4.61,75.8,15.76,0.421,14.2,10.0,23.2,89.5,0.25
2026-08-29T08:43:15.676818+00:00,ENG01,climb,5500,83.2,696.1,4.61,75.8,15.76,0.413,14.2,10.0,23.2,89.5,0.25
2026-08-29T08:43:16.676818+00:00,ENG01,cruise,5500,83.1,696.0,4.61,75.8,15.75,0.414,14.2,8.0,23.2,89.4,0.25
2026-08-29T08:43:17.676818+00:00,ENG01,cruise,5500,83.0,695.8,4.61,75.7,15.75,0.429,14.2,8.0,23.2,89.4,0.25
2026-08-29T08:43:18.676818+00:00,ENG01,cruise,5499,82.9,695.7,4.61,75.7,15.75,0.411,14.2,8.0,23.2,89.4,0.25
2026-08-29T08:43:19.676818+00:00,ENG01,cruise,5499,82.8,695.6,4.61,75.6,15.75,0.397,14.2,8.0,23.2,89.4,0.25
2026-08-29T08:43:20.676818+00:00,ENG01,cruise,5499,82.7,695.5,4.61,75.6,15.75,0.394,14.2,8.0,23.2,89.4,0.25
2026-08-29T08:43:21.676818+00:00,ENG01,cruise,5499,82.6,695.4,4.61,75.6,15.75,0.403,14.2,8.0,23.2,89.4,0.25
2026-08-29T08:43:22.676818+00:00,ENG01,cruise,5498,82.5,695.3,4.61,75.5,15.74,0.401,14.2,8.0,23.2,89.4,0.25
2026-08-29T08:43:23.676818+00:00,ENG01,cruise,5498,82.4,695.2,4.61,75.5,15.74,0.401,14.2,8.0,23.2,89.4,0.25
2026-08-29T08:43:24.676818+00:00,ENG01,cruise,5498,82.3,695.1,4.61,75.5,15.74,0.41,14.2,8.0,23.2,89.4,0.25
2026-08-29T08:43:25.676818+00:00,ENG01,cruise,5498,82.2,695.1,4.61,75.4,15.74,0.423,14.2,8.0,23.2,89.4,0.25
2026-08-29T08:43:26.676818+00:00,ENG01,cruise,5497,82.1,695.0,4.61,75.4,15.74,0.397,14.2,8.0,23.2,89.3,0.25
2026-08-29T08:43:27.676818+00:00,ENG01,cruise,5497,82.0,694.9,4.6,75.4,15.74,0.404,14.2,8.0,23.2,89.3,0.25
2026-08-29T08:43:28.676818+00:00,ENG01,cruise,5497,81.9,694.9,4.6,75.3,15.74,0.412,14.2,8.0,23.2,89.3,0.25
2026-08-29T08:43:29.676818+00:00,ENG01,cruise,5496,81.9,694.8,4.6,75.3,15.74,0.4,14.2,8.0,23.2,89.3,0.25
2026-08-29T08:43:30.676818+00:00,ENG01,cruise,5496,81.8,694.8,4.6,75.2,15.73,0.399,14.2,8.0,23.2,89.3,0.25
2026-08-29T08:43:31.676818+00:00,ENG01,cruise,5496,81.7,694.7,4.6,75.2,15.73,0.406,14.2,8.0,23.2,89.3,0.249
2026-08-29T08:43:32.676818+00:00,ENG01,cruise,5496,81.6,694.7,4.6,75.2,15.73,0.408,14.2,8.0,23.2,89.3,0.249
2026-08-29T08:43:33.676818+00:00,ENG01,cruise,5495,81.5,694.6,4.6,75.1,15.73,0.398,14.2,8.0,23.2,89.3,0.249
2026-08-29T08:43:34.676818+00:00,ENG01,cruise,5495,81.4,694.6,4.6,75.1,15.73,0.393,14.2,8.0,23.2,89.3,0.249
2026-08-29T08:43:35.676818+00:00,ENG01,cruise,5495,81.3,694.5,4.6,75.1,15.73,0.414,14.2,8.0,23.2,89.3,0.249
2026-08-29T08:43:36.676818+00:00,ENG01,cruise,5494,81.2,694.5,4.6,75.0,15.73,0.409,14.2,8.0,23.2,89.2,0.249
2026-08-29T08:43:37.676818+00:00,ENG01,cruise,5494,81.1,694.4,4.6,75.0,15.72,0.396,14.2,8.0,23.2,89.2,0.249
2026-08-29T08:43:38.676818+00:00,ENG01,cruise,5494,81.0,694.4,4.6,74.9,15.72,0.4,14.2,8.0,23.2,89.2,0.249
2026-08-29T08:43:39.676818+00:00,ENG01,cruise,5494,81.0,694.3,4.6,74.9,15.72,0.413,14.2,8.0,23.2,89.2,0.249
2026-08-29T08:43:40.676818+00:00,ENG01,cruise,5493,80.9,694.3,4.6,74.9,15.72,0.402,14.2,8.0,23.2,89.2,0.249
2026-08-29T08:43:41.676818+00:00,ENG01,cruise,5493,80.8,694.3,4.6,74.8,15.72,0.409,14.2,8.0,23.2,89.2,0.249
2026-08-29T08:43:42.676818+00:00,ENG01,cruise,5493,80.7,694.2,4.6,74.8,15.72,0.447,14.2,8.0,23.2,89.2,0.249
2026-08-29T08:43:43.676818+00:00,ENG01,cruise,5492,80.6,694.2,4.6,74.8,15.72,0.411,14.2,8.0,23.2,89.2,0.249
2026-08-29T08:43:44.676818+00:00,ENG01,cruise,5492,80.5,694.1,4.6,74.7,15.71,0.408,14.2,8.0,23.2,89.2,0.249
2026-08-29T08:43:45.676818+00:00,ENG01,cruise,5492,80.5,694.1,4.6,74.7,15.71,0.396,14.2,8.0,23.2,89.2,0.249
2026-08-29T08:43:46.676818+00:00,ENG01,cruise,5492,80.4,694.1,4.6,74.6,15.71,0.41,14.2,8.0,23.2,89.1,0.249
2026-08-29T08:43:47.676818+00:00,ENG01,cruise,5491,80.3,694.0,4.6,74.6,15.71,0.408,14.2,8.0,23.2,89.1,0.249
2026-08-29T08:43:48.676818+00:00,ENG01,cruise,5491,80.2,694.0,4.6,74.6,15.71,0.428,14.2,8.0,23.2,89.1,0.249
2026-08-29T08:43:49.676818+00:00,ENG01,cruise,5491,80.1,693.9,4.6,74.5,15.71,0.4,14.2,8.0,23.2,89.1,0.249
2026-08-29T08:43:50.676818+00:00,ENG01,cruise,5491,80.1,693.9,4.6,74.5,15.71,0.395,14.2,8.0,23.2,89.1,0.249
2026-08-29T08:43:51.676818+00:00,ENG01,cruise,5490,80.0,693.9,4.6,74.4,15.7,0.402,14.2,8.0,23.2,89.1,0.249
2026-08-29T08:43:52.676818+00:00,ENG01,cruise,5490,79.9,693.8,4.6,74.4,15.7,0.392,14.2,8.0,23.2,89.1,0.249
2026-08-29T08:43:53.676818+00:00,ENG01,cruise,5490,79.8,693.8,4.6,74.4,15.7,0.42,14.2,8.0,23.2,89.1,0.249
2026-08-29T08:43:54.676818+00:00,ENG01,cruise,5489,79.7,693.7,4.59,74.3,15.7,0.41,14.2,8.0,23.2,89.1,0.249
2026-08-29T08:43:55.676818+00:00,ENG01,cruise,5489,79.7,693.7,4.59,74.3,15.7,0.41,14.2,8.0,23.2,89.1,0.249
2026-08-29T08:43:56.676818+00:00,ENG01,cruise,5489,79.6,693.7,4.59,74.2,15.7,0.422,14.2,8.0,23.2,89.1,0.249
2026-08-29T08:43:57.676818+00:00,ENG01,cruise,5489,79.5,693.6,4.59,74.2,15.7,0.415,14.2,8.0,23.2,89.0,0.249
2026-08-29T08:43:58.676818+00:00,ENG01,cruise,5488,79.4,693.6,4.59,74.2,15.69,0.401,14.2,8.0,23.2,89.0,0.249
2026-08-29T08:43:59.676818+00:00,ENG01,cruise,5488,79.4,693.6,4.59,74.1,15.69,0.405,14.2,8.0,23.2,89.0,0.249
2026-08-29T08:44:00.676818+00:00,ENG01,cruise,5488,79.3,693.5,4.59,74.1,15.69,0.393,14.2,8.0,23.2,89.0,0.248
2026-08-29T08:44:01.676818+00:00,ENG01,cruise,5488,79.2,693.5,4.59,74.0,15.69,0.407,14.2,8.0,23.2,89.0,0.248
2026-08-29T08:44:02.676818+00:00,ENG01,cruise,5487,79.1,693.4,4.59,74.0,15.69,0.401,14.2,8.0,23.2,89.0,0.248
2026-08-29T08:44:03.676818+00:00,ENG01,cruise,5487,79.1,693.4,4.59,74.0,15.69,0.398,14.2,8.0,23.2,89.0,0.248
2026-08-29T08:44:04.676818+00:00,ENG01,cruise,5487,79.0,693.4,4.59,73.9,15.69,0.436,14.2,8.0,23.2,89.0,0.248
2026-08-29T08:44:05.676818+00:00,ENG01,cruise,5486,78.9,693.3,4.59,73.9,15.68,0.41,14.2,8.0,23.2,89.0,0.248
2026-08-29T08:44:06.676818+00:00,ENG01,cruise,5486,78.8,693.3,4.59,73.8,15.68,0.395,14.2,8.0,23.2,89.0,0.248
2026-08-29T08:44:07.676818+00:00,ENG01,cruise,5486,78.8,693.3,4.59,73.8,15.68,0.413,14.2,8.0,23.2,88.9,0.248
2026-08-29T08:44:08.676818+00:00,ENG01,cruise,5486,78.7,693.2,4.59,73.8,15.68,0.394,14.2,8.0,23.2,88.9,0.248
2026-08-29T08:44:09.676818+00:00,ENG01,cruise,5485,78.6,693.2,4.59,73.7,15.68,0.395,14.2,8.0,23.2,88.9,0.248
2026-08-29T08:44:10.676818+00:00,ENG01,cruise,5485,78.6,693.1,4.59,73.7,15.68,0.413,14.2,8.0,23.2,88.9,0.248
2026-08-29T08:44:11.676818+00:00,ENG01,cruise,5485,78.5,693.1,4.59,73.6,15.68,0.399,14.2,8.0,23.2,88.9,0.248
2026-08-29T08:44:12.676818+00:00,ENG01,cruise,5484,78.4,693.1,4.59,73.6,15.67,0.397,14.2,8.0,23.2,88.9,0.248
2026-08-29T08:44:13.676818+00:00,ENG01,cruise,5484,78.3,693.0,4.59,73.6,15.67,0.455,14.2,8.0,23.2,88.9,0.248
2026-08-29T08:44:14.676818+00:00,ENG01,cruise,5484,78.3,693.0,4.59,73.5,15.67,0.394,14.2,8.0,23.2,88.9,0.248
2026-08-29T08:44:15.676818+00:00,ENG01,cruise,5484,78.2,693.0,4.59,73.5,15.67,0.394,14.2,8.0,23.2,88.9,0.248
2026-08-29T08:44:16.676818+00:00,ENG01,cruise,5483,78.1,692.9,4.59,73.4,15.67,0.426,14.2,8.0,23.2,88.9,0.248
2026-08-29T08:44:17.676818+00:00,ENG01,cruise,5483,78.1,692.9,4.59,73.4,15.67,0.407,14.2,8.0,23.2,88.8,0.248
2026-08-29T08:44:18.676818+00:00,ENG01,cruise,5483,78.0,692.8,4.59,73.3,15.67,0.412,14.2,8.0,23.2,88.8,0.248
2026-08-29T08:44:19.676818+00:00,ENG01,cruise,5482,77.9,692.8,4.59,73.3,15.66,0.419,14.2,8.0,23.2,88.8,0.248
2026-08-29T08:44:20.676818+00:00,ENG01,cruise,5482,77.9,692.8,4.59,73.3,15.66,0.401,14.2,8.0,23.2,88.8,0.248
2026-08-29T08:44:21.676818+00:00,ENG01,cruise,5482,77.8,692.7,4.59,73.2,15.66,0.403,14.2,8.0,23.2,88.8,0.248
2026-08-29T08:44:22.676818+00:00,ENG01,cruise,5482,77.7,692.7,4.58,73.2,15.66,0.405,14.2,8.0,23.2,88.8,0.248
2026-08-29T08:44:23.676818+00:00,ENG01,cruise,5481,77.7,692.7,4.58,73.1,15.66,0.418,14.2,8.0,23.2,88.8,0.248
2026-08-29T08:44:24.676818+00:00,ENG01,cruise,5481,77.6,692.6,4.58,73.1,15.66,0.411,14.2,8.0,23.2,88.8,0.248
2026-08-29T08:44:25.676818+00:00,ENG01,cruise,5481,77.5,692.6,4.58,73.1,15.66,0.414,14.2,8.0,23.2,88.8,0.248
2026-08-29T08:44:26.676818+00:00,ENG01,cruise,5481,77.5,692.5,4.58,73.0,15.66,0.392,14.2,8.0,23.2,88.8,0.248
2026-08-29T08:44:27.676818+00:00,ENG01,cruise,5480,77.4,692.5,4.58,73.0,15.65,0.391,14.2,8.0,23.2,88.7,0.248
2026-08-29T08:44:28.676818+00:00,ENG01,cruise,5480,77.4,692.5,4.58,72.9,15.65,0.404,14.2,8.0,23.2,88.7,0.247
2026-08-29T08:44:29.676818+00:00,ENG01,cruise,5480,77.3,692.4,4.58,72.9,15.65,0.398,14.2,8.0,23.2,88.7,0.247
2026-08-29T08:44:30.676818+00:00,ENG01,cruise,5479,77.2,692.4,4.58,72.9,15.65,0.403,14.2,8.0,23.2,88.7,0.247
2026-08-29T08:44:31.676818+00:00,ENG01,cruise,5479,77.2,692.4,4.58,72.8,15.65,0.412,14.2,8.0,23.2,88.7,0.247
2026-08-29T08:44:32.676818+00:00,ENG01,cruise,5479,77.1,692.3,4.58,72.8,15.65,0.394,14.2,8.0,23.2,88.7,0.247
2026-08-29T08:44:33.676818+00:00,ENG01,cruise,5479,77.1,692.3,4.58,72.7,15.65,0.414,14.2,8.0,23.2,88.7,0.247
2026-08-29T08:44:34.676818+00:00,ENG01,cruise,5478,77.0,692.3,4.58,72.7,15.64,0.403,14.2,8.0,23.2,88.7,0.247
2026-08-29T08:44:35.676818+00:00,ENG01,cruise,5478,76.9,692.2,4.58,72.6,15.64,0.401,14.2,8.0,23.2,88.7,0.247
2026-08-29T08:44:36.676818+00:00,ENG01,cruise,5478,76.9,692.2,4.58,72.6,15.64,0.392,14.2,8.0,23.2,88.7,0.247
2026-08-29T08:44:37.676818+00:00,ENG01,cruise,5478,76.8,692.1,4.58,72.6,15.64,0.396,14.2,8.0,23.2,88.7,0.247
2026-08-29T08:44:38.676818+00:00,ENG01,cruise,5477,76.8,692.1,4.58,72.5,15.64,0.421,14.2,8.0,23.2,88.6,0.247
2026-08-29T08:44:39.676818+00:00,ENG01,cruise,5477,76.7,692.1,4.58,72.5,15.64,0.407,14.2,8.0,23.2,88.6,0.247
2026-08-29T08:44:40.676818+00:00,ENG01,cruise,5477,76.6,692.0,4.58,72.4,15.64,0.399,14.2,8.0,23.2,88.6,0.247
2026-08-29T08:44:41.676818+00:00,ENG01,cruise,5476,76.6,692.0,4.58,72.4,15.63,0.393,14.2,8.0,23.2,88.6,0.247
2026-08-29T08:44:42.676818+00:00,ENG01,cruise,5476,76.5,692.0,4.58,72.4,15.63,0.412,14.2,8.0,23.2,88.6,0.247
2026-08-29T08:44:43.676818+00:00,ENG01,cruise,5476,76.5,691.9,4.58,72.3,15.63,0.405,14.2,8.0,23.2,88.6,0.247
2026-08-29T08:44:44.676818+00:00,ENG01,cruise,5476,76.4,691.9,4.58,72.3,15.63,0.414,14.2,8.0,23.2,88.6,0.247
2026-08-29T08:44:45.676818+00:00,ENG01,cruise,5475,76.4,691.8,4.58,72.2,15.63,0.392,14.2,8.0,23.2,88.6,0.247
2026-08-29T08:44:46.676818+00:00,ENG01,cruise,5475,76.3,691.8,4.58,72.2,15.63,0.39,14.2,8.0,23.2,88.6,0.247
2026-08-29T08:44:47.676818+00:00,ENG01,cruise,5475,76.2,691.8,4.58,72.1,15.63,0.401,14.2,8.0,23.2,88.6,0.247
2026-08-29T08:44:48.676818+00:00,ENG01,cruise,5474,76.2,691.7,4.58,72.1,15.62,0.415,14.2,8.0,23.2,88.5,0.247
2026-08-29T08:44:49.676818+00:00,ENG01,cruise,5474,76.1,691.7,4.58,72.1,15.62,0.402,14.2,8.0,23.2,88.5,0.247
2026-08-29T08:44:50.676818+00:00,ENG01,cruise,5474,76.1,691.7,4.57,72.0,15.62,0.391,14.2,8.0,23.2,88.5,0.247
2026-08-29T08:44:51.676818+00:00,ENG01,cruise,5474,76.0,691.6,4.57,72.0,15.62,0.41,14.2,8.0,23.2,88.5,0.247
2026-08-29T08:44:52.676818+00:00,ENG01,cruise,5473,76.0,691.6,4.57,71.9,15.62,0.394,14.2,8.0,23.2,88.5,0.247
2026-08-29T08:44:53.676818+00:00,ENG01,cruise,5473,75.9,691.5,4.57,71.9,15.62,0.397,14.2,8.0,23.2,88.5,0.247
2026-08-29T08:44:54.676818+00:00,ENG01,cruise,5473,75.9,691.5,4.57,71.9,15.62,0.397,14.2,8.0,23.2,88.5,0.247
2026-08-29T08:44:55.676818+00:00,ENG01,cruise,5472,75.8,691.5,4.57,71.8,15.61,0.391,14.2,8.0,23.2,88.5,0.247
2026-08-29T08:44:56.676818+00:00,ENG01,cruise,5472,75.8,691.4,4.57,71.8,15.61,0.413,14.2,8.0,23.2,88.5,0.247
2026-08-29T08:44:57.676818+00:00,ENG01,cruise,5472,75.7,691.4,4.57,71.7,15.61,0.393,14.2,8.0,23.2,88.5,0.246
2026-08-29T08:44:58.676818+00:00,ENG01,cruise,5472,75.7,691.4,4.57,71.7,15.61,0.415,14.2,8.0,23.2,88.4,0.246
2026-08-29T08:44:59.676818+00:00,ENG01,cruise,5471,75.6,691.3,4.57,71.6,15.61,0.391,14.2,8.0,23.2,88.4,0.246
2026-08-29T08:45:00.676818+00:00,ENG01,cruise,5471,75.5,691.3,4.57,71.6,15.61,0.407,14.2,8.0,23.2,88.4,0.246
2026-08-29T08:45:01.676818+00:00,ENG01,cruise,5471,75.5,691.2,4.57,71.6,15.61,0.404,14.2,8.0,23.2,88.4,0.246
2026-08-29T08:45:02.676818+00:00,ENG01,cruise,5471,75.4,691.2,4.57,71.5,15.6,0.426,14.2,8.0,23.2,88.4,0.246
2026-08-29T08:45:03.676818+00:00,ENG01,cruise,5470,75.4,691.2,4.57,71.5,15.6,0.432,14.2,8.0,23.2,88.4,0.246
2026-08-29T08:45:04.676818+00:00,ENG01,cruise,5470,75.3,691.1,4.57,71.4,15.6,0.389,14.2,8.0,23.2,88.4,0.246
2026-08-29T08:45:05.676818+00:00,ENG01,cruise,5470,75.3,691.1,4.57,71.4,15.6,0.393,14.2,8.0,23.2,88.4,0.246
2026-08-29T08:45:06.676818+00:00,ENG01,cruise,5469,75.2,691.1,4.57,71.4,15.6,0.393,14.2,8.0,23.2,88.4,0.246
2026-08-29T08:45:07.676818+00:00,ENG01,cruise,5469,75.2,691.0,4.57,71.3,15.6,0.407,14.2,8.0,23.2,88.4,0.246
2026-08-29T08:45:08.676818+00:00,ENG01,cruise,5469,75.1,691.0,4.57,71.3,15.6,0.392,14.2,8.0,23.2,88.3,0.246
2026-08-29T08:45:09.676818+00:00,ENG01,cruise,5469,75.1,690.9,4.57,71.2,15.59,0.417,14.2,8.0,23.2,88.3,0.246
2026-08-29T08:45:10.676818+00:00,ENG01,cruise,5468,75.1,690.9,4.57,71.2,15.59,0.393,14.2,8.0,23.2,88.3,0.246
2026-08-29T08:45:11.676818+00:00,ENG01,cruise,5468,75.0,690.9,4.57,71.1,15.59,0.421,14.2,8.0,23.2,88.3,0.246
2026-08-29T08:45:12.676818+00:00,ENG01,cruise,5468,75.0,690.8,4.57,71.1,15.59,0.392,14.2,8.0,23.2,88.3,0.246
2026-08-29T08:45:13.676818+00:00,ENG01,cruise,5468,74.9,690.8,4.57,71.1,15.59,0.394,14.2,8.0,23.2,88.3,0.246
2026-08-29T08:45:14.676818+00:00,ENG01,cruise,5467,74.9,690.8,4.57,71.0,15.59,0.424,14.2,8.0,23.2,88.3,0.246
2026-08-29T08:45:15.676818+00:00,ENG01,cruise,5467,74.8,690.7,4.57,71.0,15.59,0.399,14.2,8.0,23.2,88.3,0.246
2026-08-29T08:45:16.676818+00:00,ENG01,cruise,5467,74.8,690.7,4.57,70.9,15.58,0.404,14.2,8.0,23.2,88.3,0.246
2026-08-29T08:45:17.676818+00:00,ENG01,cruise,5466,74.7,690.6,4.56,70.9,15.58,0.42,14.2,8.0,23.2,88.3,0.246
2026-08-29T08:45:18.676818+00:00,ENG01,cruise,5466,74.7,690.6,4.56,70.9,15.58,0.419,14.2,8.0,23.2,88.3,0.246
2026-08-29T08:45:19.676818+00:00,ENG01,cruise,5466,74.6,690.6,4.56,70.8,15.58,0.395,14.2,8.0,23.2,88.2,0.246
2026-08-29T08:45:20.676818+00:00,ENG01,cruise,5466,74.6,690.5,4.56,70.8,15.58,0.413,14.2,8.0,23.2,88.2,0.246
2026-08-29T08:45:21.676818+00:00,ENG01,cruise,5465,74.5,690.5,4.56,70.7,15.58,0.415,14.2,8.0,23.2,88.2,0.246
2026-08-29T08:45:22.676818+00:00,ENG01,cruise,5465,74.5,690.5,4.56,70.7,15.58,0.42,14.2,8.0,23.2,88.2,0.246
2026-08-29T08:45:23.676818+00:00,ENG01,cruise,5465,74.5,690.4,4.56,70.7,15.57,0.402,14.2,8.0,23.2,88.2,0.246
2026-08-29T08:45:24.676818+00:00,ENG01,cruise,5464,74.4,690.4,4.56,70.6,15.57,0.404,14.2,8.0,23.2,88.2,0.246
2026-08-29T08:45:25.676818+00:00,ENG01,cruise,5464,74.4,690.3,4.56,70.6,15.57,0.393,14.2,8.0,23.2,88.2,0.246
2026-08-29T08:45:26.676818+00:00,ENG01,cruise,5464,74.3,690.3,4.56,70.5,15.57,0.401,14.2,8.0,23.2,88.2,0.245
2026-08-29T08:45:27.676818+00:00,ENG01,cruise,5464,74.3,690.3,4.56,70.5,15.57,0.392,14.2,8.0,23.2,88.2,0.245
2026-08-29T08:45:28.676818+00:00,ENG01,cruise,5463,74.2,690.2,4.56,70.4,15.57,0.433,14.2,8.0,23.2,88.2,0.245
2026-08-29T08:45:29.676818+00:00,ENG01,cruise,5463,74.2,690.2,4.56,70.4,15.57,0.4,14.2,8.0,23.2,88.1,0.245
2026-08-29T08:45:30.676818+00:00,ENG01,cruise,5463,74.1,690.2,4.56,70.4,15.56,0.448,14.2,8.0,23.2,88.1,0.245
2026-08-29T08:45:31.676818+00:00,ENG01,cruise,5462,74.1,690.1,4.56,70.3,15.56,0.394,14.2,8.0,23.2,88.1,0.245
2026-08-29T08:45:32.676818+00:00,ENG01,cruise,5462,74.1,690.1,4.56,70.3,15.56,0.403,14.2,8.0,23.1,88.1,0.245
2026-08-29T08:45:33.676818+00:00,ENG01,cruise,5462,74.0,690.0,4.56,70.2,15.56,0.392,14.2,8.0,23.1,88.1,0.245
2026-08-29T08:45:34.676818+00:00,ENG01,cruise,5462,74.0,690.0,4.56,70.2,15.56,0.388,14.2,8.0,23.1,88.1,0.245
2026-08-29T08:45:35.676818+00:00,ENG01,cruise,5461,73.9,690.0,4.56,70.2,15.56,0.401,14.2,8.0,23.1,88.1,0.245
2026-08-29T08:45:36.676818+00:00,ENG01,cruise,5461,73.9,689.9,4.56,70.1,15.56,0.41,14.2,8.0,23.1,88.1,0.245
2026-08-29T08:45:37.676818+00:00,ENG01,cruise,5461,73.9,689.9,4.56,70.1,15.55,0.415,14.2,8.0,23.1,88.1,0.245
2026-08-29T08:45:38.676818+00:00,ENG01,cruise,5461,73.8,689.9,4.56,70.0,15.55,0.4,14.2,8.0,23.1,88.1,0.245
2026-08-29T08:45:39.676818+00:00,ENG01,cruise,5460,73.8,689.8,4.56,70.0,15.55,0.401,14.2,8.0,23.1,88.0,0.245
2026-08-29T08:45:40.676818+00:00,ENG01,cruise,5460,73.7,689.8,4.56,70.0,15.55,0.401,14.2,8.0,23.1,88.0,0.245
2026-08-29T08:45:41.676818+00:00,ENG01,cruise,5460,73.7,689.7,4.56,69.9,15.55,0.401,14.2,8.0,23.1,88.0,0.245
2026-08-29T08:45:42.676818+00:00,ENG01,cruise,5459,73.7,689.7,4.56,69.9,15.55,0.413,14.2,8.0,23.1,88.0,0.245
2026-08-29T08:45:43.676818+00:00,ENG01,cruise,5459,73.6,689.7,4.56,69.8,15.55,0.409,14.2,8.0,23.1,88.0,0.245
2026-08-29T08:45:44.676818+00:00,ENG01,cruise,5459,73.6,689.6,4.56,69.8,15.54,0.403,14.2,8.0,23.1,88.0,0.245
2026-08-29T08:45:45.676818+00:00,ENG01,cruise,5459,73.5,689.6,4.55,69.8,15.54,0.4,14.2,8.0,23.1,88.0,0.245
2026-08-29T08:45:46.676818+00:00,ENG01,cruise,5458,73.5,689.6,4.55,69.7,15.54,0.411,14.2,8.0,23.1,88.0,0.245
2026-08-29T08:45:47.676818+00:00,ENG01,cruise,5458,73.5,689.5,4.55,69.7,15.54,0.391,14.2,8.0,23.1,88.0,0.245
2026-08-29T08:45:48.676818+00:00,ENG01,cruise,5458,73.4,689.5,4.55,69.6,15.54,0.433,14.2,8.0,23.1,88.0,0.245
2026-08-29T08:45:49.676818+00:00,ENG01,cruise,5458,73.4,689.4,4.55,69.6,15.54,0.388,14.2,8.0,23.1,88.0,0.245
2026-08-29T08:45:50.676818+00:00,ENG01,cruise,5457,73.3,689.4,4.55,69.6,15.54,0.423,14.2,8.0,23.1,87.9,0.245
2026-08-29T08:45:51.676818+00:00,ENG01,cruise,5457,73.3,689.4,4.55,69.5,15.53,0.392,14.2,8.0,23.1,87.9,0.245
2026-08-29T08:45:52.676818+00:00,ENG01,cruise,5457,73.3,689.3,4.55,69.5,15.53,0.389,14.2,8.0,23.1,87.9,0.245
2026-08-29T08:45:53.676818+00:00,ENG01,cruise,5456,73.2,689.3,4.55,69.4,15.53,0.395,14.2,8.0,23.1,87.9,0.245
2026-08-29T08:45:54.676818+00:00,ENG01,cruise,5456,73.2,689.3,4.55,69.4,15.53,0.417,14.2,8.0,23.1,87.9,0.245
2026-08-29T08:45:55.676818+00:00,ENG01,cruise,5456,73.2,689.2,4.55,69.4,15.53,0.41,14.2,8.0,23.1,87.9,0.244
2026-08-29T08:45:56.676818+00:00,ENG01,cruise,5456,73.1,689.2,4.55,69.3,15.53,0.404,14.2,8.0,23.1,87.9,0.244
2026-08-29T08:45:57.676818+00:00,ENG01,cruise,5455,73.1,689.1,4.55,69.3,15.53,0.392,14.2,8.0,23.1,87.9,0.244
2026-08-29T08:45:58.676818+00:00,ENG01,cruise,5455,73.0,689.1,4.55,69.2,15.52,0.413,14.2,8.0,23.1,87.9,0.244
2026-08-29T08:45:59.676818+00:00,ENG01,cruise,5455,73.0,689.1,4.55,69.2,15.52,0.401,14.2,8.0,23.1,87.9,0.244
2026-08-29T08:46:00.676818+00:00,ENG01,cruise,5454,73.0,689.0,4.55,69.2,15.52,0.397,14.2,8.0,23.1,87.8,0.244
2026-08-29T08:46:01.676818+00:00,ENG01,cruise,5454,72.9,689.0,4.55,69.1,15.52,0.413,14.2,8.0,23.1,87.8,0.244
2026-08-29T08:46:02.676818+00:00,ENG01,cruise,5454,72.9,689.0,4.55,69.1,15.52,0.414,14.2,8.0,23.1,87.8,0.244
2026-08-29T08:46:03.676818+00:00,ENG01,cruise,5454,72.9,688.9,4.55,69.0,15.52,0.401,14.2,8.0,23.1,87.8,0.244
2026-08-29T08:46:04.676818+00:00,ENG01,cruise,5453,72.8,688.9,4.55,69.0,15.52,0.39,14.2,8.0,23.1,87.8,0.244
2026-08-29T08:46:05.676818+00:00,ENG01,cruise,5453,72.8,688.8,4.55,69.0,15.51,0.392,14.2,8.0,23.1,87.8,0.244
2026-08-29T08:46:06.676818+00:00,ENG01,cruise,5453,72.8,688.8,4.55,68.9,15.51,0.4,14.2,8.0,23.1,87.8,0.244
2026-08-29T08:46:07.676818+00:00,ENG01,cruise,5452,72.7,688.8,4.55,68.9,15.51,0.4,14.2,8.0,23.1,87.8,0.244
2026-08-29T08:46:08.676818+00:00,ENG01,cruise,5452,72.7,688.7,4.55,68.9,15.51,0.403,14.2,8.0,23.1,87.8,0.244
2026-08-29T08:46:09.676818+00:00,ENG01,cruise,5452,72.7,688.7,4.55,68.8,15.51,0.387,14.2,8.0,23.1,87.8,0.244
2026-08-29T08:46:10.676818+00:00,ENG01,cruise,5452,72.6,688.7,4.55,68.8,15.51,0.435,14.2,8.0,23.1,87.7,0.244
2026-08-29T08:46:11.676818+00:00,ENG01,cruise,5451,72.6,688.6,4.55,68.7,15.51,0.393,14.2,8.0,23.1,87.7,0.244
2026-08-29T08:46:12.676818+00:00,ENG01,cruise,5451,72.6,688.6,4.54,68.7,15.5,0.412,14.2,8.0,23.1,87.7,0.244
2026-08-29T08:46:13.676818+00:00,ENG01,cruise,5451,72.5,688.5,4.54,68.7,15.5,0.4,14.2,8.0,23.1,87.7,0.244
2026-08-29T08:46:14.676818+00:00,ENG01,cruise,5451,72.5,688.5,4.54,68.6,15.5,0.41,14.2,8.0,23.1,87.7,0.244
2026-08-29T08:46:15.676818+00:00,ENG01,cruise,5450,72.5,688.5,4.54,68.6,15.5,0.414,14.2,8.0,23.1,87.7,0.244
2026-08-29T08:46:16.676818+00:00,ENG01,cruise,5450,72.4,688.4,4.54,68.5,15.5,0.408,14.2,8.0,23.1,87.7,0.244
2026-08-29T08:46:17.676818+00:00,ENG01,cruise,5450,72.4,688.4,4.54,68.5,15.5,0.431,14.2,8.0,23.1,87.7,0.244
2026-08-29T08:46:18.676818+00:00,ENG01,cruise,5449,72.4,688.4,4.54,68.5,15.5,0.404,14.2,8.0,23.1,87.7,0.244
2026-08-29T08:46:19.676818+00:00,ENG01,cruise,5449,72.3,688.3,4.54,68.4,15.5,0.408,14.2,8.0,23.1,87.7,0.244
2026-08-29T08:46:20.676818+00:00,ENG01,cruise,5449,72.3,688.3,4.54,68.4,15.49,0.387,14.2,8.0,23.1,87.6,0.244
2026-08-29T08:46:21.676818+00:00,ENG01,cruise,5449,72.3,688.2,4.54,68.4,15.49,0.392,14.2,8.0,23.1,87.6,0.244
2026-08-29T08:46:22.676818+00:00,ENG01,cruise,5448,72.2,688.2,4.54,68.3,15.49,0.418,14.2,8.0,23.1,87.6,0.244
2026-08-29T08:46:23.676818+00:00,ENG01,cruise,5448,72.2,688.2,4.54,68.3,15.49,0.401,14.2,8.0,23.1,87.6,0.244
2026-08-29T08:46:24.676818+00:00,ENG01,cruise,5448,72.2,688.1,4.54,68.2,15.49,0.399,14.2,8.0,23.1,87.6,0.243
2026-08-29T08:46:25.676818+00:00,ENG01,cruise,5448,72.1,688.1,4.54,68.2,15.49,0.401,14.2,8.0,23.1,87.6,0.243
2026-08-29T08:46:26.676818+00:00,ENG01,cruise,5447,72.1,688.1,4.54,68.2,15.49,0.411,14.2,8.0,23.1,87.6,0.243
2026-08-29T08:46:27.676818+00:00,ENG01,cruise,5447,72.1,688.0,4.54,68.1,15.48,0.397,14.2,8.0,23.1,87.6,0.243
2026-08-29T08:46:28.676818+00:00,ENG01,cruise,5447,72.1,688.0,4.54,68.1,15.48,0.407,14.2,8.0,23.1,87.6,0.243
2026-08-29T08:46:29.676818+00:00,ENG01,cruise,5446,72.0,687.9,4.54,68.1,15.48,0.43,14.2,8.0,23.1,87.6,0.243
2026-08-29T08:46:30.676818+00:00,ENG01,cruise,5446,72.0,687.9,4.54,68.0,15.48,0.41,14.2,8.0,23.1,87.6,0.243
2026-08-29T08:46:31.676818+00:00,ENG01,cruise,5446,72.0,687.9,4.54,68.0,15.48,0.41,14.2,8.0,23.1,87.5,0.243
2026-08-29T08:46:32.676818+00:00,ENG01,cruise,5446,71.9,687.8,4.54,67.9,15.48,0.408,14.2,8.0,23.1,87.5,0.243
2026-08-29T08:46:33.676818+00:00,ENG01,cruise,5445,71.9,687.8,4.54,67.9,15.48,0.397,14.2,8.0,23.1,87.5,0.243
2026-08-29T08:46:34.676818+00:00,ENG01,cruise,5445,71.9,687.8,4.54,67.9,15.47,0.409,14.2,8.0,23.1,87.5,0.243
2026-08-29T08:46:35.676818+00:00,ENG01,cruise,5445,71.8,687.7,4.54,67.8,15.47,0.403,14.2,8.0,23.1,87.5,0.243
2026-08-29T08:46:36.676818+00:00,ENG01,cruise,5444,71.8,687.7,4.54,67.8,15.47,0.386,14.2,8.0,23.1,87.5,0.243
2026-08-29T08:46:37.676818+00:00,ENG01,cruise,5444,71.8,687.6,4.54,67.8,15.47,0.396,14.2,8.0,23.1,87.5,0.243
2026-08-29T08:46:38.676818+00:00,ENG01,cruise,5444,71.8,687.6,4.54,67.7,15.47,0.388,14.2,8.0,23.1,87.5,0.243
2026-08-29T08:46:39.676818+00:00,ENG01,cruise,5444,71.7,687.6,4.54,67.7,15.47,0.409,14.2,8.0,23.1,87.5,0.243
2026-08-29T08:46:40.676818+00:00,ENG01,cruise,5443,71.7,687.5,4.53,67.6,15.47,0.405,14.2,8.0,23.1,87.5,0.243
2026-08-29T08:46:41.676818+00:00,ENG01,cruise,5443,71.7,687.5,4.53,67.6,15.46,0.402,14.2,8.0,23.1,87.4,0.243
2026-08-29T08:46:42.676818+00:00,ENG01,cruise,5443,71.6,687.4,4.53,67.6,15.46,0.387,14.2,8.0,23.1,87.4,0.243
2026-08-29T08:46:43.676818+00:00,ENG01,cruise,5442,71.6,687.4,4.53,67.5,15.46,0.401,14.2,8.0,23.1,87.4,0.243
2026-08-29T08:46:44.676818+00:00,ENG01,cruise,5442,71.6,687.4,4.53,67.5,15.46,0.449,14.2,8.0,23.1,87.4,0.243
2026-08-29T08:46:45.676818+00:00,ENG01,cruise,5442,71.6,687.3,4.53,67.5,15.46,0.408,14.2,8.0,23.1,87.4,0.243
2026-08-29T08:46:46.676818+00:00,ENG01,cruise,5442,71.5,687.3,4.53,67.4,15.46,0.395,14.2,8.0,23.1,87.4,0.243
2026-08-29T08:46:47.676818+00:00,ENG01,cruise,5441,71.5,687.3,4.53,67.4,15.46,0.429,14.2,8.0,23.1,87.4,0.243
2026-08-29T08:46:48.676818+00:00,ENG01,cruise,5441,71.5,687.2,4.53,67.4,15.45,0.396,14.2,8.0,23.1,87.4,0.243
2026-08-29T08:46:49.676818+00:00,ENG01,cruise,5441,71.4,687.2,4.53,67.3,15.45,0.386,14.2,8.0,23.1,87.4,0.243
2026-08-29T08:46:50.676818+00:00,ENG01,cruise,5441,71.4,687.1,4.53,67.3,15.45,0.399,14.2,8.0,23.1,87.4,0.243
2026-08-29T08:46:51.676818+00:00,ENG01,cruise,5440,71.4,687.1,4.53,67.2,15.45,0.403,14.2,8.0,23.1,87.3,0.243
2026-08-29T08:46:52.676818+00:00,ENG01,cruise,5440,71.4,687.1,4.53,67.2,15.45,0.403,14.2,8.0,23.1,87.3,0.242
2026-08-29T08:46:53.676818+00:00,ENG01,cruise,5440,71.3,687.0,4.53,67.2,15.45,0.398,14.2,8.0,23.1,87.3,0.242
2026-08-29T08:46:54.676818+00:00,ENG01,cruise,5439,71.3,687.0,4.53,67.1,15.45,0.411,14.2,8.0,23.1,87.3,0.242
2026-08-29T08:46:55.676818+00:00,ENG01,cruise,5439,71.3,687.0,4.53,67.1,15.44,0.401,14.2,8.0,23.1,87.3,0.242
2026-08-29T08:46:56.676818+00:00,ENG01,cruise,5439,71.3,686.9,4.53,67.1,15.44,0.395,14.2,8.0,23.1,87.3,0.242
2026-08-29T08:46:57.676818+00:00,ENG01,cruise,5439,71.2,686.9,4.53,67.0,15.44,0.4,14.2,8.0,23.1,87.3,0.242
2026-08-29T08:46:58.676818+00:00,ENG01,cruise,5438,71.2,686.8,4.53,67.0,15.44,0.389,14.2,8.0,23.1,87.3,0.242
2026-08-29T08:46:59.676818+00:00,ENG01,cruise,5438,71.2,686.8,4.53,67.0,15.44,0.391,14.2,8.0,23.1,87.3,0.242
2026-08-29T08:47:00.676818+00:00,ENG01,cruise,5438,71.2,686.8,4.53,66.9,15.44,0.426,14.2,8.0,23.1,87.3,0.242
2026-08-29T08:47:01.676818+00:00,ENG01,cruise,5438,71.1,686.7,4.53,66.9,15.43,0.396,14.2,8.0,23.1,87.2,0.242
2026-08-29T08:47:02.676818+00:00,ENG01,cruise,5437,71.1,686.7,4.53,66.9,15.43,0.404,14.2,8.0,23.1,87.2,0.242
2026-08-29T08:47:03.676818+00:00,ENG01,cruise,5437,71.1,686.7,4.53,66.8,15.43,0.41,14.2,8.0,23.1,87.2,0.242
2026-08-29T08:47:04.676818+00:00,ENG01,cruise,5437,71.1,686.6,4.53,66.8,15.43,0.41,14.2,8.0,23.1,87.2,0.242
2026-08-29T08:47:05.676818+00:00,ENG01,cruise,5436,71.0,686.6,4.53,66.7,15.43,0.397,14.2,8.0,23.1,87.2,0.242
2026-08-29T08:47:06.676818+00:00,ENG01,cruise,5436,71.0,686.5,4.53,66.7,15.43,0.391,14.2,8.0,23.1,87.2,0.242
2026-08-29T08:47:07.676818+00:00,ENG01,cruise,5436,71.0,686.5,4.52,66.7,15.43,0.408,14.2,8.0,23.1,87.2,0.242
2026-08-29T08:47:08.676818+00:00,ENG01,cruise,5436,71.0,686.5,4.52,66.6,15.42,0.394,14.2,8.0,23.1,87.2,0.242
2026-08-29T08:47:09.676818+00:00,ENG01,cruise,5435,70.9,686.4,4.52,66.6,15.42,0.394,14.2,8.0,23.1,87.2,0.242
2026-08-29T08:47:10.676818+00:00,ENG01,cruise,5435,70.9,686.4,4.52,66.6,15.42,0.407,14.2,8.0,23.1,87.2,0.242
2026-08-29T08:47:11.676818+00:00,ENG01,cruise,5435,70.9,686.4,4.52,66.5,15.42,0.412,14.2,8.0,23.1,87.2,0.242
2026-08-29T08:47:12.676818+00:00,ENG01,cruise,5434,70.9,686.3,4.52,66.5,15.42,0.41,14.2,8.0,23.1,87.1,0.242
2026-08-29T08:47:13.676818+00:00,ENG01,cruise,5434,70.8,686.3,4.52,66.5,15.42,0.389,14.2,8.0,23.1,87.1,0.242
2026-08-29T08:47:14.676818+00:00,ENG01,cruise,5434,70.8,686.2,4.52,66.4,15.42,0.409,14.2,8.0,23.1,87.1,0.242
2026-08-29T08:47:15.676818+00:00,ENG01,cruise,5434,70.8,686.2,4.52,66.4,15.41,0.411,14.2,8.0,23.1,87.1,0.242
2026-08-29T08:47:16.676818+00:00,ENG01,cruise,5433,70.8,686.2,4.52,66.4,15.41,0.41,14.2,8.0,23.1,87.1,0.242
2026-08-29T08:47:17.676818+00:00,ENG01,cruise,5433,70.7,686.1,4.52,66.3,15.41,0.393,14.2,8.0,23.1,87.1,0.242
2026-08-29T08:47:18.676818+00:00,ENG01,cruise,5433,70.7,686.1,4.52,66.3,15.41,0.399,14.2,8.0,23.1,87.1,0.242
2026-08-29T08:47:19.676818+00:00,ENG01,cruise,5432,70.7,686.0,4.52,66.3,15.41,0.393,14.2,8.0,23.1,87.1,0.242
2026-08-29T08:47:20.676818+00:00,ENG01,cruise,5432,70.7,686.0,4.52,66.2,15.41,0.416,14.2,8.0,23.1,87.1,0.242
2026-08-29T08:47:21.676818+00:00,ENG01,cruise,5432,70.6,686.0,4.52,66.2,15.41,0.384,14.2,8.0,23.1,87.1,0.241
2026-08-29T08:47:22.676818+00:00,ENG01,cruise,5432,70.6,685.9,4.52,66.2,15.4,0.418,14.2,8.0,23.1,87.0,0.241
2026-08-29T08:47:23.676818+00:00,ENG01,cruise,5431,70.6,685.9,4.52,66.1,15.4,0.39,14.2,8.0,23.1,87.0,0.241
2026-08-29T08:47:24.676818+00:00,ENG01,cruise,5431,70.6,685.9,4.52,66.1,15.4,0.388,14.2,8.0,23.1,87.0,0.241
2026-08-29T08:47:25.676818+00:00,ENG01,cruise,5431,70.6,685.8,4.52,66.1,15.4,0.391,14.2,8.0,23.1,87.0,0.241
2026-08-29T08:47:26.676818+00:00,ENG01,cruise,5431,70.5,685.8,4.52,66.0,15.4,0.412,14.2,8.0,23.1,87.0,0.241
2026-08-29T08:47:27.676818+00:00,ENG01,cruise,5430,70.5,685.7,4.52,66.0,15.4,0.389,14.2,8.0,23.1,87.0,0.241
2026-08-29T08:47:28.676818+00:00,ENG01,cruise,5430,70.5,685.7,4.52,66.0,15.4,0.413,14.2,8.0,23.1,87.0,0.241
2026-08-29T08:47:29.676818+00:00,ENG01,cruise,5430,70.5,685.7,4.52,65.9,15.39,0.393,14.2,8.0,23.1,87.0,0.241
2026-08-29T08:47:30.676818+00:00,ENG01,cruise,5429,70.4,685.6,4.52,65.9,15.39,0.407,14.2,8.0,23.1,87.0,0.241
2026-08-29T08:47:31.676818+00:00,ENG01,cruise,5429,70.4,685.6,4.52,65.9,15.39,0.418,14.2,8.0,23.1,87.0,0.241
2026-08-29T08:47:32.676818+00:00,ENG01,cruise,5429,70.4,685.6,4.52,65.8,15.39,0.389,14.2,8.0,23.1,86.9,0.241
2026-08-29T08:47:33.676818+00:00,ENG01,cruise,5429,70.4,685.5,4.52,65.8,15.39,0.412,14.2,8.0,23.1,86.9,0.241
2026-08-29T08:47:34.676818+00:00,ENG01,cruise,5428,70.4,685.5,4.52,65.8,15.39,0.405,14.2,8.0,23.1,86.9,0.241
2026-08-29T08:47:35.676818+00:00,ENG01,cruise,5428,70.3,685.4,4.51,65.7,15.39,0.431,14.2,8.0,23.1,86.9,0.241
2026-08-29T08:47:36.676818+00:00,ENG01,cruise,5428,70.3,685.4,4.51,65.7,15.38,0.424,14.2,8.0,23.1,86.9,0.241
2026-08-29T08:47:37.676818+00:00,ENG01,cruise,5428,70.3,685.4,4.51,65.7,15.38,0.402,14.2,8.0,23.1,86.9,0.241
2026-08-29T08:47:38.676818+00:00,ENG01,cruise,5427,70.3,685.3,4.51,65.6,15.38,0.393,14.2,8.0,23.1,86.9,0.241
2026-08-29T08:47:39.676818+00:00,ENG01,cruise,5427,70.2,685.3,4.51,65.6,15.38,0.387,14.2,8.0,23.1,86.9,0.241
2026-08-29T08:47:40.676818+00:00,ENG01,cruise,5427,70.2,685.2,4.51,65.6,15.38,0.39,14.2,8.0,23.1,86.9,0.241
2026-08-29T08:47:41.676818+00:00,ENG01,cruise,5426,70.2,685.2,4.51,65.5,15.38,0.393,14.2,8.0,23.1,86.9,0.241
2026-08-29T08:47:42.676818+00:00,ENG01,cruise,5426,70.2,685.2,4.51,65.5,15.38,0.397,14.2,8.0,23.1,86.9,0.241
2026-08-29T08:47:43.676818+00:00,ENG01,cruise,5426,70.2,685.1,4.51,65.5,15.37,0.412,14.2,8.0,23.1,86.8,0.241
2026-08-29T08:47:44.676818+00:00,ENG01,cruise,5426,70.1,685.1,4.51,65.4,15.37,0.41,14.2,8.0,23.1,86.8,0.241
2026-08-29T08:47:45.676818+00:00,ENG01,cruise,5425,70.1,685.1,4.51,65.4,15.37,0.423,14.2,8.0,23.1,86.8,0.241
2026-08-29T08:47:46.676818+00:00,ENG01,cruise,5425,70.1,685.0,4.51,65.4,15.37,0.414,14.2,8.0,23.1,86.8,0.241
2026-08-29T08:47:47.676818+00:00,ENG01,cruise,5425,70.1,685.0,4.51,65.3,15.37,0.407,14.2,8.0,23.1,86.8,0.241
2026-08-29T08:47:48.676818+00:00,ENG01,cruise,5424,70.1,684.9,4.51,65.3,15.37,0.383,14.2,8.0,23.1,86.8,0.241
2026-08-29T08:47:49.676818+00:00,ENG01,cruise,5424,70.0,684.9,4.51,65.3,15.37,0.412,14.2,8.0,23.1,86.8,0.241
2026-08-29T08:47:50.676818+00:00,ENG01,cruise,5424,70.0,684.9,4.51,65.3,15.36,0.393,14.2,8.0,23.1,86.8,0.24
2026-08-29T08:47:51.676818+00:00,ENG01,cruise,5424,70.0,684.8,4.51,65.2,15.36,0.386,14.2,8.0,23.1,86.8,0.24
2026-08-29T08:47:52.676818+00:00,ENG01,cruise,5423,70.0,684.8,4.51,65.2,15.36,0.391,14.2,8.0,23.1,86.8,0.24
2026-08-29T08:47:53.676818+00:00,ENG01,cruise,5423,70.0,684.8,4.51,65.2,15.36,0.406,14.2,8.0,23.1,86.7,0.24
2026-08-29T08:47:54.676818+00:00,ENG01,cruise,5423,69.9,684.7,4.51,65.1,15.36,0.395,14.2,8.0,23.1,86.7,0.24
2026-08-29T08:47:55.676818+00:00,ENG01,cruise,5422,69.9,684.7,4.51,65.1,15.36,0.383,14.2,8.0,23.1,86.7,0.24
2026-08-29T08:47:56.676818+00:00,ENG01,cruise,5422,69.9,684.6,4.51,65.1,15.36,0.394,14.2,8.0,23.1,86.7,0.24
2026-08-29T08:47:57.676818+00:00,ENG01,cruise,5422,69.9,684.6,4.51,65.0,15.35,0.387,14.2,8.0,23.1,86.7,0.24
2026-08-29T08:47:58.676818+00:00,ENG01,cruise,5422,69.9,684.6,4.51,65.0,15.35,0.4,14.2,8.0,23.1,86.7,0.24
2026-08-29T08:47:59.676818+00:00,ENG01,cruise,5421,69.8,684.5,4.51,65.0,15.35,0.41,14.2,8.0,23.1,86.7,0.24
2026-08-29T08:48:00.676818+00:00,ENG01,cruise,5421,69.8,684.5,4.51,64.9,15.35,0.413,14.2,8.0,23.1,86.7,0.24
2026-08-29T08:48:01.676818+00:00,ENG01,cruise,5421,69.8,684.4,4.51,64.9,15.35,0.406,14.2,8.0,23.1,86.7,0.24
2026-08-29T08:48:02.676818+00:00,ENG01,cruise,5421,69.8,684.4,4.51,64.9,15.35,0.417,14.2,8.0,23.1,86.7,0.24
2026-08-29T08:48:03.676818+00:00,ENG01,cruise,5420,69.8,684.4,4.5,64.8,15.35,0.397,14.2,8.0,23.1,86.6,0.24
2026-08-29T08:48:04.676818+00:00,ENG01,cruise,5420,69.7,684.3,4.5,64.8,15.34,0.389,14.2,8.0,23.1,86.6,0.24
2026-08-29T08:48:05.676818+00:00,ENG01,cruise,5420,69.7,684.3,4.5,64.8,15.34,0.384,14.2,8.0,23.1,86.6,0.24
2026-08-29T08:48:06.676818+00:00,ENG01,cruise,5419,69.7,684.3,4.5,64.8,15.34,0.399,14.2,8.0,23.1,86.6,0.24
2026-08-29T08:48:07.676818+00:00,ENG01,cruise,5419,69.7,684.2,4.5,64.7,15.34,0.403,14.2,8.0,23.1,86.6,0.24
2026-08-29T08:48:08.676818+00:00,ENG01,cruise,5419,69.7,684.2,4.5,64.7,15.34,0.402,14.2,8.0,23.1,86.6,0.24
2026-08-29T08:48:09.676818+00:00,ENG01,cruise,5419,69.7,684.1,4.5,64.7,15.34,0.41,14.2,8.0,23.1,86.6,0.24
2026-08-29T08:48:10.676818+00:00,ENG01,cruise,5418,69.6,684.1,4.5,64.6,15.34,0.407,14.2,8.0,23.1,86.6,0.24
2026-08-29T08:48:11.676818+00:00,ENG01,cruise,5418,69.6,684.1,4.5,64.6,15.33,0.397,14.2,8.0,23.1,86.6,0.24
2026-08-29T08:48:12.676818+00:00,ENG01,cruise,5418,69.6,684.0,4.5,64.6,15.33,0.41,14.2,8.0,23.1,86.6,0.24
2026-08-29T08:48:13.676818+00:00,ENG01,cruise,5418,69.6,684.0,4.5,64.5,15.33,0.383,14.2,8.0,23.1,86.5,0.24
2026-08-29T08:48:14.676818+00:00,ENG01,cruise,5417,69.6,683.9,4.5,64.5,15.33,0.395,14.2,8.0,23.1,86.5,0.24
2026-08-29T08:48:15.676818+00:00,ENG01,cruise,5417,69.5,683.9,4.5,64.5,15.33,0.431,14.2,8.0,23.1,86.5,0.24
2026-08-29T08:48:16.676818+00:00,ENG01,cruise,5417,69.5,683.9,4.5,64.5,15.33,0.418,14.2,8.0,23.1,86.5,0.24
2026-08-29T08:48:17.676818+00:00,ENG01,cruise,5416,69.5,683.8,4.5,64.4,15.33,0.386,14.2,8.0,23.1,86.5,0.24
2026-08-29T08:48:18.676818+00:00,ENG01,cruise,5416,69.5,683.8,4.5,64.4,15.32,0.389,14.2,8.0,23.1,86.5,0.24
2026-08-29T08:48:19.676818+00:00,ENG01,cruise,5416,69.5,683.8,4.5,64.4,15.32,0.398,14.2,8.0,23.1,86.5,0.239
2026-08-29T08:48:20.676818+00:00,ENG01,cruise,5416,69.5,683.7,4.5,64.3,15.32,0.388,14.2,8.0,23.1,86.5,0.239
2026-08-29T08:48:21.676818+00:00,ENG01,cruise,5415,69.4,683.7,4.5,64.3,15.32,0.385,14.2,8.0,23.1,86.5,0.239
2026-08-29T08:48:22.676818+00:00,ENG01,cruise,5415,69.4,683.6,4.5,64.3,15.32,0.403,14.2,8.0,23.1,86.5,0.239
2026-08-29T08:48:23.676818+00:00,ENG01,cruise,5415,69.4,683.6,4.5,64.3,15.32,0.391,14.2,8.0,23.1,86.5,0.239
2026-08-29T08:48:24.676818+00:00,ENG01,cruise,5414,69.4,683.6,4.5,64.2,15.32,0.39,14.2,8.0,23.1,86.4,0.239
2026-08-29T08:48:25.676818+00:00,ENG01,cruise,5414,69.4,683.5,4.5,64.2,15.31,0.408,14.2,8.0,23.1,86.4,0.239
2026-08-29T08:48:26.676818+00:00,ENG01,cruise,5414,69.4,683.5,4.5,64.2,15.31,0.394,14.2,8.0,23.1,86.4,0.239
2026-08-29T08:48:27.676818+00:00,ENG01,cruise,5414,69.3,683.5,4.5,64.1,15.31,0.411,14.2,8.0,23.1,86.4,0.239
2026-08-29T08:48:28.676818+00:00,ENG01,cruise,5413,69.3,683.4,4.5,64.1,15.31,0.386,14.2,8.0,23.1,86.4,0.239
2026-08-29T08:48:29.676818+00:00,ENG01,cruise,5413,69.3,683.4,4.5,64.1,15.31,0.421,14.2,8.0,23.1,86.4,0.239
2026-08-29T08:48:30.676818+00:00,ENG01,cruise,5413,69.3,683.3,4.49,64.1,15.31,0.392,14.2,8.0,23.1,86.4,0.239
2026-08-29T08:48:31.676818+00:00,ENG01,cruise,5412,69.3,683.3,4.49,64.0,15.31,0.383,14.2,8.0,23.1,86.4,0.239
2026-08-29T08:48:32.676818+00:00,ENG01,cruise,5412,69.3,683.3,4.49,64.0,15.3,0.399,14.2,8.0,23.1,86.4,0.239
2026-08-29T08:48:33.676818+00:00,ENG01,cruise,5412,69.2,683.2,4.49,64.0,15.3,0.4,14.2,8.0,23.1,86.4,0.239
2026-08-29T08:48:34.676818+00:00,ENG01,cruise,5412,69.2,683.2,4.49,63.9,15.3,0.391,14.2,8.0,23.1,86.3,0.239
2026-08-29T08:48:35.676818+00:00,ENG01,cruise,5411,69.2,683.1,4.49,63.9,15.3,0.402,14.2,8.0,23.1,86.3,0.239
2026-08-29T08:48:36.676818+00:00,ENG01,cruise,5411,69.2,683.1,4.49,63.9,15.3,0.383,14.2,8.0,23.1,86.3,0.239
2026-08-29T08:48:37.676818+00:00,ENG01,cruise,5411,69.2,683.1,4.49,63.9,15.3,0.397,14.2,8.0,23.1,86.3,0.239
2026-08-29T08:48:38.676818+00:00,ENG01,cruise,5411,69.2,683.0,4.49,63.8,15.3,0.395,14.2,8.0,23.1,86.3,0.239
2026-08-29T08:48:39.676818+00:00,ENG01,cruise,5410,69.1,683.0,4.49,63.8,15.29,0.391,14.2,8.0,23.1,86.3,0.239
2026-08-29T08:48:40.676818+00:00,ENG01,cruise,5410,69.1,683.0,4.49,63.8,15.29,0.402,14.2,8.0,23.1,86.3,0.239
2026-08-29T08:48:41.676818+00:00,ENG01,cruise,5410,69.1,682.9,4.49,63.7,15.29,0.4,14.2,8.0,23.1,86.3,0.239
2026-08-29T08:48:42.676818+00:00,ENG01,cruise,5409,69.1,682.9,4.49,63.7,15.29,0.382,14.2,8.0,23.1,86.3,0.239
2026-08-29T08:48:43.676818+00:00,ENG01,cruise,5409,69.1,682.8,4.49,63.7,15.29,0.421,14.2,8.0,23.0,86.3,0.239
2026-08-29T08:48:44.676818+00:00,ENG01,cruise,5409,69.1,682.8,4.49,63.7,15.29,0.391,14.2,8.0,23.0,86.2,0.239
2026-08-29T08:48:45.676818+00:00,ENG01,cruise,5409,69.0,682.8,4.49,63.6,15.29,0.396,14.2,8.0,23.0,86.2,0.239
2026-08-29T08:48:46.676818+00:00,ENG01,cruise,5408,69.0,682.7,4.49,63.6,15.28,0.396,14.2,8.0,23.0,86.2,0.239
2026-08-29T08:48:47.676818+00:00,ENG01,cruise,5408,69.0,682.7,4.49,63.6,15.28,0.389,14.2,8.0,23.0,86.2,0.239
2026-08-29T08:48:48.676818+00:00,ENG01,cruise,5408,69.0,682.6,4.49,63.5,15.28,0.383,14.2,8.0,23.0,86.2,0.238
2026-08-29T08:48:49.676818+00:00,ENG01,cruise,5408,69.0,682.6,4.49,63.5,15.28,0.404,14.2,8.0,23.0,86.2,0.238
2026-08-29T08:48:50.676818+00:00,ENG01,cruise,5407,69.0,682.6,4.49,63.5,15.28,0.404,14.2,8.0,23.0,86.2,0.238
2026-08-29T08:48:51.676818+00:00,ENG01,cruise,5407,68.9,682.5,4.49,63.5,15.28,0.383,14.2,8.0,23.0,86.2,0.238
2026-08-29T08:48:52.676818+00:00,ENG01,cruise,5407,68.9,682.5,4.49,63.4,15.28,0.383,14.2,8.0,23.0,86.2,0.238
2026-08-29T08:48:53.676818+00:00,ENG01,cruise,5406,68.9,682.5,4.49,63.4,15.27,0.385,14.2,8.0,23.0,86.2,0.238
2026-08-29T08:48:54.676818+00:00,ENG01,cruise,5406,68.9,682.4,4.49,63.4,15.27,0.403,14.2,8.0,23.0,86.1,0.238
2026-08-29T08:48:55.676818+00:00,ENG01,cruise,5406,68.9,682.4,4.49,63.4,15.27,0.389,14.2,8.0,23.0,86.1,0.238
2026-08-29T08:48:56.676818+00:00,ENG01,cruise,5406,68.9,682.3,4.49,63.3,15.27,0.394,14.2,8.0,23.0,86.1,0.238
2026-08-29T08:48:57.676818+00:00,ENG01,cruise,5405,68.9,682.3,4.49,63.3,15.27,0.384,14.2,8.0,23.0,86.1,0.238
2026-08-29T08:48:58.676818+00:00,ENG01,cruise,5405,68.8,682.3,4.48,63.3,15.27,0.385,14.2,8.0,23.0,86.1,0.238
2026-08-29T08:48:59.676818+00:00,ENG01,cruise,5405,68.8,682.2,4.48,63.3,15.26,0.386,14.2,8.0,23.0,86.1,0.238
2026-08-29T08:49:00.676818+00:00,ENG01,cruise,5404,68.8,682.2,4.48,63.2,15.26,0.422,14.2,8.0,23.0,86.1,0.238
2026-08-29T08:49:01.676818+00:00,ENG01,cruise,5404,68.8,682.1,4.48,63.2,15.26,0.382,14.2,8.0,23.0,86.1,0.238
2026-08-29T08:49:02.676818+00:00,ENG01,cruise,5404,68.8,682.1,4.48,63.2,15.26,0.393,14.2,8.0,23.0,86.1,0.238
2026-08-29T08:49:03.676818+00:00,ENG01,cruise,5404,68.8,682.1,4.48,63.1,15.26,0.399,14.2,8.0,23.0,86.1,0.238
2026-08-29T08:49:04.676818+00:00,ENG01,cruise,5403,68.8,682.0,4.48,63.1,15.26,0.418,14.2,8.0,23.0,86.1,0.238
2026-08-29T08:49:05.676818+00:00,ENG01,cruise,5403,68.7,682.0,4.48,63.1,15.26,0.389,14.2,8.0,23.0,86.0,0.238
2026-08-29T08:49:06.676818+00:00,ENG01,cruise,5403,68.7,682.0,4.48,63.1,15.25,0.418,14.2,8.0,23.0,86.0,0.238
2026-08-29T08:49:07.676818+00:00,ENG01,cruise,5402,68.7,681.9,4.48,63.0,15.25,0.398,14.2,8.0,23.0,86.0,0.238
2026-08-29T08:49:08.676818+00:00,ENG01,cruise,5402,68.7,681.9,4.48,63.0,15.25,0.385,14.2,8.0,23.0,86.0,0.238
2026-08-29T08:49:09.676818+00:00,ENG01,cruise,5402,68.7,681.8,4.48,63.0,15.25,0.414,14.2,8.0,23.0,86.0,0.238
2026-08-29T08:49:10.676818+00:00,ENG01,cruise,5402,68.7,681.8,4.48,63.0,15.25,0.394,14.2,8.0,23.0,86.0,0.238
2026-08-29T08:49:11.676818+00:00,ENG01,cruise,5401,68.7,681.8,4.48,62.9,15.25,0.395,14.2,8.0,23.0,86.0,0.238
2026-08-29T08:49:12.676818+00:00,ENG01,cruise,5401,68.6,681.7,4.48,62.9,15.25,0.392,14.2,8.0,23.0,86.0,0.238
2026-08-29T08:49:13.676818+00:00,ENG01,cruise,5401,68.6,681.7,4.48,62.9,15.24,0.386,14.2,8.0,23.0,86.0,0.238
2026-08-29T08:49:14.676818+00:00,ENG01,cruise,5401,68.6,681.6,4.48,62.9,15.24,0.388,14.2,8.0,23.0,86.0,0.238
2026-08-29T08:49:15.676818+00:00,ENG01,cruise,5400,68.6,681.6,4.48,62.8,15.24,0.383,14.2,8.0,23.0,85.9,0.238
2026-08-29T08:49:16.676818+00:00,ENG01,cruise,5400,68.6,681.6,4.48,62.8,15.24,0.414,14.2,8.0,23.0,85.9,0.237
2026-08-29T08:49:17.676818+00:00,ENG01,cruise,5400,68.6,681.5,4.48,62.8,15.24,0.381,14.2,8.0,23.0,85.9,0.237
2026-08-29T08:49:18.676818+00:00,ENG01,cruise,5399,68.6,681.5,4.48,62.8,15.24,0.391,14.2,8.0,23.0,85.9,0.237
2026-08-29T08:49:19.676818+00:00,ENG01,cruise,5399,68.5,681.4,4.48,62.7,15.24,0.439,14.2,8.0,23.0,85.9,0.237
2026-08-29T08:49:20.676818+00:00,ENG01,cruise,5399,68.5,681.4,4.48,62.7,15.23,0.384,14.2,8.0,23.0,85.9,0.237
2026-08-29T08:49:21.676818+00:00,ENG01,cruise,5399,68.5,681.4,4.48,62.7,15.23,0.389,14.2,8.0,23.0,85.9,0.237
2026-08-29T08:49:22.676818+00:00,ENG01,cruise,5398,68.5,681.3,4.48,62.7,15.23,0.4,14.2,8.0,23.0,85.9,0.237
2026-08-29T08:49:23.676818+00:00,ENG01,cruise,5398,68.5,681.3,4.48,62.6,15.23,0.383,14.2,8.0,23.0,85.9,0.237
2026-08-29T08:49:24.676818+00:00,ENG01,cruise,5398,68.5,681.3,4.48,62.6,15.23,0.385,14.2,8.0,23.0,85.9,0.237
2026-08-29T08:49:25.676818+00:00,ENG01,cruise,5398,68.5,681.2,4.47,62.6,15.23,0.397,14.2,8.0,23.0,85.8,0.237
2026-08-29T08:49:26.676818+00:00,ENG01,cruise,5397,68.4,681.2,4.47,62.6,15.23,0.411,14.2,8.0,23.0,85.8,0.237
2026-08-29T08:49:27.676818+00:00,ENG01,cruise,5397,68.4,681.1,4.47,62.5,15.22,0.392,14.2,8.0,23.0,85.8,0.237
2026-08-29T08:49:28.676818+00:00,ENG01,cruise,5397,68.4,681.1,4.47,62.5,15.22,0.387,14.2,8.0,23.0,85.8,0.237
2026-08-29T08:49:29.676818+00:00,ENG01,cruise,5396,68.4,681.1,4.47,62.5,15.22,0.402,14.2,8.0,23.0,85.8,0.237
2026-08-29T08:49:30.676818+00:00,ENG01,cruise,5396,68.4,681.0,4.47,62.5,15.22,0.386,14.2,8.0,23.0,85.8,0.237
2026-08-29T08:49:31.676818+00:00,ENG01,cruise,5396,68.4,681.0,4.47,62.4,15.22,0.38,14.2,8.0,23.0,85.8,0.237
2026-08-29T08:49:32.676818+00:00,ENG01,cruise,5396,68.4,680.9,4.47,62.4,15.22,0.391,14.2,8.0,23.0,85.8,0.237
2026-08-29T08:49:33.676818+00:00,ENG01,cruise,5395,68.4,680.9,4.47,62.4,15.22,0.393,14.2,8.0,23.0,85.8,0.237
2026-08-29T08:49:34.676818+00:00,ENG01,cruise,5395,68.3,680.9,4.47,62.4,15.21,0.401,14.2,8.0,23.0,85.8,0.237
2026-08-29T08:49:35.676818+00:00,ENG01,cruise,5395,68.3,680.8,4.47,62.3,15.21,0.383,14.2,8.0,23.0,85.8,0.237
2026-08-29T08:49:36.676818+00:00,ENG01,cruise,5394,68.3,680.8,4.47,62.3,15.21,0.398,14.2,8.0,23.0,85.7,0.237
2026-08-29T08:49:37.676818+00:00,ENG01,cruise,5394,68.3,680.8,4.47,62.3,15.21,0.394,14.2,8.0,23.0,85.7,0.237
2026-08-29T08:49:38.676818+00:00,ENG01,cruise,5394,68.3,680.7,4.47,62.3,15.21,0.392,14.2,8.0,23.0,85.7,0.237
2026-08-29T08:49:39.676818+00:00,ENG01,cruise,5394,68.3,680.7,4.47,62.2,15.21,0.404,14.2,8.0,23.0,85.7,0.237
2026-08-29T08:49:40.676818+00:00,ENG01,cruise,5393,68.3,680.6,4.47,62.2,15.21,0.411,14.2,8.0,23.0,85.7,0.237
2026-08-29T08:49:41.676818+00:00,ENG01,cruise,5393,68.2,680.6,4.47,62.2,15.2,0.431,14.2,8.0,23.0,85.7,0.237
2026-08-29T08:49:42.676818+00:00,ENG01,cruise,5393,68.2,680.6,4.47,62.2,15.2,0.38,14.2,8.0,23.0,85.7,0.237
2026-08-29T08:49:43.676818+00:00,ENG01,cruise,5392,68.2,680.5,4.47,62.2,15.2,0.396,14.2,8.0,23.0,85.7,0.237
2026-08-29T08:49:44.676818+00:00,ENG01,cruise,5392,68.2,680.5,4.47,62.1,15.2,0.398,14.2,8.0,23.0,85.7,0.237
2026-08-29T08:49:45.676818+00:00,ENG01,cruise,5392,68.2,680.4,4.47,62.1,15.2,0.411,14.2,8.0,23.0,85.7,0.236
2026-08-29T08:49:46.676818+00:00,ENG01,cruise,5392,68.2,680.4,4.47,62.1,15.2,0.41,14.2,8.0,23.0,85.6,0.236
2026-08-29T08:49:47.676818+00:00,ENG01,cruise,5391,68.2,680.4,4.47,62.1,15.2,0.385,14.2,8.0,23.0,85.6,0.236
2026-08-29T08:49:48.676818+00:00,ENG01,cruise,5391,68.2,680.3,4.47,62.0,15.19,0.39,14.2,8.0,23.0,85.6,0.236
2026-08-29T08:49:49.676818+00:00,ENG01,cruise,5391,68.1,680.3,4.47,62.0,15.19,0.414,14.2,8.0,23.0,85.6,0.236
2026-08-29T08:49:50.676818+00:00,ENG01,cruise,5391,68.1,680.2,4.47,62.0,15.19,0.399,14.2,8.0,23.0,85.6,0.236
2026-08-29T08:49:51.676818+00:00,ENG01,cruise,5390,68.1,680.2,4.47,62.0,15.19,0.401,14.2,8.0,23.0,85.6,0.236
2026-08-29T08:49:52.676818+00:00,ENG01,cruise,5390,68.1,680.2,4.47,61.9,15.19,0.405,14.2,8.0,23.0,85.6,0.236
2026-08-29T08:49:53.676818+00:00,ENG01,cruise,5390,68.1,680.1,4.46,61.9,15.19,0.382,14.2,8.0,23.0,85.6,0.236
2026-08-29T08:49:54.676818+00:00,ENG01,cruise,5389,68.1,680.1,4.46,61.9,15.18,0.388,14.2,8.0,23.0,85.6,0.236
2026-08-29T08:49:55.676818+00:00,ENG01,cruise,5389,68.1,680.1,4.46,61.9,15.18,0.409,14.2,8.0,23.0,85.6,0.236
2026-08-29T08:49:56.676818+00:00,ENG01,cruise,5389,68.1,680.0,4.46,61.9,15.18,0.38,14.2,8.0,23.0,85.5,0.236
2026-08-29T08:49:57.676818+00:00,ENG01,cruise,5389,68.0,680.0,4.46,61.8,15.18,0.383,14.2,8.0,23.0,85.5,0.236
2026-08-29T08:49:58.676818+00:00,ENG01,cruise,5388,68.0,679.9,4.46,61.8,15.18,0.43,14.2,8.0,23.0,85.5,0.236
2026-08-29T08:49:59.676818+00:00,ENG01,cruise,5388,68.0,679.9,4.46,61.8,15.18,0.387,14.2,8.0,23.0,85.5,0.236
2026-08-29T08:50:00.676818+00:00,ENG01,cruise,5388,68.0,679.9,4.46,61.8,15.18,0.386,14.2,8.0,23.0,85.5,0.236
2026-08-29T08:50:01.676818+00:00,ENG01,cruise,5388,68.0,679.8,4.46,61.7,15.17,0.412,14.2,8.0,23.0,85.5,0.236
2026-08-29T08:50:02.676818+00:00,ENG01,cruise,5387,68.0,679.8,4.46,61.7,15.17,0.407,14.2,8.0,23.0,85.5,0.236
2026-08-29T08:50:03.676818+00:00,ENG01,cruise,5387,68.0,679.7,4.46,61.7,15.17,0.393,14.2,8.0,23.0,85.5,0.236
2026-08-29T08:50:04.676818+00:00,ENG01,cruise,5387,68.0,679.7,4.46,61.7,15.17,0.389,14.2,8.0,23.0,85.5,0.236
2026-08-29T08:50:05.676818+00:00,ENG01,cruise,5386,67.9,679.7,4.46,61.6,15.17,0.384,14.2,8.0,23.0,85.5,0.236
2026-08-29T08:50:06.676818+00:00,ENG01,cruise,5386,67.9,679.6,4.46,61.6,15.17,0.397,14.2,8.0,23.0,85.4,0.236
2026-08-29T08:50:07.676818+00:00,ENG01,cruise,5386,67.9,679.6,4.46,61.6,15.17,0.398,14.2,8.0,23.0,85.4,0.236
2026-08-29T08:50:08.676818+00:00,ENG01,cruise,5386,67.9,679.6,4.46,61.6,15.16,0.384,14.2,8.0,23.0,85.4,0.236
2026-08-29T08:50:09.676818+00:00,ENG01,cruise,5385,67.9,679.5,4.46,61.6,15.16,0.388,14.2,8.0,23.0,85.4,0.236
2026-08-29T08:50:10.676818+00:00,ENG01,cruise,5385,67.9,679.5,4.46,61.5,15.16,0.38,14.2,8.0,23.0,85.4,0.236
2026-08-29T08:50:11.676818+00:00,ENG01,cruise,5385,67.9,679.4,4.46,61.5,15.16,0.383,14.2,8.0,23.0,85.4,0.236
2026-08-29T08:50:12.676818+00:00,ENG01,cruise,5384,67.9,679.4,4.46,61.5,15.16,0.387,14.2,8.0,23.0,85.4,0.236
2026-08-29T08:50:13.676818+00:00,ENG01,cruise,5384,67.9,679.4,4.46,61.5,15.16,0.381,14.2,8.0,23.0,85.4,0.236
2026-08-29T08:50:14.676818+00:00,ENG01,cruise,5384,67.8,679.3,4.46,61.5,15.16,0.395,14.2,8.0,23.0,85.4,0.235
2026-08-29T08:50:15.676818+00:00,ENG01,cruise,5384,67.8,679.3,4.46,61.4,15.15,0.38,14.2,8.0,23.0,85.4,0.235
2026-08-29T08:50:16.676818+00:00,ENG01,cruise,5383,67.8,679.2,4.46,61.4,15.15,0.396,14.2,8.0,23.0,85.4,0.235
2026-08-29T08:50:17.676818+00:00,ENG01,cruise,5383,67.8,679.2,4.46,61.4,15.15,0.403,14.2,8.0,23.0,85.3,0.235
2026-08-29T08:50:18.676818+00:00,ENG01,cruise,5383,67.8,679.2,4.46,61.4,15.15,0.407,14.2,8.0,23.0,85.3,0.235
2026-08-29T08:50:19.676818+00:00,ENG01,cruise,5382,67.8,679.1,4.46,61.3,15.15,0.396,14.2,8.0,23.0,85.3,0.235
2026-08-29T08:50:20.676818+00:00,ENG01,cruise,5382,67.8,679.1,4.46,61.3,15.15,0.413,14.2,8.0,23.0,85.3,0.235
2026-08-29T08:50:21.676818+00:00,ENG01,cruise,5382,67.8,679.0,4.45,61.3,15.15,0.397,14.2,8.0,23.0,85.3,0.235
2026-08-29T08:50:22.676818+00:00,ENG01,cruise,5382,67.7,679.0,4.45,61.3,15.14,0.378,14.2,8.0,23.0,85.3,0.235
2026-08-29T08:50:23.676818+00:00,ENG01,cruise,5381,67.7,679.0,4.45,61.3,15.14,0.385,14.2,8.0,23.0,85.3,0.235
2026-08-29T08:50:24.676818+00:00,ENG01,cruise,5381,67.7,678.9,4.45,61.2,15.14,0.386,14.2,8.0,23.0,85.3,0.235
2026-08-29T08:50:25.676818+00:00,ENG01,cruise,5381,67.7,678.9,4.45,61.2,15.14,0.388,14.2,8.0,23.0,85.3,0.235
2026-08-29T08:50:26.676818+00:00,ENG01,cruise,5381,67.7,678.9,4.45,61.2,15.14,0.391,14.2,8.0,23.0,85.3,0.235
2026-08-29T08:50:27.676818+00:00,ENG01,cruise,5380,67.7,678.8,4.45,61.2,15.14,0.404,14.2,8.0,23.0,85.2,0.235
2026-08-29T08:50:28.676818+00:00,ENG01,cruise,5380,67.7,678.8,4.45,61.2,15.14,0.395,14.2,8.0,23.0,85.2,0.235
2026-08-29T08:50:29.676818+00:00,ENG01,cruise,5380,67.7,678.7,4.45,61.1,15.13,0.38,14.2,8.0,23.0,85.2,0.235
2026-08-29T08:50:30.676818+00:00,ENG01,cruise,5379,67.7,678.7,4.45,61.1,15.13,0.398,14.2,8.0,23.0,85.2,0.235
2026-08-29T08:50:31.676818+00:00,ENG01,cruise,5379,67.6,678.7,4.45,61.1,15.13,0.416,14.2,8.0,23.0,85.2,0.235
2026-08-29T08:50:32.676818+00:00,ENG01,cruise,5379,67.6,678.6,4.45,61.1,15.13,0.388,14.2,8.0,23.0,85.2,0.235
2026-08-29T08:50:33.676818+00:00,ENG01,cruise,5379,67.6,678.6,4.45,61.0,15.13,0.393,14.2,8.0,23.0,85.2,0.235
2026-08-29T08:50:34.676818+00:00,ENG01,cruise,5378,67.6,678.5,4.45,61.0,15.13,0.382,14.2,8.0,23.0,85.2,0.235
2026-08-29T08:50:35.676818+00:00,ENG01,cruise,5378,67.6,678.5,4.45,61.0,15.13,0.409,14.2,8.0,23.0,85.2,0.235
2026-08-29T08:50:36.676818+00:00,ENG01,cruise,5378,67.6,678.5,4.45,61.0,15.12,0.396,14.2,8.0,23.0,85.2,0.235
2026-08-29T08:50:37.676818+00:00,ENG01,cruise,5378,67.6,678.4,4.45,61.0,15.12,0.401,14.2,8.0,23.0,85.1,0.235
2026-08-29T08:50:38.676818+00:00,ENG01,cruise,5377,67.6,678.4,4.45,60.9,15.12,0.387,14.2,8.0,23.0,85.1,0.235
2026-08-29T08:50:39.676818+00:00,ENG01,cruise,5377,67.6,678.3,4.45,60.9,15.12,0.385,14.2,8.0,23.0,85.1,0.235
2026-08-29T08:50:40.676818+00:00,ENG01,cruise,5377,67.5,678.3,4.45,60.9,15.12,0.378,14.2,8.0,23.0,85.1,0.235
2026-08-29T08:50:41.676818+00:00,ENG01,cruise,5376,67.5,678.3,4.45,60.9,15.12,0.403,14.2,8.0,23.0,85.1,0.235
2026-08-29T08:50:42.676818+00:00,ENG01,cruise,5376,67.5,678.2,4.45,60.9,15.11,0.385,14.2,8.0,23.0,85.1,0.235
2026-08-29T08:50:43.676818+00:00,ENG01,cruise,5376,67.5,678.2,4.45,60.8,15.11,0.43,14.2,8.0,23.0,85.1,0.234
2026-08-29T08:50:44.676818+00:00,ENG01,cruise,5376,67.5,678.1,4.45,60.8,15.11,0.382,14.2,8.0,23.0,85.1,0.234
2026-08-29T08:50:45.676818+00:00,ENG01,cruise,5375,67.5,678.1,4.45,60.8,15.11,0.393,14.2,8.0,23.0,85.1,0.234
2026-08-29T08:50:46.676818+00:00,ENG01,cruise,5375,67.5,678.1,4.45,60.8,15.11,0.385,14.2,8.0,23.0,85.1,0.234
2026-08-29T08:50:47.676818+00:00,ENG01,cruise,5375,67.5,678.0,4.45,60.8,15.11,0.407,14.2,8.0,23.0,85.0,0.234
2026-08-29T08:50:48.676818+00:00,ENG01,cruise,5374,67.5,678.0,4.44,60.7,15.11,0.384,14.2,8.0,23.0,85.0,0.234
2026-08-29T08:50:49.676818+00:00,ENG01,cruise,5374,67.5,678.0,4.44,60.7,15.1,0.394,14.2,8.0,23.0,85.0,0.234
2026-08-29T08:50:50.676818+00:00,ENG01,cruise,5374,67.4,677.9,4.44,60.7,15.1,0.409,14.2,8.0,23.0,85.0,0.234
2026-08-29T08:50:51.676818+00:00,ENG01,cruise,5374,67.4,677.9,4.44,60.7,15.1,0.391,14.2,8.0,23.0,85.0,0.234
2026-08-29T08:50:52.676818+00:00,ENG01,cruise,5373,67.4,677.8,4.44,60.7,15.1,0.378,14.2,8.0,23.0,85.0,0.234
2026-08-29T08:50:53.676818+00:00,ENG01,cruise,5373,67.4,677.8,4.44,60.6,15.1,0.387,14.2,8.0,23.0,85.0,0.234
2026-08-29T08:50:54.676818+00:00,ENG01,cruise,5373,67.4,677.8,4.44,60.6,15.1,0.385,14.2,8.0,23.0,85.0,0.234
2026-08-29T08:50:55.676818+00:00,ENG01,cruise,5372,67.4,677.7,4.44,60.6,15.1,0.394,14.2,8.0,23.0,85.0,0.234
2026-08-29T08:50:56.676818+00:00,ENG01,cruise,5372,67.4,677.7,4.44,60.6,15.09,0.413,14.2,8.0,23.0,85.0,0.234
2026-08-29T08:50:57.676818+00:00,ENG01,cruise,5372,67.4,677.6,4.44,60.6,15.09,0.381,14.2,8.0,23.0,85.0,0.234
2026-08-29T08:50:58.676818+00:00,ENG01,cruise,5372,67.4,677.6,4.44,60.6,15.09,0.411,14.2,8.0,23.0,84.9,0.234
2026-08-29T08:50:59.676818+00:00,ENG01,cruise,5371,67.3,677.6,4.44,60.5,15.09,0.387,14.2,8.0,23.0,84.9,0.234
2026-08-29T08:51:00.676818+00:00,ENG01,cruise,5371,67.3,677.5,4.44,60.5,15.09,0.381,14.2,8.0,23.0,84.9,0.234
2026-08-29T08:51:01.676818+00:00,ENG01,cruise,5371,67.3,677.5,4.44,60.5,15.09,0.392,14.2,8.0,23.0,84.9,0.234
2026-08-29T08:51:02.676818+00:00,ENG01,cruise,5371,67.3,677.4,4.44,60.5,15.09,0.38,14.2,8.0,23.0,84.9,0.234
2026-08-29T08:51:03.676818+00:00,ENG01,cruise,5370,67.3,677.4,4.44,60.5,15.08,0.394,14.2,8.0,23.0,84.9,0.234
2026-08-29T08:51:04.676818+00:00,ENG01,cruise,5370,67.3,677.4,4.44,60.4,15.08,0.391,14.2,8.0,23.0,84.9,0.234
2026-08-29T08:51:05.676818+00:00,ENG01,cruise,5370,67.3,677.3,4.44,60.4,15.08,0.382,14.2,8.0,23.0,84.9,0.234
2026-08-29T08:51:06.676818+00:00,ENG01,cruise,5369,67.3,677.3,4.44,60.4,15.08,0.389,14.2,8.0,23.0,84.9,0.234
2026-08-29T08:51:07.676818+00:00,ENG01,cruise,5369,67.3,677.3,4.44,60.4,15.08,0.378,14.2,8.0,23.0,84.9,0.234
2026-08-29T08:51:08.676818+00:00,ENG01,cruise,5369,67.3,677.2,4.44,60.4,15.08,0.421,14.2,8.0,23.0,84.8,0.234
2026-08-29T08:51:09.676818+00:00,ENG01,cruise,5369,67.2,677.2,4.44,60.3,15.08,0.387,14.2,8.0,23.0,84.8,0.234
2026-08-29T08:51:10.676818+00:00,ENG01,cruise,5368,67.2,677.1,4.44,60.3,15.07,0.38,14.2,8.0,23.0,84.8,0.234
2026-08-29T08:51:11.676818+00:00,ENG01,cruise,5368,67.2,677.1,4.44,60.3,15.07,0.386,14.2,8.0,23.0,84.8,0.234
2026-08-29T08:51:12.676818+00:00,ENG01,cruise,5368,67.2,677.1,4.44,60.3,15.07,0.396,14.2,8.0,23.0,84.8,0.233
2026-08-29T08:51:13.676818+00:00,ENG01,cruise,5368,67.2,677.0,4.44,60.3,15.07,0.394,14.2,8.0,23.0,84.8,0.233
2026-08-29T08:51:14.676818+00:00,ENG01,cruise,5367,67.2,677.0,4.44,60.3,15.07,0.377,14.2,8.0,23.0,84.8,0.233
2026-08-29T08:51:15.676818+00:00,ENG01,cruise,5367,67.2,676.9,4.44,60.2,15.07,0.406,14.2,8.0,23.0,84.8,0.233
2026-08-29T08:51:16.676818+00:00,ENG01,cruise,5367,67.2,676.9,4.43,60.2,15.06,0.404,14.2,8.0,23.0,84.8,0.233
2026-08-29T08:51:17.676818+00:00,ENG01,cruise,5366,67.2,676.9,4.43,60.2,15.06,0.381,14.2,8.0,23.0,84.8,0.233
2026-08-29T08:51:18.676818+00:00,ENG01,cruise,5366,67.2,676.8,4.43,60.2,15.06,0.395,14.2,8.0,23.0,84.7,0.233
2026-08-29T08:51:19.676818+00:00,ENG01,cruise,5366,67.1,676.8,4.43,60.2,15.06,0.382,14.2,8.0,23.0,84.7,0.233
2026-08-29T08:51:20.676818+00:00,ENG01,cruise,5366,67.1,676.7,4.43,60.1,15.06,0.378,14.2,8.0,23.0,84.7,0.233
2026-08-29T08:51:21.676818+00:00,ENG01,cruise,5365,67.1,676.7,4.43,60.1,15.06,0.385,14.2,8.0,23.0,84.7,0.233
2026-08-29T08:51:22.676818+00:00,ENG01,cruise,5365,67.1,676.7,4.43,60.1,15.06,0.376,14.2,8.0,23.0,84.7,0.233
2026-08-29T08:51:23.676818+00:00,ENG01,cruise,5365,67.1,676.6,4.43,60.1,15.05,0.378,14.2,8.0,23.0,84.7,0.233
2026-08-29T08:51:24.676818+00:00,ENG01,cruise,5364,67.1,676.6,4.43,60.1,15.05,0.419,14.2,8.0,23.0,84.7,0.233
2026-08-29T08:51:25.676818+00:00,ENG01,cruise,5364,67.1,676.5,4.43,60.1,15.05,0.39,14.2,8.0,23.0,84.7,0.233
2026-08-29T08:51:26.676818+00:00,ENG01,cruise,5364,67.1,676.5,4.43,60.0,15.05,0.414,14.2,8.0,23.0,84.7,0.233
2026-08-29T08:51:27.676818+00:00,ENG01,cruise,5364,67.1,676.5,4.43,60.0,15.05,0.401,14.2,8.0,23.0,84.7,0.233
2026-08-29T08:51:28.676818+00:00,ENG01,cruise,5363,67.1,676.4,4.43,60.0,15.05,0.392,14.2,8.0,23.0,84.6,0.233
2026-08-29T08:51:29.676818+00:00,ENG01,cruise,5363,67.0,676.4,4.43,60.0,15.05,0.391,14.2,8.0,23.0,84.6,0.233
2026-08-29T08:51:30.676818+00:00,ENG01,cruise,5363,67.0,676.3,4.43,60.0,15.04,0.391,14.2,8.0,23.0,84.6,0.233
2026-08-29T08:51:31.676818+00:00,ENG01,cruise,5362,67.0,676.3,4.43,59.9,15.04,0.424,14.2,8.0,23.0,84.6,0.233
2026-08-29T08:51:32.676818+00:00,ENG01,cruise,5362,67.0,676.3,4.43,59.9,15.04,0.388,14.2,8.0,23.0,84.6,0.233
2026-08-29T08:51:33.676818+00:00,ENG01,cruise,5362,67.0,676.2,4.43,59.9,15.04,0.401,14.2,8.0,23.0,84.6,0.233
2026-08-29T08:51:34.676818+00:00,ENG01,cruise,5362,67.0,676.2,4.43,59.9,15.04,0.382,14.2,8.0,23.0,84.6,0.233
2026-08-29T08:51:35.676818+00:00,ENG01,cruise,5361,67.0,676.2,4.43,59.9,15.04,0.38,14.2,8.0,23.0,84.6,0.233
2026-08-29T08:51:36.676818+00:00,ENG01,cruise,5361,67.0,676.1,4.43,59.9,15.04,0.397,14.2,8.0,23.0,84.6,0.233
2026-08-29T08:51:37.676818+00:00,ENG01,cruise,5361,67.0,676.1,4.43,59.8,15.03,0.386,14.2,8.0,23.0,84.6,0.233
2026-08-29T08:51:38.676818+00:00,ENG01,cruise,5361,67.0,676.0,4.43,59.8,15.03,0.383,14.2,8.0,23.0,84.6,0.233
2026-08-29T08:51:39.676818+00:00,ENG01,cruise,5360,66.9,676.0,4.43,59.8,15.03,0.421,14.2,8.0,23.0,84.5,0.233
2026-08-29T08:51:40.676818+00:00,ENG01,cruise,5360,66.9,676.0,4.43,59.8,15.03,0.386,14.2,8.0,23.0,84.5,0.232
2026-08-29T08:51:41.676818+00:00,ENG01,cruise,5360,66.9,675.9,4.43,59.8,15.03,0.381,14.2,8.0,23.0,84.5,0.232
2026-08-29T08:51:42.676818+00:00,ENG01,cruise,5359,66.9,675.9,4.43,59.8,15.03,0.384,14.2,8.0,23.0,84.5,0.232
2026-08-29T08:51:43.676818+00:00,ENG01,cruise,5359,66.9,675.8,4.43,59.7,15.03,0.383,14.2,8.0,23.0,84.5,0.232
2026-08-29T08:51:44.676818+00:00,ENG01,cruise,5359,66.9,675.8,4.42,59.7,15.02,0.435,14.2,8.0,23.0,84.5,0.232
2026-08-29T08:51:45.676818+00:00,ENG01,cruise,5359,66.9,675.8,4.42,59.7,15.02,0.408,14.2,8.0,23.0,84.5,0.232
2026-08-29T08:51:46.676818+00:00,ENG01,cruise,5358,66.9,675.7,4.42,59.7,15.02,0.393,14.2,8.0,23.0,84.5,0.232
2026-08-29T08:51:47.676818+00:00,ENG01,cruise,5358,66.9,675.7,4.42,59.7,15.02,0.389,14.2,8.0,23.0,84.5,0.232
2026-08-29T08:51:48.676818+00:00,ENG01,cruise,5358,66.9,675.6,4.42,59.7,15.02,0.422,14.2,8.0,23.0,84.5,0.232
2026-08-29T08:51:49.676818+00:00,ENG01,cruise,5358,66.9,675.6,4.42,59.6,15.02,0.394,14.2,8.0,23.0,84.4,0.232
2026-08-29T08:51:50.676818+00:00,ENG01,cruise,5357,66.8,675.6,4.42,59.6,15.01,0.411,14.2,8.0,23.0,84.4,0.232
2026-08-29T08:51:51.676818+00:00,ENG01,cruise,5357,66.8,675.5,4.42,59.6,15.01,0.393,14.2,8.0,23.0,84.4,0.232
2026-08-29T08:51:52.676818+00:00,ENG01,cruise,5357,66.8,675.5,4.42,59.6,15.01,0.4,14.2,8.0,23.0,84.4,0.232
2026-08-29T08:51:53.676818+00:00,ENG01,cruise,5356,66.8,675.4,4.42,59.6,15.01,0.376,14.2,8.0,23.0,84.4,0.232
2026-08-29T08:51:54.676818+00:00,ENG01,cruise,5356,66.8,675.4,4.42,59.6,15.01,0.419,14.2,8.0,22.9,84.4,0.232
2026-08-29T08:51:55.676818+00:00,ENG01,cruise,5356,66.8,675.4,4.42,59.5,15.01,0.41,14.2,8.0,22.9,84.4,0.232
2026-08-29T08:51:56.676818+00:00,ENG01,cruise,5356,66.8,675.3,4.42,59.5,15.01,0.387,14.2,8.0,22.9,84.4,0.232
2026-08-29T08:51:57.676818+00:00,ENG01,cruise,5355,66.8,675.3,4.42,59.5,15.0,0.433,14.2,8.0,22.9,84.4,0.232
2026-08-29T08:51:58.676818+00:00,ENG01,cruise,5355,66.8,675.2,4.42,59.5,15.0,0.397,14.2,8.0,22.9,84.4,0.232
2026-08-29T08:51:59.676818+00:00,ENG01,cruise,5355,66.8,675.2,4.42,59.5,15.0,0.381,14.2,8.0,22.9,84.3,0.232
2026-08-29T08:52:00.676818+00:00,ENG01,cruise,5354,66.7,675.2,4.42,59.5,15.0,0.41,14.2,8.0,22.9,84.3,0.232
2026-08-29T08:52:01.676818+00:00,ENG01,cruise,5354,66.7,675.1,4.42,59.4,15.0,0.389,14.2,8.0,22.9,84.3,0.232
2026-08-29T08:52:02.676818+00:00,ENG01,cruise,5354,66.7,675.1,4.42,59.4,15.0,0.387,14.2,8.0,22.9,84.3,0.232
2026-08-29T08:52:03.676818+00:00,ENG01,cruise,5354,66.7,675.1,4.42,59.4,15.0,0.377,14.2,8.0,22.9,84.3,0.232
2026-08-29T08:52:04.676818+00:00,ENG01,cruise,5353,66.7,675.0,4.42,59.4,14.99,0.383,14.2,8.0,22.9,84.3,0.232
2026-08-29T08:52:05.676818+00:00,ENG01,cruise,5353,66.7,675.0,4.42,59.4,14.99,0.382,14.2,8.0,22.9,84.3,0.232
2026-08-29T08:52:06.676818+00:00,ENG01,cruise,5353,66.7,674.9,4.42,59.4,14.99,0.389,14.2,8.0,22.9,84.3,0.232
2026-08-29T08:52:07.676818+00:00,ENG01,cruise,5352,66.7,674.9,4.42,59.3,14.99,0.378,14.2,8.0,22.9,84.3,0.232
2026-08-29T08:52:08.676818+00:00,ENG01,cruise,5352,66.7,674.9,4.42,59.3,14.99,0.387,14.2,8.0,22.9,84.3,0.232
2026-08-29T08:52:09.676818+00:00,ENG01,cruise,5352,66.7,674.8,4.42,59.3,14.99,0.404,14.2,8.0,22.9,84.3,0.231
2026-08-29T08:52:10.676818+00:00,ENG01,cruise,5352,66.7,674.8,4.42,59.3,14.99,0.38,14.2,8.0,22.9,84.2,0.231
2026-08-29T08:52:11.676818+00:00,ENG01,cruise,5351,66.6,674.7,4.41,59.3,14.98,0.399,14.2,8.0,22.9,84.2,0.231
2026-08-29T08:52:12.676818+00:00,ENG01,cruise,5351,66.6,674.7,4.41,59.3,14.98,0.374,14.2,8.0,22.9,84.2,0.231
2026-08-29T08:52:13.676818+00:00,ENG01,cruise,5351,66.6,674.7,4.41,59.2,14.98,0.386,14.2,8.0,22.9,84.2,0.231
2026-08-29T08:52:14.676818+00:00,ENG01,cruise,5351,66.6,674.6,4.41,59.2,14.98,0.4,14.2,8.0,22.9,84.2,0.231
2026-08-29T08:52:15.676818+00:00,ENG01,cruise,5350,66.6,674.6,4.41,59.2,14.98,0.407,14.2,8.0,22.9,84.2,0.231
2026-08-29T08:52:16.676818+00:00,ENG01,cruise,5350,66.6,674.5,4.41,59.2,14.98,0.385,14.2,8.0,22.9,84.2,0.231
2026-08-29T08:52:17.676818+00:00,ENG01,cruise,5350,66.6,674.5,4.41,59.2,14.97,0.395,14.2,8.0,22.9,84.2,0.231
2026-08-29T08:52:18.676818+00:00,ENG01,cruise,5349,66.6,674.5,4.41,59.2,14.97,0.399,14.2,8.0,22.9,84.2,0.231
2026-08-29T08:52:19.676818+00:00,ENG01,cruise,5349,66.6,674.4,4.41,59.2,14.97,0.389,14.2,8.0,22.9,84.2,0.231
2026-08-29T08:52:20.676818+00:00,ENG01,cruise,5349,66.6,674.4,4.41,59.1,14.97,0.378,14.2,8.0,22.9,84.1,0.231
2026-08-29T08:52:21.676818+00:00,ENG01,cruise,5349,66.6,674.3,4.41,59.1,14.97,0.384,14.2,8.0,22.9,84.1,0.231
2026-08-29T08:52:22.676818+00:00,ENG01,cruise,5348,66.6,674.3,4.41,59.1,14.97,0.38,14.2,8.0,22.9,84.1,0.231
2026-08-29T08:52:23.676818+00:00,ENG01,cruise,5348,66.5,674.3,4.41,59.1,14.97,0.387,14.2,8.0,22.9,84.1,0.231
2026-08-29T08:52:24.676818+00:00,ENG01,cruise,5348,66.5,674.2,4.41,59.1,14.96,0.374,14.2,8.0,22.9,84.1,0.231
2026-08-29T08:52:25.676818+00:00,ENG01,cruise,5348,66.5,674.2,4.41,59.1,14.96,0.388,14.2,8.0,22.9,84.1,0.231
2026-08-29T08:52:26.676818+00:00,ENG01,cruise,5347,66.5,674.1,4.41,59.0,14.96,0.374,14.2,8.0,22.9,84.1,0.231
2026-08-29T08:52:27.676818+00:00,ENG01,cruise,5347,66.5,674.1,4.41,59.0,14.96,0.423,14.2,8.0,22.9,84.1,0.231
2026-08-29T08:52:28.676818+00:00,ENG01,cruise,5347,66.5,674.1,4.41,59.0,14.96,0.383,14.2,8.0,22.9,84.1,0.231
2026-08-29T08:52:29.676818+00:00,ENG01,cruise,5346,66.5,674.0,4.41,59.0,14.96,0.404,14.2,8.0,22.9,84.1,0.231
2026-08-29T08:52:30.676818+00:00,ENG01,cruise,5346,66.5,674.0,4.41,59.0,14.96,0.402,14.2,8.0,22.9,84.0,0.231
2026-08-29T08:52:31.676818+00:00,ENG01,cruise,5346,66.5,673.9,4.41,59.0,14.95,0.375,14.2,8.0,22.9,84.0,0.231
2026-08-29T08:52:32.676818+00:00,ENG01,cruise,5346,66.5,673.9,4.41,59.0,14.95,0.376,14.2,8.0,22.9,84.0,0.231
2026-08-29T08:52:33.676818+00:00,ENG01,cruise,5345,66.5,673.9,4.41,58.9,14.95,0.38,14.2,8.0,22.9,84.0,0.231
2026-08-29T08:52:34.676818+00:00,ENG01,cruise,5345,66.4,673.8,4.41,58.9,14.95,0.386,14.2,8.0,22.9,84.0,0.231
2026-08-29T08:52:35.676818+00:00,ENG01,cruise,5345,66.4,673.8,4.41,58.9,14.95,0.385,14.2,8.0,22.9,84.0,0.231
2026-08-29T08:52:36.676818+00:00,ENG01,cruise,5344,66.4,673.7,4.41,58.9,14.95,0.393,14.2,8.0,22.9,84.0,0.231
2026-08-29T08:52:37.676818+00:00,ENG01,cruise,5344,66.4,673.7,4.41,58.9,14.95,0.386,14.2,8.0,22.9,84.0,0.231
2026-08-29T08:52:38.676818+00:00,ENG01,cruise,5344,66.4,673.7,4.41,58.9,14.94,0.398,14.2,8.0,22.9,84.0,0.23
2026-08-29T08:52:39.676818+00:00,ENG01,cruise,5344,66.4,673.6,4.4,58.8,14.94,0.392,14.2,8.0,22.9,84.0,0.23
2026-08-29T08:52:40.676818+00:00,ENG01,cruise,5343,66.4,673.6,4.4,58.8,14.94,0.377,14.2,8.0,22.9,83.9,0.23
2026-08-29T08:52:41.676818+00:00,ENG01,cruise,5343,66.4,673.6,4.4,58.8,14.94,0.382,14.2,8.0,22.9,83.9,0.23
2026-08-29T08:52:42.676818+00:00,ENG01,cruise,5343,66.4,673.5,4.4,58.8,14.94,0.387,14.2,8.0,22.9,83.9,0.23
2026-08-29T08:52:43.676818+00:00,ENG01,cruise,5342,66.4,673.5,4.4,58.8,14.94,0.381,14.2,8.0,22.9,83.9,0.23
2026-08-29T08:52:44.676818+00:00,ENG01,cruise,5342,66.4,673.4,4.4,58.8,14.93,0.383,14.2,8.0,22.9,83.9,0.23
2026-08-29T08:52:45.676818+00:00,ENG01,cruise,5342,66.3,673.4,4.4,58.8,14.93,0.382,14.2,8.0,22.9,83.9,0.23
2026-08-29T08:52:46.676818+00:00,ENG01,cruise,5342,66.3,673.4,4.4,58.7,14.93,0.38,14.2,8.0,22.9,83.9,0.23
2026-08-29T08:52:47.676818+00:00,ENG01,cruise,5341,66.3,673.3,4.4,58.7,14.93,0.381,14.2,8.0,22.9,83.9,0.23
2026-08-29T08:52:48.676818+00:00,ENG01,cruise,5341,66.3,673.3,4.4,58.7,14.93,0.373,14.2,8.0,22.9,83.9,0.23
2026-08-29T08:52:49.676818+00:00,ENG01,cruise,5341,66.3,673.2,4.4,58.7,14.93,0.4,14.2,8.0,22.9,83.9,0.23
2026-08-29T08:52:50.676818+00:00,ENG01,cruise,5341,66.3,673.2,4.4,58.7,14.93,0.394,14.2,8.0,22.9,83.9,0.23
2026-08-29T08:52:51.676818+00:00,ENG01,cruise,5340,66.3,673.2,4.4,58.7,14.92,0.385,14.2,8.0,22.9,83.8,0.23
2026-08-29T08:52:52.676818+00:00,ENG01,cruise,5340,66.3,673.1,4.4,58.7,14.92,0.397,14.2,8.0,22.9,83.8,0.23
2026-08-29T08:52:53.676818+00:00,ENG01,cruise,5340,66.3,673.1,4.4,58.6,14.92,0.377,14.2,8.0,22.9,83.8,0.23
2026-08-29T08:52:54.676818+00:00,ENG01,cruise,5339,66.3,673.0,4.4,58.6,14.92,0.379,14.2,8.0,22.9,83.8,0.23
2026-08-29T08:52:55.676818+00:00,ENG01,cruise,5339,66.3,673.0,4.4,58.6,14.92,0.384,14.2,8.0,22.9,83.8,0.23
2026-08-29T08:52:56.676818+00:00,ENG01,cruise,5339,66.3,673.0,4.4,58.6,14.92,0.373,14.2,8.0,22.9,83.8,0.23
2026-08-29T08:52:57.676818+00:00,ENG01,cruise,5339,66.2,672.9,4.4,58.6,14.92,0.406,14.2,8.0,22.9,83.8,0.23
2026-08-29T08:52:58.676818+00:00,ENG01,cruise,5338,66.2,672.9,4.4,58.6,14.91,0.378,14.2,8.0,22.9,83.8,0.23
2026-08-29T08:52:59.676818+00:00,ENG01,cruise,5338,66.2,672.8,4.4,58.6,14.91,0.378,14.2,8.0,22.9,83.8,0.23
2026-08-29T08:53:00.676818+00:00,ENG01,cruise,5338,66.2,672.8,4.4,58.5,14.91,0.402,14.2,8.0,22.9,83.8,0.23
2026-08-29T08:53:01.676818+00:00,ENG01,cruise,5338,66.2,672.8,4.4,58.5,14.91,0.382,14.2,8.0,22.9,83.7,0.23
2026-08-29T08:53:02.676818+00:00,ENG01,cruise,5337,66.2,672.7,4.4,58.5,14.91,0.395,14.2,8.0,22.9,83.7,0.23
2026-08-29T08:53:03.676818+00:00,ENG01,cruise,5337,66.2,672.7,4.4,58.5,14.91,0.384,14.2,8.0,22.9,83.7,0.23
2026-08-29T08:53:04.676818+00:00,ENG01,cruise,5337,66.2,672.6,4.4,58.5,14.91,0.395,14.2,8.0,22.9,83.7,0.23
2026-08-29T08:53:05.676818+00:00,ENG01,cruise,5336,66.2,672.6,4.4,58.5,14.9,0.381,14.2,8.0,22.9,83.7,0.23
2026-08-29T08:53:06.676818+00:00,ENG01,cruise,5336,66.2,672.6,4.39,58.5,14.9,0.398,14.2,8.0,22.9,83.7,0.23
2026-08-29T08:53:07.676818+00:00,ENG01,cruise,5336,66.2,672.5,4.39,58.4,14.9,0.373,14.2,8.0,22.9,83.7,0.229
2026-08-29T08:53:08.676818+00:00,ENG01,cruise,5336,66.2,672.5,4.39,58.4,14.9,0.382,14.2,8.0,22.9,83.7,0.229
2026-08-29T08:53:09.676818+00:00,ENG01,cruise,5335,66.1,672.4,4.39,58.4,14.9,0.386,14.2,8.0,22.9,83.7,0.229
2026-08-29T08:53:10.676818+00:00,ENG01,cruise,5335,66.1,672.4,4.39,58.4,14.9,0.382,14.2,8.0,22.9,83.7,0.229
2026-08-29T08:53:11.676818+00:00,ENG01,cruise,5335,66.1,672.4,4.39,58.4,14.89,0.373,14.2,8.0,22.9,83.6,0.229
2026-08-29T08:53:12.676818+00:00,ENG01,cruise,5334,66.1,672.3,4.39,58.4,14.89,0.379,14.2,8.0,22.9,83.6,0.229
2026-08-29T08:53:13.676818+00:00,ENG01,cruise,5334,66.1,672.3,4.39,58.4,14.89,0.397,14.2,8.0,22.9,83.6,0.229
2026-08-29T08:53:14.676818+00:00,ENG01,cruise,5334,66.1,672.2,4.39,58.4,14.89,0.392,14.2,8.0,22.9,83.6,0.229
2026-08-29T08:53:15.676818+00:00,ENG01,cruise,5334,66.1,672.2,4.39,58.3,14.89,0.384,14.2,8.0,22.9,83.6,0.229
2026-08-29T08:53:16.676818+00:00,ENG01,cruise,5333,66.1,672.2,4.39,58.3,14.89,0.379,14.2,8.0,22.9,83.6,0.229
2026-08-29T08:53:17.676818+00:00,ENG01,cruise,5333,66.1,672.1,4.39,58.3,14.89,0.392,14.2,8.0,22.9,83.6,0.229
2026-08-29T08:53:18.676818+00:00,ENG01,cruise,5333,66.1,672.1,4.39,58.3,14.88,0.393,14.2,8.0,22.9,83.6,0.229
2026-08-29T08:53:19.676818+00:00,ENG01,cruise,5332,66.1,672.0,4.39,58.3,14.88,0.373,14.2,8.0,22.9,83.6,0.229
2026-08-29T08:53:20.676818+00:00,ENG01,cruise,5332,66.1,672.0,4.39,58.3,14.88,0.392,14.2,8.0,22.9,83.6,0.229
2026-08-29T08:53:21.676818+00:00,ENG01,cruise,5332,66.0,672.0,4.39,58.3,14.88,0.379,14.2,8.0,22.9,83.5,0.229
2026-08-29T08:53:22.676818+00:00,ENG01,cruise,5332,66.0,671.9,4.39,58.2,14.88,0.382,14.2,8.0,22.9,83.5,0.229
2026-08-29T08:53:23.676818+00:00,ENG01,cruise,5331,66.0,671.9,4.39,58.2,14.88,0.401,14.2,8.0,22.9,83.5,0.229
2026-08-29T08:53:24.676818+00:00,ENG01,cruise,5331,66.0,671.8,4.39,58.2,14.88,0.4,14.2,8.0,22.9,83.5,0.229
2026-08-29T08:53:25.676818+00:00,ENG01,cruise,5331,66.0,671.8,4.39,58.2,14.87,0.394,14.2,8.0,22.9,83.5,0.229
2026-08-29T08:53:26.676818+00:00,ENG01,cruise,5331,66.0,671.8,4.39,58.2,14.87,0.372,14.2,8.0,22.9,83.5,0.229
2026-08-29T08:53:27.676818+00:00,ENG01,cruise,5330,66.0,671.7,4.39,58.2,14.87,0.397,14.2,8.0,22.9,83.5,0.229
2026-08-29T08:53:28.676818+00:00,ENG01,cruise,5330,66.0,671.7,4.39,58.2,14.87,0.389,14.2,8.0,22.9,83.5,0.229
2026-08-29T08:53:29.676818+00:00,ENG01,cruise,5330,66.0,671.6,4.39,58.2,14.87,0.376,14.2,8.0,22.9,83.5,0.229
2026-08-29T08:53:30.676818+00:00,ENG01,cruise,5329,66.0,671.6,4.39,58.1,14.87,0.43,14.2,8.0,22.9,83.5,0.229
2026-08-29T08:53:31.676818+00:00,ENG01,cruise,5329,66.0,671.6,4.39,58.1,14.87,0.396,14.2,8.0,22.9,83.5,0.229
2026-08-29T08:53:32.676818+00:00,ENG01,cruise,5329,66.0,671.5,4.39,58.1,14.86,0.378,14.2,8.0,22.9,83.4,0.229
2026-08-29T08:53:33.676818+00:00,ENG01,cruise,5329,65.9,671.5,4.39,58.1,14.86,0.374,14.2,8.0,22.9,83.4,0.229
2026-08-29T08:53:34.676818+00:00,ENG01,cruise,5328,65.9,671.4,4.38,58.1,14.86,0.375,14.2,8.0,22.9,83.4,0.229
2026-08-29T08:53:35.676818+00:00,ENG01,cruise,5328,65.9,671.4,4.38,58.1,14.86,0.373,14.2,8.0,22.9,83.4,0.229
2026-08-29T08:53:36.676818+00:00,ENG01,cruise,5328,65.9,671.4,4.38,58.1,14.86,0.4,14.2,8.0,22.9,83.4,0.228
2026-08-29T08:53:37.676818+00:00,ENG01,cruise,5328,65.9,671.3,4.38,58.1,14.86,0.389,14.2,8.0,22.9,83.4,0.228
2026-08-29T08:53:38.676818+00:00,ENG01,cruise,5327,65.9,671.3,4.38,58.0,14.85,0.376,14.2,8.0,22.9,83.4,0.228
2026-08-29T08:53:39.676818+00:00,ENG01,cruise,5327,65.9,671.2,4.38,58.0,14.85,0.426,14.2,8.0,22.9,83.4,0.228
2026-08-29T08:53:40.676818+00:00,ENG01,cruise,5327,65.9,671.2,4.38,58.0,14.85,0.383,14.2,8.0,22.9,83.4,0.228
2026-08-29T08:53:41.676818+00:00,ENG01,cruise,5326,65.9,671.2,4.38,58.0,14.85,0.387,14.2,8.0,22.9,83.4,0.228
2026-08-29T08:53:42.676818+00:00,ENG01,cruise,5326,65.9,671.1,4.38,58.0,14.85,0.39,14.2,8.0,22.9,83.3,0.228
2026-08-29T08:53:43.676818+00:00,ENG01,cruise,5326,65.9,671.1,4.38,58.0,14.85,0.371,14.2,8.0,22.9,83.3,0.228
2026-08-29T08:53:44.676818+00:00,ENG01,cruise,5326,65.9,671.0,4.38,58.0,14.85,0.4,14.2,8.0,22.9,83.3,0.228
2026-08-29T08:53:45.676818+00:00,ENG01,cruise,5325,65.8,671.0,4.38,57.9,14.84,0.402,14.2,8.0,22.9,83.3,0.228
2026-08-29T08:53:46.676818+00:00,ENG01,cruise,5325,65.8,671.0,4.38,57.9,14.84,0.392,14.2,8.0,22.9,83.3,0.228
2026-08-29T08:53:47.676818+00:00,ENG01,cruise,5325,65.8,670.9,4.38,57.9,14.84,0.392,14.2,8.0,22.9,83.3,0.228
2026-08-29T08:53:48.676818+00:00,ENG01,cruise,5324,65.8,670.9,4.38,57.9,14.84,0.383,14.2,8.0,22.9,83.3,0.228
2026-08-29T08:53:49.676818+00:00,ENG01,cruise,5324,65.8,670.8,4.38,57.9,14.84,0.391,14.2,8.0,22.9,83.3,0.228
2026-08-29T08:53:50.676818+00:00,ENG01,cruise,5324,65.8,670.8,4.38,57.9,14.84,0.381,14.2,8.0,22.9,83.3,0.228
2026-08-29T08:53:51.676818+00:00,ENG01,cruise,5324,65.8,670.8,4.38,57.9,14.84,0.385,14.2,8.0,22.9,83.3,0.228
2026-08-29T08:53:52.676818+00:00,ENG01,cruise,5323,65.8,670.7,4.38,57.9,14.83,0.381,14.2,8.0,22.9,83.2,0.228
2026-08-29T08:53:53.676818+00:00,ENG01,cruise,5323,65.8,670.7,4.38,57.9,14.83,0.393,14.2,8.0,22.9,83.2,0.228
2026-08-29T08:53:54.676818+00:00,ENG01,cruise,5323,65.8,670.6,4.38,57.8,14.83,0.402,14.2,8.0,22.9,83.2,0.228
2026-08-29T08:53:55.676818+00:00,ENG01,cruise,5322,65.8,670.6,4.38,57.8,14.83,0.376,14.2,8.0,22.9,83.2,0.228
2026-08-29T08:53:56.676818+00:00,ENG01,cruise,5322,65.8,670.6,4.38,57.8,14.83,0.37,14.2,8.0,22.9,83.2,0.228
2026-08-29T08:53:57.676818+00:00,ENG01,cruise,5322,65.7,670.5,4.38,57.8,14.83,0.372,14.2,8.0,22.9,83.2,0.228
2026-08-29T08:53:58.676818+00:00,ENG01,cruise,5322,65.7,670.5,4.38,57.8,14.82,0.387,14.2,8.0,22.9,83.2,0.228
2026-08-29T08:53:59.676818+00:00,ENG01,cruise,5321,65.7,670.4,4.38,57.8,14.82,0.372,14.2,8.0,22.9,83.2,0.228
2026-08-29T08:54:00.676818+00:00,ENG01,cruise,5321,65.7,670.4,4.38,57.8,14.82,0.381,14.2,8.0,22.9,83.2,0.228
2026-08-29T08:54:01.676818+00:00,ENG01,cruise,5321,65.7,670.4,4.38,57.8,14.82,0.392,14.2,8.0,22.9,83.2,0.228
2026-08-29T08:54:02.676818+00:00,ENG01,cruise,5321,65.7,670.3,4.37,57.7,14.82,0.406,14.2,8.0,22.9,83.2,0.228
2026-08-29T08:54:03.676818+00:00,ENG01,cruise,5320,65.7,670.3,4.37,57.7,14.82,0.377,14.2,8.0,22.9,83.1,0.228
2026-08-29T08:54:04.676818+00:00,ENG01,cruise,5320,65.7,670.2,4.37,57.7,14.82,0.37,14.2,8.0,22.9,83.1,0.228
2026-08-29T08:54:05.676818+00:00,ENG01,cruise,5320,65.7,670.2,4.37,57.7,14.81,0.388,14.2,8.0,22.9,83.1,0.227
2026-08-29T08:54:06.676818+00:00,ENG01,cruise,5319,65.7,670.2,4.37,57.7,14.81,0.377,14.2,8.0,22.9,83.1,0.227
2026-08-29T08:54:07.676818+00:00,ENG01,cruise,5319,65.7,670.1,4.37,57.7,14.81,0.416,14.2,8.0,22.9,83.1,0.227
2026-08-29T08:54:08.676818+00:00,ENG01,cruise,5319,65.7,670.1,4.37,57.7,14.81,0.371,14.2,8.0,22.9,83.1,0.227
2026-08-29T08:54:09.676818+00:00,ENG01,cruise,5319,65.7,670.0,4.37,57.7,14.81,0.379,14.2,8.0,22.9,83.1,0.227
2026-08-29T08:54:10.676818+00:00,ENG01,cruise,5318,65.6,670.0,4.37,57.6,14.81,0.377,14.2,8.0,22.9,83.1,0.227
2026-08-29T08:54:11.676818+00:00,ENG01,cruise,5318,65.6,670.0,4.37,57.6,14.81,0.389,14.2,8.0,22.9,83.1,0.227
2026-08-29T08:54:12.676818+00:00,ENG01,cruise,5318,65.6,669.9,4.37,57.6,14.8,0.374,14.2,8.0,22.9,83.1,0.227
2026-08-29T08:54:13.676818+00:00,ENG01,cruise,5318,65.6,669.9,4.37,57.6,14.8,0.411,14.2,8.0,22.9,83.0,0.227
2026-08-29T08:54:14.676818+00:00,ENG01,cruise,5317,65.6,669.8,4.37,57.6,14.8,0.383,14.2,8.0,22.9,83.0,0.227
2026-08-29T08:54:15.676818+00:00,ENG01,cruise,5317,65.6,669.8,4.37,57.6,14.8,0.371,14.2,8.0,22.9,83.0,0.227
2026-08-29T08:54:16.676818+00:00,ENG01,cruise,5317,65.6,669.8,4.37,57.6,14.8,0.374,14.2,8.0,22.9,83.0,0.227
2026-08-29T08:54:17.676818+00:00,ENG01,cruise,5316,65.6,669.7,4.37,57.6,14.8,0.372,14.2,8.0,22.9,83.0,0.227
2026-08-29T08:54:18.676818+00:00,ENG01,cruise,5316,65.6,669.7,4.37,57.6,14.79,0.395,14.2,8.0,22.9,83.0,0.227
2026-08-29T08:54:19.676818+00:00,ENG01,cruise,5316,65.6,669.6,4.37,57.5,14.79,0.387,14.2,8.0,22.9,83.0,0.227
2026-08-29T08:54:20.676818+00:00,ENG01,cruise,5316,65.6,669.6,4.37,57.5,14.79,0.401,14.2,8.0,22.9,83.0,0.227
2026-08-29T08:54:21.676818+00:00,ENG01,cruise,5315,65.6,669.6,4.37,57.5,14.79,0.379,14.2,8.0,22.9,83.0,0.227
2026-08-29T08:54:22.676818+00:00,ENG01,cruise,5315,65.5,669.5,4.37,57.5,14.79,0.381,14.2,8.0,22.9,83.0,0.227
2026-08-29T08:54:23.676818+00:00,ENG01,cruise,5315,65.5,669.5,4.37,57.5,14.79,0.377,14.2,8.0,22.9,82.9,0.227
2026-08-29T08:54:24.676818+00:00,ENG01,cruise,5314,65.5,669.4,4.37,57.5,14.79,0.377,14.2,8.0,22.9,82.9,0.227
2026-08-29T08:54:25.676818+00:00,ENG01,cruise,5314,65.5,669.4,4.37,57.5,14.78,0.408,14.2,8.0,22.9,82.9,0.227
2026-08-29T08:54:26.676818+00:00,ENG01,cruise,5314,65.5,669.4,4.37,57.5,14.78,0.391,14.2,8.0,22.9,82.9,0.227
2026-08-29T08:54:27.676818+00:00,ENG01,cruise,5314,65.5,669.3,4.37,57.4,14.78,0.377,14.2,8.0,22.9,82.9,0.227
2026-08-29T08:54:28.676818+00:00,ENG01,cruise,5313,65.5,669.3,4.37,57.4,14.78,0.378,14.2,8.0,22.9,82.9,0.227
2026-08-29T08:54:29.676818+00:00,ENG01,cruise,5313,65.5,669.2,4.36,57.4,14.78,0.405,14.2,8.0,22.9,82.9,0.227
2026-08-29T08:54:30.676818+00:00,ENG01,cruise,5313,65.5,669.2,4.36,57.4,14.78,0.371,14.2,8.0,22.9,82.9,0.227
2026-08-29T08:54:31.676818+00:00,ENG01,cruise,5312,65.5,669.2,4.36,57.4,14.78,0.386,14.2,8.0,22.9,82.9,0.227
2026-08-29T08:54:32.676818+00:00,ENG01,cruise,5312,65.5,669.1,4.36,57.4,14.77,0.393,14.2,8.0,22.9,82.9,0.227
2026-08-29T08:54:33.676818+00:00,ENG01,cruise,5312,65.5,669.1,4.36,57.4,14.77,0.386,14.2,8.0,22.9,82.8,0.226
2026-08-29T08:54:34.676818+00:00,ENG01,cruise,5312,65.5,669.0,4.36,57.4,14.77,0.376,14.2,8.0,22.9,82.8,0.226
2026-08-29T08:54:35.676818+00:00,ENG01,cruise,5311,65.4,669.0,4.36,57.4,14.77,0.384,14.2,8.0,22.9,82.8,0.226
2026-08-29T08:54:36.676818+00:00,ENG01,cruise,5311,65.4,669.0,4.36,57.3,14.77,0.387,14.2,8.0,22.9,82.8,0.226
2026-08-29T08:54:37.676818+00:00,ENG01,cruise,5311,65.4,668.9,4.36,57.3,14.77,0.392,14.2,8.0,22.9,82.8,0.226
2026-08-29T08:54:38.676818+00:00,ENG01,cruise,5311,65.4,668.9,4.36,57.3,14.76,0.372,14.2,8.0,22.9,82.8,0.226
2026-08-29T08:54:39.676818+00:00,ENG01,cruise,5310,65.4,668.8,4.36,57.3,14.76,0.385,14.2,8.0,22.9,82.8,0.226
2026-08-29T08:54:40.676818+00:00,ENG01,cruise,5310,65.4,668.8,4.36,57.3,14.76,0.414,14.2,8.0,22.9,82.8,0.226
2026-08-29T08:54:41.676818+00:00,ENG01,cruise,5310,65.4,668.8,4.36,57.3,14.76,0.387,14.2,8.0,22.9,82.8,0.226
2026-08-29T08:54:42.676818+00:00,ENG01,cruise,5309,65.4,668.7,4.36,57.3,14.76,0.4,14.2,8.0,22.9,82.8,0.226
2026-08-29T08:54:43.676818+00:00,ENG01,cruise,5309,65.4,668.7,4.36,57.3,14.76,0.399,14.2,8.0,22.9,82.8,0.226
2026-08-29T08:54:44.676818+00:00,ENG01,cruise,5309,65.4,668.6,4.36,57.3,14.76,0.383,14.2,8.0,22.9,82.7,0.226
2026-08-29T08:54:45.676818+00:00,ENG01,cruise,5309,65.4,668.6,4.36,57.2,14.75,0.383,14.2,8.0,22.9,82.7,0.226
2026-08-29T08:54:46.676818+00:00,ENG01,cruise,5308,65.4,668.6,4.36,57.2,14.75,0.422,14.2,8.0,22.9,82.7,0.226
2026-08-29T08:54:47.676818+00:00,ENG01,cruise,5308,65.4,668.5,4.36,57.2,14.75,0.37,14.2,8.0,22.9,82.7,0.226
2026-08-29T08:54:48.676818+00:00,ENG01,cruise,5308,65.3,668.5,4.36,57.2,14.75,0.396,14.2,8.0,22.9,82.7,0.226
2026-08-29T08:54:49.676818+00:00,ENG01,cruise,5308,65.3,668.4,4.36,57.2,14.75,0.379,14.2,8.0,22.9,82.7,0.226
2026-08-29T08:54:50.676818+00:00,ENG01,cruise,5307,65.3,668.4,4.36,57.2,14.75,0.372,14.2,8.0,22.9,82.7,0.226
2026-08-29T08:54:51.676818+00:00,ENG01,cruise,5307,65.3,668.4,4.36,57.2,14.75,0.385,14.2,8.0,22.9,82.7,0.226
2026-08-29T08:54:52.676818+00:00,ENG01,cruise,5307,65.3,668.3,4.36,57.2,14.74,0.378,14.2,8.0,22.9,82.7,0.226
2026-08-29T08:54:53.676818+00:00,ENG01,cruise,5306,65.3,668.3,4.36,57.2,14.74,0.374,14.2,8.0,22.9,82.7,0.226
2026-08-29T08:54:54.676818+00:00,ENG01,cruise,5306,65.3,668.2,4.36,57.1,14.74,0.392,14.2,8.0,22.9,82.6,0.226
2026-08-29T08:54:55.676818+00:00,ENG01,cruise,5306,65.3,668.2,4.36,57.1,14.74,0.391,14.2,8.0,22.9,82.6,0.226
2026-08-29T08:54:56.676818+00:00,ENG01,cruise,5306,65.3,668.2,4.36,57.1,14.74,0.406,14.2,8.0,22.9,82.6,0.226
2026-08-29T08:54:57.676818+00:00,ENG01,cruise,5305,65.3,668.1,4.35,57.1,14.74,0.374,14.2,8.0,22.9,82.6,0.226
2026-08-29T08:54:58.676818+00:00,ENG01,cruise,5305,65.3,668.1,4.35,57.1,14.73,0.378,14.2,8.0,22.9,82.6,0.226
2026-08-29T08:54:59.676818+00:00,ENG01,cruise,5305,65.3,668.0,4.35,57.1,14.73,0.398,14.2,8.0,22.9,82.6,0.226
2026-08-29T08:55:00.676818+00:00,ENG01,cruise,5304,65.3,668.0,4.35,57.1,14.73,0.383,14.2,8.0,22.9,82.6,0.226
2026-08-29T08:55:01.676818+00:00,ENG01,cruise,5304,65.2,668.0,4.35,57.1,14.73,0.409,14.2,8.0,22.9,82.6,0.226
2026-08-29T08:55:02.676818+00:00,ENG01,cruise,5304,65.2,667.9,4.35,57.1,14.73,0.416,14.2,8.0,22.9,82.6,0.225
2026-08-29T08:55:03.676818+00:00,ENG01,cruise,5304,65.2,667.9,4.35,57.1,14.73,0.388,14.2,8.0,22.9,82.6,0.225
2026-08-29T08:55:04.676818+00:00,ENG01,cruise,5303,65.2,667.8,4.35,57.0,14.73,0.378,14.2,8.0,22.9,82.5,0.225
2026-08-29T08:55:05.676818+00:00,ENG01,cruise,5303,65.2,667.8,4.35,57.0,14.72,0.371,14.2,8.0,22.8,82.5,0.225
2026-08-29T08:55:06.676818+00:00,ENG01,cruise,5303,65.2,667.8,4.35,57.0,14.72,0.368,14.2,8.0,22.8,82.5,0.225
2026-08-29T08:55:07.676818+00:00,ENG01,cruise,5302,65.2,667.7,4.35,57.0,14.72,0.381,14.2,8.0,22.8,82.5,0.225
2026-08-29T08:55:08.676818+00:00,ENG01,cruise,5302,65.2,667.7,4.35,57.0,14.72,0.395,14.2,8.0,22.8,82.5,0.225
2026-08-29T08:55:09.676818+00:00,ENG01,cruise,5302,65.2,667.6,4.35,57.0,14.72,0.403,14.2,8.0,22.8,82.5,0.225
2026-08-29T08:55:10.676818+00:00,ENG01,cruise,5302,65.2,667.6,4.35,57.0,14.72,0.372,14.2,8.0,22.8,82.5,0.225
2026-08-29T08:55:11.676818+00:00,ENG01,cruise,5301,65.2,667.6,4.35,57.0,14.72,0.375,14.2,8.0,22.8,82.5,0.225
2026-08-29T08:55:12.676818+00:00,ENG01,cruise,5301,65.2,667.5,4.35,57.0,14.71,0.369,14.2,8.0,22.8,82.5,0.225
2026-08-29T08:55:13.676818+00:00,ENG01,cruise,5301,65.2,667.5,4.35,56.9,14.71,0.38,14.2,8.0,22.8,82.5,0.225
2026-08-29T08:55:14.676818+00:00,ENG01,cruise,5301,65.1,667.4,4.35,56.9,14.71,0.371,14.2,8.0,22.8,82.4,0.225
2026-08-29T08:55:15.676818+00:00,ENG01,cruise,5300,65.1,667.4,4.35,56.9,14.71,0.397,14.2,8.0,22.8,82.4,0.225
2026-08-29T08:55:16.676818+00:00,ENG01,cruise,5300,65.1,667.4,4.35,56.9,14.71,0.4,14.2,8.0,22.8,82.4,0.225
2026-08-29T08:55:17.676818+00:00,ENG01,cruise,5300,65.1,667.3,4.35,56.9,14.71,0.392,14.2,8.0,22.8,82.4,0.225
2026-08-29T08:55:18.676818+00:00,ENG01,cruise,5299,65.1,667.3,4.35,56.9,14.7,0.38,14.2,8.0,22.8,82.4,0.225
2026-08-29T08:55:19.676818+00:00,ENG01,cruise,5299,65.1,667.2,4.35,56.9,14.7,0.398,14.2,8.0,22.8,82.4,0.225
2026-08-29T08:55:20.676818+00:00,ENG01,cruise,5299,65.1,667.2,4.35,56.9,14.7,0.371,14.2,8.0,22.8,82.4,0.225
2026-08-29T08:55:21.676818+00:00,ENG01,cruise,5299,65.1,667.2,4.35,56.9,14.7,0.392,14.2,8.0,22.8,82.4,0.225
2026-08-29T08:55:22.676818+00:00,ENG01,cruise,5298,65.1,667.1,4.35,56.9,14.7,0.407,14.2,8.0,22.8,82.4,0.225
2026-08-29T08:55:23.676818+00:00,ENG01,cruise,5298,65.1,667.1,4.35,56.8,14.7,0.372,14.2,8.0,22.8,82.4,0.225
2026-08-29T08:55:24.676818+00:00,ENG01,cruise,5298,65.1,667.0,4.34,56.8,14.7,0.392,14.2,8.0,22.8,82.4,0.225
2026-08-29T08:55:25.676818+00:00,ENG01,cruise,5298,65.1,667.0,4.34,56.8,14.69,0.41,14.2,8.0,22.8,82.3,0.225
2026-08-29T08:55:26.676818+00:00,ENG01,cruise,5297,65.1,667.0,4.34,56.8,14.69,0.414,14.2,8.0,22.8,82.3,0.225
2026-08-29T08:55:27.676818+00:00,ENG01,cruise,5297,65.0,666.9,4.34,56.8,14.69,0.371,14.2,8.0,22.8,82.3,0.225
2026-08-29T08:55:28.676818+00:00,ENG01,cruise,5297,65.0,666.9,4.34,56.8,14.69,0.376,14.2,8.0,22.8,82.3,0.225
2026-08-29T08:55:29.676818+00:00,ENG01,cruise,5296,65.0,666.8,4.34,56.8,14.69,0.369,14.2,8.0,22.8,82.3,0.225
2026-08-29T08:55:30.676818+00:00,ENG01,cruise,5296,65.0,666.8,4.34,56.8,14.69,0.389,14.2,8.0,22.8,82.3,0.225
2026-08-29T08:55:31.676818+00:00,ENG01,cruise,5296,65.0,666.7,4.34,56.8,14.69,0.367,14.2,8.0,22.8,82.3,0.224
2026-08-29T08:55:32.676818+00:00,ENG01,cruise,5296,65.0,666.7,4.34,56.8,14.68,0.368,14.2,8.0,22.8,82.3,0.224
2026-08-29T08:55:33.676818+00:00,ENG01,cruise,5295,65.0,666.7,4.34,56.7,14.68,0.394,14.2,8.0,22.8,82.3,0.224
2026-08-29T08:55:34.676818+00:00,ENG01,cruise,5295,65.0,666.6,4.34,56.7,14.68,0.379,14.2,8.0,22.8,82.3,0.224
2026-08-29T08:55:35.676818+00:00,ENG01,cruise,5295,65.0,666.6,4.34,56.7,14.68,0.409,14.2,8.0,22.8,82.2,0.224
2026-08-29T08:55:36.676818+00:00,ENG01,cruise,5294,65.0,666.5,4.34,56.7,14.68,0.399,14.2,8.0,22.8,82.2,0.224
2026-08-29T08:55:37.676818+00:00,ENG01,cruise,5294,65.0,666.5,4.34,56.7,14.68,0.378,14.2,8.0,22.8,82.2,0.224
2026-08-29T08:55:38.676818+00:00,ENG01,cruise,5294,65.0,666.5,4.34,56.7,14.67,0.384,14.2,8.0,22.8,82.2,0.224
2026-08-29T08:55:39.676818+00:00,ENG01,cruise,5294,65.0,666.4,4.34,56.7,14.67,0.383,14.2,8.0,22.8,82.2,0.224
2026-08-29T08:55:40.676818+00:00,ENG01,cruise,5293,64.9,666.4,4.34,56.7,14.67,0.376,14.2,8.0,22.8,82.2,0.224
2026-08-29T08:55:41.676818+00:00,ENG01,cruise,5293,64.9,666.3,4.34,56.7,14.67,0.378,14.2,8.0,22.8,82.2,0.224
2026-08-29T08:55:42.676818+00:00,ENG01,cruise,5293,64.9,666.3,4.34,56.7,14.67,0.39,14.2,8.0,22.8,82.2,0.224
2026-08-29T08:55:43.676818+00:00,ENG01,cruise,5292,64.9,666.3,4.34,56.6,14.67,0.368,14.2,8.0,22.8,82.2,0.224
2026-08-29T08:55:44.676818+00:00,ENG01,cruise,5292,64.9,666.2,4.34,56.6,14.67,0.412,14.2,8.0,22.8,82.2,0.224
2026-08-29T08:55:45.676818+00:00,ENG01,cruise,5292,64.9,666.2,4.34,56.6,14.66,0.399,14.2,8.0,22.8,82.1,0.224
2026-08-29T08:55:46.676818+00:00,ENG01,cruise,5292,64.9,666.1,4.34,56.6,14.66,0.404,14.2,8.0,22.8,82.1,0.224
2026-08-29T08:55:47.676818+00:00,ENG01,cruise,5291,64.9,666.1,4.34,56.6,14.66,0.373,14.2,8.0,22.8,82.1,0.224
2026-08-29T08:55:48.676818+00:00,ENG01,cruise,5291,64.9,666.1,4.34,56.6,14.66,0.383,14.2,8.0,22.8,82.1,0.224
2026-08-29T08:55:49.676818+00:00,ENG01,cruise,5291,64.9,666.0,4.34,56.6,14.66,0.376,14.2,8.0,22.8,82.1,0.224
2026-08-29T08:55:50.676818+00:00,ENG01,cruise,5291,64.9,666.0,4.34,56.6,14.66,0.388,14.2,8.0,22.8,82.1,0.224
2026-08-29T08:55:51.676818+00:00,ENG01,cruise,5290,64.9,665.9,4.34,56.6,14.65,0.379,14.2,8.0,22.8,82.1,0.224
2026-08-29T08:55:52.676818+00:00,ENG01,cruise,5290,64.9,665.9,4.33,56.6,14.65,0.368,14.2,8.0,22.8,82.1,0.224
2026-08-29T08:55:53.676818+00:00,ENG01,cruise,5290,64.8,665.9,4.33,56.5,14.65,0.377,14.2,8.0,22.8,82.1,0.224
2026-08-29T08:55:54.676818+00:00,ENG01,cruise,5289,64.8,665.8,4.33,56.5,14.65,0.369,14.2,8.0,22.8,82.1,0.224
2026-08-29T08:55:55.676818+00:00,ENG01,cruise,5289,64.8,665.8,4.33,56.5,14.65,0.412,14.2,8.0,22.8,82.0,0.224
2026-08-29T08:55:56.676818+00:00,ENG01,cruise,5289,64.8,665.7,4.33,56.5,14.65,0.384,14.2,8.0,22.8,82.0,0.224
2026-08-29T08:55:57.676818+00:00,ENG01,cruise,5289,64.8,665.7,4.33,56.5,14.65,0.376,14.2,8.0,22.8,82.0,0.224
2026-08-29T08:55:58.676818+00:00,ENG01,cruise,5288,64.8,665.7,4.33,56.5,14.64,0.376,14.2,8.0,22.8,82.0,0.224
2026-08-29T08:55:59.676818+00:00,ENG01,cruise,5288,64.8,665.6,4.33,56.5,14.64,0.38,14.2,8.0,22.8,82.0,0.224
2026-08-29T08:56:00.676818+00:00,ENG01,cruise,5288,64.8,665.6,4.33,56.5,14.64,0.393,14.2,8.0,22.8,82.0,0.223
2026-08-29T08:56:01.676818+00:00,ENG01,cruise,5288,64.8,665.5,4.33,56.5,14.64,0.391,14.2,8.0,22.8,82.0,0.223
2026-08-29T08:56:02.676818+00:00,ENG01,cruise,5287,64.8,665.5,4.33,56.5,14.64,0.395,14.2,8.0,22.8,82.0,0.223
2026-08-29T08:56:03.676818+00:00,ENG01,cruise,5287,64.8,665.5,4.33,56.5,14.64,0.366,14.2,8.0,22.8,82.0,0.223
2026-08-29T08:56:04.676818+00:00,ENG01,cruise,5287,64.8,665.4,4.33,56.4,14.64,0.372,14.2,8.0,22.8,82.0,0.223
2026-08-29T08:56:05.676818+00:00,ENG01,cruise,5286,64.8,665.4,4.33,56.4,14.63,0.38,14.2,8.0,22.8,82.0,0.223
2026-08-29T08:56:06.676818+00:00,ENG01,cruise,5286,64.7,665.3,4.33,56.4,14.63,0.388,14.2,8.0,22.8,81.9,0.223
2026-08-29T08:56:07.676818+00:00,ENG01,cruise,5286,64.7,665.3,4.33,56.4,14.63,0.412,14.2,8.0,22.8,81.9,0.223
2026-08-29T08:56:08.676818+00:00,ENG01,cruise,5286,64.7,665.3,4.33,56.4,14.63,0.38,14.2,8.0,22.8,81.9,0.223
2026-08-29T08:56:09.676818+00:00,ENG01,cruise,5285,64.7,665.2,4.33,56.4,14.63,0.383,14.2,8.0,22.8,81.9,0.223
2026-08-29T08:56:10.676818+00:00,ENG01,cruise,5285,64.7,665.2,4.33,56.4,14.63,0.383,14.2,8.0,22.8,81.9,0.223
2026-08-29T08:56:11.676818+00:00,ENG01,cruise,5285,64.7,665.1,4.33,56.4,14.62,0.396,14.2,8.0,22.8,81.9,0.223
2026-08-29T08:56:12.676818+00:00,ENG01,cruise,5284,64.7,665.1,4.33,56.4,14.62,0.381,14.2,8.0,22.8,81.9,0.223
2026-08-29T08:56:13.676818+00:00,ENG01,cruise,5284,64.7,665.0,4.33,56.4,14.62,0.393,14.2,8.0,22.8,81.9,0.223
2026-08-29T08:56:14.676818+00:00,ENG01,cruise,5284,64.7,665.0,4.33,56.4,14.62,0.41,14.2,8.0,22.8,81.9,0.223
2026-08-29T08:56:15.676818+00:00,ENG01,cruise,5284,64.7,665.0,4.33,56.3,14.62,0.368,14.2,8.0,22.8,81.9,0.223
2026-08-29T08:56:16.676818+00:00,ENG01,cruise,5283,64.7,664.9,4.33,56.3,14.62,0.393,14.2,8.0,22.8,81.8,0.223
2026-08-29T08:56:17.676818+00:00,ENG01,cruise,5283,64.7,664.9,4.33,56.3,14.62,0.372,14.2,8.0,22.8,81.8,0.223
2026-08-29T08:56:18.676818+00:00,ENG01,cruise,5283,64.7,664.8,4.33,56.3,14.61,0.37,14.2,8.0,22.8,81.8,0.223
2026-08-29T08:56:19.676818+00:00,ENG01,cruise,5282,64.7,664.8,4.33,56.3,14.61,0.367,14.2,8.0,22.8,81.8,0.223
2026-08-29T08:56:20.676818+00:00,ENG01,cruise,5282,64.6,664.8,4.32,56.3,14.61,0.392,14.2,8.0,22.8,81.8,0.223
2026-08-29T08:56:21.676818+00:00,ENG01,cruise,5282,64.6,664.7,4.32,56.3,14.61,0.404,14.2,8.0,22.8,81.8,0.223
2026-08-29T08:56:22.676818+00:00,ENG01,cruise,5282,64.6,664.7,4.32,56.3,14.61,0.381,14.2,8.0,22.8,81.8,0.223
2026-08-29T08:56:23.676818+00:00,ENG01,cruise,5281,64.6,664.6,4.32,56.3,14.61,0.394,14.2,8.0,22.8,81.8,0.223
2026-08-29T08:56:24.676818+00:00,ENG01,cruise,5281,64.6,664.6,4.32,56.3,14.6,0.397,14.2,8.0,22.8,81.8,0.223
2026-08-29T08:56:25.676818+00:00,ENG01,cruise,5281,64.6,664.6,4.32,56.3,14.6,0.385,14.2,8.0,22.8,81.8,0.223
2026-08-29T08:56:26.676818+00:00,ENG01,cruise,5281,64.6,664.5,4.32,56.2,14.6,0.368,14.2,8.0,22.8,81.7,0.223
2026-08-29T08:56:27.676818+00:00,ENG01,cruise,5280,64.6,664.5,4.32,56.2,14.6,0.396,14.2,8.0,22.8,81.7,0.223
2026-08-29T08:56:28.676818+00:00,ENG01,cruise,5280,64.6,664.4,4.32,56.2,14.6,0.388,14.2,8.0,22.8,81.7,0.223
2026-08-29T08:56:29.676818+00:00,ENG01,cruise,5280,64.6,664.4,4.32,56.2,14.6,0.366,14.2,8.0,22.8,81.7,0.222
2026-08-29T08:56:30.676818+00:00,ENG01,cruise,5279,64.6,664.4,4.32,56.2,14.6,0.384,14.2,8.0,22.8,81.7,0.222
2026-08-29T08:56:31.676818+00:00,ENG01,cruise,5279,64.6,664.3,4.32,56.2,14.59,0.384,14.2,8.0,22.8,81.7,0.222
2026-08-29T08:56:32.676818+00:00,ENG01,cruise,5279,64.6,664.3,4.32,56.2,14.59,0.378,14.2,8.0,22.8,81.7,0.222
2026-08-29T08:56:33.676818+00:00,ENG01,cruise,5279,64.5,664.2,4.32,56.2,14.59,0.388,14.2,8.0,22.8,81.7,0.222
2026-08-29T08:56:34.676818+00:00,ENG01,cruise,5278,64.5,664.2,4.32,56.2,14.59,0.387,14.2,8.0,22.8,81.7,0.222
2026-08-29T08:56:35.676818+00:00,ENG01,cruise,5278,64.5,664.2,4.32,56.2,14.59,0.367,14.2,8.0,22.8,81.7,0.222
2026-08-29T08:56:36.676818+00:00,ENG01,cruise,5278,64.5,664.1,4.32,56.2,14.59,0.39,14.2,8.0,22.8,81.7,0.222
2026-08-29T08:56:37.676818+00:00,ENG01,cruise,5278,64.5,664.1,4.32,56.1,14.59,0.365,14.2,8.0,22.8,81.6,0.222
2026-08-29T08:56:38.676818+00:00,ENG01,cruise,5277,64.5,664.0,4.32,56.1,14.58,0.389,14.2,8.0,22.8,81.6,0.222
2026-08-29T08:56:39.676818+00:00,ENG01,cruise,5277,64.5,664.0,4.32,56.1,14.58,0.366,14.2,8.0,22.8,81.6,0.222
2026-08-29T08:56:40.676818+00:00,ENG01,cruise,5277,64.5,664.0,4.32,56.1,14.58,0.373,14.2,8.0,22.8,81.6,0.222
2026-08-29T08:56:41.676818+00:00,ENG01,cruise,5276,64.5,663.9,4.32,56.1,14.58,0.419,14.2,8.0,22.8,81.6,0.222
2026-08-29T08:56:42.676818+00:00,ENG01,cruise,5276,64.5,663.9,4.32,56.1,14.58,0.4,14.2,8.0,22.8,81.6,0.222
2026-08-29T08:56:43.676818+00:00,ENG01,cruise,5276,64.5,663.8,4.32,56.1,14.58,0.368,14.2,8.0,22.8,81.6,0.222
2026-08-29T08:56:44.676818+00:00,ENG01,cruise,5276,64.5,663.8,4.32,56.1,14.57,0.381,14.2,8.0,22.8,81.6,0.222
2026-08-29T08:56:45.676818+00:00,ENG01,cruise,5275,64.5,663.7,4.32,56.1,14.57,0.396,14.2,8.0,22.8,81.6,0.222
2026-08-29T08:56:46.676818+00:00,ENG01,cruise,5275,64.4,663.7,4.32,56.1,14.57,0.372,14.2,8.0,22.8,81.6,0.222
2026-08-29T08:56:47.676818+00:00,ENG01,cruise,5275,64.4,663.7,4.31,56.1,14.57,0.369,14.2,8.0,22.8,81.5,0.222
2026-08-29T08:56:48.676818+00:00,ENG01,cruise,5274,64.4,663.6,4.31,56.0,14.57,0.373,14.2,8.0,22.8,81.5,0.222
2026-08-29T08:56:49.676818+00:00,ENG01,cruise,5274,64.4,663.6,4.31,56.0,14.57,0.37,14.2,8.0,22.8,81.5,0.222
2026-08-29T08:56:50.676818+00:00,ENG01,cruise,5274,64.4,663.5,4.31,56.0,14.57,0.373,14.2,8.0,22.8,81.5,0.222
2026-08-29T08:56:51.676818+00:00,ENG01,cruise,5274,64.4,663.5,4.31,56.0,14.56,0.387,14.2,8.0,22.8,81.5,0.222
2026-08-29T08:56:52.676818+00:00,ENG01,cruise,5273,64.4,663.5,4.31,56.0,14.56,0.37,14.2,8.0,22.8,81.5,0.222
2026-08-29T08:56:53.676818+00:00,ENG01,cruise,5273,64.4,663.4,4.31,56.0,14.56,0.378,14.2,8.0,22.8,81.5,0.222
2026-08-29T08:56:54.676818+00:00,ENG01,cruise,5273,64.4,663.4,4.31,56.0,14.56,0.379,14.2,8.0,22.8,81.5,0.222
2026-08-29T08:56:55.676818+00:00,ENG01,cruise,5272,64.4,663.3,4.31,56.0,14.56,0.375,14.2,8.0,22.8,81.5,0.222
2026-08-29T08:56:56.676818+00:00,ENG01,cruise,5272,64.4,663.3,4.31,56.0,14.56,0.385,14.2,8.0,22.8,81.5,0.222
2026-08-29T08:56:57.676818+00:00,ENG01,cruise,5272,64.4,663.3,4.31,56.0,14.55,0.378,14.2,8.0,22.8,81.4,0.221
2026-08-29T08:56:58.676818+00:00,ENG01,cruise,5272,64.4,663.2,4.31,56.0,14.55,0.378,14.2,8.0,22.8,81.4,0.221
2026-08-29T08:56:59.676818+00:00,ENG01,cruise,5271,64.4,663.2,4.31,56.0,14.55,0.364,14.2,8.0,22.8,81.4,0.221
2026-08-29T08:57:00.676818+00:00,ENG01,cruise,5271,64.3,663.1,4.31,55.9,14.55,0.379,14.2,8.0,22.8,81.4,0.221
2026-08-29T08:57:01.676818+00:00,ENG01,cruise,5271,64.3,663.1,4.31,55.9,14.55,0.399,14.2,8.0,22.8,81.4,0.221
2026-08-29T08:57:02.676818+00:00,ENG01,cruise,5271,64.3,663.1,4.31,55.9,14.55,0.386,14.2,8.0,22.8,81.4,0.221
2026-08-29T08:57:03.676818+00:00,ENG01,cruise,5270,64.3,663.0,4.31,55.9,14.55,0.396,14.2,8.0,22.8,81.4,0.221
2026-08-29T08:57:04.676818+00:00,ENG01,cruise,5270,64.3,663.0,4.31,55.9,14.54,0.364,14.2,8.0,22.8,81.4,0.221
2026-08-29T08:57:05.676818+00:00,ENG01,cruise,5270,64.3,662.9,4.31,55.9,14.54,0.372,14.2,8.0,22.8,81.4,0.221
2026-08-29T08:57:06.676818+00:00,ENG01,cruise,5269,64.3,662.9,4.31,55.9,14.54,0.382,14.2,8.0,22.8,81.4,0.221
2026-08-29T08:57:07.676818+00:00,ENG01,cruise,5269,64.3,662.8,4.31,55.9,14.54,0.381,14.2,8.0,22.8,81.3,0.221
2026-08-29T08:57:08.676818+00:00,ENG01,cruise,5269,64.3,662.8,4.31,55.9,14.54,0.366,14.2,8.0,22.8,81.3,0.221
2026-08-29T08:57:09.676818+00:00,ENG01,cruise,5269,64.3,662.8,4.31,55.9,14.54,0.364,14.2,8.0,22.8,81.3,0.221
2026-08-29T08:57:10.676818+00:00,ENG01,cruise,5268,64.3,662.7,4.31,55.9,14.54,0.374,14.2,8.0,22.8,81.3,0.221
2026-08-29T08:57:11.676818+00:00,ENG01,cruise,5268,64.3,662.7,4.31,55.8,14.53,0.384,14.2,8.0,22.8,81.3,0.221
2026-08-29T08:57:12.676818+00:00,ENG01,cruise,5268,64.3,662.6,4.31,55.8,14.53,0.395,14.2,8.0,22.8,81.3,0.221
2026-08-29T08:57:13.676818+00:00,ENG01,cruise,5268,64.2,662.6,4.31,55.8,14.53,0.377,14.2,8.0,22.8,81.3,0.221
2026-08-29T08:57:14.676818+00:00,ENG01,cruise,5267,64.2,662.6,4.31,55.8,14.53,0.399,14.2,8.0,22.8,81.3,0.221
2026-08-29T08:57:15.676818+00:00,ENG01,cruise,5267,64.2,662.5,4.3,55.8,14.53,0.379,14.2,8.0,22.8,81.3,0.221
2026-08-29T08:57:16.676818+00:00,ENG01,cruise,5267,64.2,662.5,4.3,55.8,14.53,0.383,14.2,8.0,22.8,81.3,0.221
2026-08-29T08:57:17.676818+00:00,ENG01,cruise,5266,64.2,662.4,4.3,55.8,14.52,0.377,14.2,8.0,22.8,81.3,0.221
2026-08-29T08:57:18.676818+00:00,ENG01,cruise,5266,64.2,662.4,4.3,55.8,14.52,0.376,14.2,8.0,22.8,81.2,0.221
2026-08-29T08:57:19.676818+00:00,ENG01,cruise,5266,64.2,662.4,4.3,55.8,14.52,0.366,14.2,8.0,22.8,81.2,0.221
2026-08-29T08:57:20.676818+00:00,ENG01,cruise,5266,64.2,662.3,4.3,55.8,14.52,0.391,14.2,8.0,22.8,81.2,0.221
2026-08-29T08:57:21.676818+00:00,ENG01,cruise,5265,64.2,662.3,4.3,55.8,14.52,0.393,14.2,8.0,22.8,81.2,0.221
2026-08-29T08:57:22.676818+00:00,ENG01,cruise,5265,64.2,662.2,4.3,55.8,14.52,0.369,14.2,8.0,22.8,81.2,0.221
2026-08-29T08:57:23.676818+00:00,ENG01,cruise,5265,64.2,662.2,4.3,55.7,14.52,0.364,14.2,8.0,22.8,81.2,0.221
2026-08-29T08:57:24.676818+00:00,ENG01,cruise,5264,64.2,662.2,4.3,55.7,14.51,0.403,14.2,8.0,22.8,81.2,0.221
2026-08-29T08:57:25.676818+00:00,ENG01,cruise,5264,64.2,662.1,4.3,55.7,14.51,0.383,14.2,8.0,22.8,81.2,0.221
2026-08-29T08:57:26.676818+00:00,ENG01,cruise,5264,64.1,662.1,4.3,55.7,14.51,0.383,14.2,8.0,22.8,81.2,0.22
2026-08-29T08:57:27.676818+00:00,ENG01,cruise,5264,64.1,662.0,4.3,55.7,14.51,0.378,14.2,8.0,22.8,81.2,0.22
2026-08-29T08:57:28.676818+00:00,ENG01,cruise,5263,64.1,662.0,4.3,55.7,14.51,0.407,14.2,8.0,22.8,81.1,0.22
2026-08-29T08:57:29.676818+00:00,ENG01,cruise,5263,64.1,661.9,4.3,55.7,14.51,0.372,14.2,8.0,22.8,81.1,0.22
2026-08-29T08:57:30.676818+00:00,ENG01,cruise,5263,64.1,661.9,4.3,55.7,14.5,0.382,14.2,8.0,22.8,81.1,0.22
2026-08-29T08:57:31.676818+00:00,ENG01,cruise,5262,64.1,661.9,4.3,55.7,14.5,0.409,14.2,8.0,22.8,81.1,0.22
2026-08-29T08:57:32.676818+00:00,ENG01,cruise,5262,64.1,661.8,4.3,55.7,14.5,0.391,14.2,8.0,22.8,81.1,0.22
2026-08-29T08:57:33.676818+00:00,ENG01,cruise,5262,64.1,661.8,4.3,55.7,14.5,0.38,14.2,8.0,22.8,81.1,0.22
2026-08-29T08:57:34.676818+00:00,ENG01,cruise,5262,64.1,661.7,4.3,55.7,14.5,0.367,14.2,8.0,22.8,81.1,0.22
2026-08-29T08:57:35.676818+00:00,ENG01,cruise,5261,64.1,661.7,4.3,55.7,14.5,0.382,14.2,8.0,22.8,81.1,0.22
2026-08-29T08:57:36.676818+00:00,ENG01,cruise,5261,64.1,661.7,4.3,55.6,14.5,0.373,14.2,8.0,22.8,81.1,0.22
2026-08-29T08:57:37.676818+00:00,ENG01,cruise,5261,64.1,661.6,4.3,55.6,14.49,0.368,14.2,8.0,22.8,81.1,0.22
2026-08-29T08:57:38.676818+00:00,ENG01,cruise,5261,64.1,661.6,4.3,55.6,14.49,0.364,14.2,8.0,22.8,81.0,0.22
2026-08-29T08:57:39.676818+00:00,ENG01,cruise,5260,64.1,661.5,4.3,55.6,14.49,0.4,14.2,8.0,22.8,81.0,0.22
2026-08-29T08:57:40.676818+00:00,ENG01,cruise,5260,64.0,661.5,4.3,55.6,14.49,0.395,14.2,8.0,22.8,81.0,0.22
2026-08-29T08:57:41.676818+00:00,ENG01,cruise,5260,64.0,661.5,4.3,55.6,14.49,0.389,14.2,8.0,22.8,81.0,0.22
2026-08-29T08:57:42.676818+00:00,ENG01,cruise,5259,64.0,661.4,4.29,55.6,14.49,0.378,14.2,8.0,22.8,81.0,0.22
2026-08-29T08:57:43.676818+00:00,ENG01,cruise,5259,64.0,661.4,4.29,55.6,14.48,0.391,14.2,8.0,22.8,81.0,0.22
2026-08-29T08:57:44.676818+00:00,ENG01,cruise,5259,64.0,661.3,4.29,55.6,14.48,0.4,14.2,8.0,22.8,81.0,0.22
2026-08-29T08:57:45.676818+00:00,ENG01,cruise,5259,64.0,661.3,4.29,55.6,14.48,0.408,14.2,8.0,22.8,81.0,0.22
2026-08-29T08:57:46.676818+00:00,ENG01,cruise,5258,64.0,661.3,4.29,55.6,14.48,0.366,14.2,8.0,22.8,81.0,0.22
2026-08-29T08:57:47.676818+00:00,ENG01,cruise,5258,64.0,661.2,4.29,55.6,14.48,0.385,14.2,8.0,22.8,81.0,0.22
2026-08-29T08:57:48.676818+00:00,ENG01,cruise,5258,64.0,661.2,4.29,55.5,14.48,0.368,14.2,8.0,22.8,80.9,0.22
2026-08-29T08:57:49.676818+00:00,ENG01,cruise,5258,64.0,661.1,4.29,55.5,14.48,0.363,14.2,8.0,22.8,80.9,0.22
2026-08-29T08:57:50.676818+00:00,ENG01,cruise,5257,64.0,661.1,4.29,55.5,14.47,0.397,14.2,8.0,22.8,80.9,0.22
2026-08-29T08:57:51.676818+00:00,ENG01,cruise,5257,64.0,661.0,4.29,55.5,14.47,0.376,14.2,8.0,22.8,80.9,0.22
2026-08-29T08:57:52.676818+00:00,ENG01,cruise,5257,64.0,661.0,4.29,55.5,14.47,0.38,14.2,8.0,22.8,80.9,0.22
2026-08-29T08:57:53.676818+00:00,ENG01,cruise,5256,63.9,661.0,4.29,55.5,14.47,0.39,14.2,8.0,22.8,80.9,0.22
2026-08-29T08:57:54.676818+00:00,ENG01,cruise,5256,63.9,660.9,4.29,55.5,14.47,0.381,14.2,8.0,22.8,80.9,0.22
2026-08-29T08:57:55.676818+00:00,ENG01,cruise,5256,63.9,660.9,4.29,55.5,14.47,0.367,14.2,8.0,22.8,80.9,0.219
2026-08-29T08:57:56.676818+00:00,ENG01,cruise,5256,63.9,660.8,4.29,55.5,14.46,0.362,14.2,8.0,22.8,80.9,0.219
2026-08-29T08:57:57.676818+00:00,ENG01,cruise,5255,63.9,660.8,4.29,55.5,14.46,0.366,14.2,8.0,22.8,80.9,0.219
2026-08-29T08:57:58.676818+00:00,ENG01,cruise,5255,63.9,660.8,4.29,55.5,14.46,0.37,14.2,8.0,22.8,80.9,0.219
2026-08-29T08:57:59.676818+00:00,ENG01,cruise,5255,63.9,660.7,4.29,55.5,14.46,0.423,14.2,8.0,22.8,80.8,0.219
2026-08-29T08:58:00.676818+00:00,ENG01,cruise,5254,63.9,660.7,4.29,55.5,14.46,0.38,14.2,8.0,22.8,80.8,0.219
2026-08-29T08:58:01.676818+00:00,ENG01,cruise,5254,63.9,660.6,4.29,55.4,14.46,0.362,14.2,8.0,22.8,80.8,0.219
2026-08-29T08:58:02.676818+00:00,ENG01,cruise,5254,63.9,660.6,4.29,55.4,14.46,0.381,14.2,8.0,22.8,80.8,0.219
2026-08-29T08:58:03.676818+00:00,ENG01,cruise,5254,63.9,660.6,4.29,55.4,14.45,0.369,14.2,8.0,22.8,80.8,0.219
2026-08-29T08:58:04.676818+00:00,ENG01,cruise,5253,63.9,660.5,4.29,55.4,14.45,0.374,14.2,8.0,22.8,80.8,0.219
2026-08-29T08:58:05.676818+00:00,ENG01,cruise,5253,63.9,660.5,4.29,55.4,14.45,0.388,14.2,8.0,22.8,80.8,0.219
2026-08-29T08:58:06.676818+00:00,ENG01,cruise,5253,63.9,660.4,4.29,55.4,14.45,0.385,14.2,8.0,22.8,80.8,0.219
2026-08-29T08:58:07.676818+00:00,ENG01,cruise,5252,63.8,660.4,4.29,55.4,14.45,0.375,14.2,8.0,22.8,80.8,0.219
2026-08-29T08:58:08.676818+00:00,ENG01,cruise,5252,63.8,660.3,4.29,55.4,14.45,0.37,14.2,8.0,22.8,80.8,0.219
2026-08-29T08:58:09.676818+00:00,ENG01,cruise,5252,63.8,660.3,4.29,55.4,14.45,0.391,14.2,8.0,22.8,80.7,0.219
2026-08-29T08:58:10.676818+00:00,ENG01,cruise,5252,63.8,660.3,4.28,55.4,14.44,0.371,14.2,8.0,22.8,80.7,0.219
2026-08-29T08:58:11.676818+00:00,ENG01,cruise,5251,63.8,660.2,4.28,55.4,14.44,0.367,14.2,8.0,22.8,80.7,0.219
2026-08-29T08:58:12.676818+00:00,ENG01,cruise,5251,63.8,660.2,4.28,55.4,14.44,0.368,14.2,8.0,22.8,80.7,0.219
2026-08-29T08:58:13.676818+00:00,ENG01,cruise,5251,63.8,660.1,4.28,55.4,14.44,0.388,14.2,8.0,22.8,80.7,0.219
2026-08-29T08:58:14.676818+00:00,ENG01,cruise,5251,63.8,660.1,4.28,55.3,14.44,0.362,14.2,8.0,22.8,80.7,0.219
2026-08-29T08:58:15.676818+00:00,ENG01,cruise,5250,63.8,660.1,4.28,55.3,14.44,0.378,14.2,8.0,22.8,80.7,0.219
2026-08-29T08:58:16.676818+00:00,ENG01,cruise,5250,63.8,660.0,4.28,55.3,14.43,0.362,14.2,8.0,22.8,80.7,0.219
2026-08-29T08:58:17.676818+00:00,ENG01,cruise,5250,63.8,660.0,4.28,55.3,14.43,0.362,14.2,8.0,22.7,80.7,0.219
2026-08-29T08:58:18.676818+00:00,ENG01,cruise,5249,63.8,659.9,4.28,55.3,14.43,0.367,14.2,8.0,22.7,80.7,0.219
2026-08-29T08:58:19.676818+00:00,ENG01,cruise,5249,63.8,659.9,4.28,55.3,14.43,0.378,14.2,8.0,22.7,80.6,0.219
2026-08-29T08:58:20.676818+00:00,ENG01,cruise,5249,63.7,659.9,4.28,55.3,14.43,0.362,14.2,8.0,22.7,80.6,0.219
2026-08-29T08:58:21.676818+00:00,ENG01,cruise,5249,63.7,659.8,4.28,55.3,14.43,0.371,14.2,8.0,22.7,80.6,0.219
2026-08-29T08:58:22.676818+00:00,ENG01,cruise,5248,63.7,659.8,4.28,55.3,14.43,0.369,14.2,8.0,22.7,80.6,0.219
2026-08-29T08:58:23.676818+00:00,ENG01,cruise,5248,63.7,659.7,4.28,55.3,14.42,0.381,14.2,8.0,22.7,80.6,0.219
2026-08-29T08:58:24.676818+00:00,ENG01,cruise,5248,63.7,659.7,4.28,55.3,14.42,0.38,14.2,8.0,22.7,80.6,0.218
2026-08-29T08:58:25.676818+00:00,ENG01,cruise,5248,63.7,659.6,4.28,55.3,14.42,0.367,14.2,8.0,22.7,80.6,0.218
2026-08-29T08:58:26.676818+00:00,ENG01,cruise,5247,63.7,659.6,4.28,55.3,14.42,0.379,14.2,8.0,22.7,80.6,0.218
2026-08-29T08:58:27.676818+00:00,ENG01,cruise,5247,63.7,659.6,4.28,55.2,14.42,0.363,14.2,8.0,22.7,80.6,0.218
2026-08-29T08:58:28.676818+00:00,ENG01,cruise,5247,63.7,659.5,4.28,55.2,14.42,0.383,14.2,8.0,22.7,80.6,0.218
2026-08-29T08:58:29.676818+00:00,ENG01,cruise,5246,63.7,659.5,4.28,55.2,14.41,0.375,14.2,8.0,22.7,80.6,0.218
2026-08-29T08:58:30.676818+00:00,ENG01,cruise,5246,63.7,659.4,4.28,55.2,14.41,0.369,14.2,8.0,22.7,80.5,0.218
2026-08-29T08:58:31.676818+00:00,ENG01,cruise,5246,63.7,659.4,4.28,55.2,14.41,0.378,14.2,8.0,22.7,80.5,0.218
2026-08-29T08:58:32.676818+00:00,ENG01,cruise,5246,63.7,659.4,4.28,55.2,14.41,0.365,14.2,8.0,22.7,80.5,0.218
2026-08-29T08:58:33.676818+00:00,ENG01,cruise,5245,63.7,659.3,4.28,55.2,14.41,0.379,14.2,8.0,22.7,80.5,0.218
2026-08-29T08:58:34.676818+00:00,ENG01,cruise,5245,63.6,659.3,4.28,55.2,14.41,0.397,14.2,8.0,22.7,80.5,0.218
2026-08-29T08:58:35.676818+00:00,ENG01,cruise,5245,63.6,659.2,4.28,55.2,14.41,0.382,14.2,8.0,22.7,80.5,0.218
2026-08-29T08:58:36.676818+00:00,ENG01,cruise,5244,63.6,659.2,4.28,55.2,14.4,0.406,14.2,8.0,22.7,80.5,0.218
2026-08-29T08:58:37.676818+00:00,ENG01,cruise,5244,63.6,659.2,4.28,55.2,14.4,0.391,14.2,8.0,22.7,80.5,0.218
2026-08-29T08:58:38.676818+00:00,ENG01,cruise,5244,63.6,659.1,4.27,55.2,14.4,0.371,14.2,8.0,22.7,80.5,0.218
2026-08-29T08:58:39.676818+00:00,ENG01,cruise,5244,63.6,659.1,4.27,55.2,14.4,0.365,14.2,8.0,22.7,80.5,0.218
2026-08-29T08:58:40.676818+00:00,ENG01,cruise,5243,63.6,659.0,4.27,55.1,14.4,0.368,14.2,8.0,22.7,80.4,0.218
2026-08-29T08:58:41.676818+00:00,ENG01,cruise,5243,63.6,659.0,4.27,55.1,14.4,0.367,14.2,8.0,22.7,80.4,0.218
2026-08-29T08:58:42.676818+00:00,ENG01,cruise,5243,63.6,658.9,4.27,55.1,14.39,0.367,14.2,8.0,22.7,80.4,0.218
2026-08-29T08:58:43.676818+00:00,ENG01,cruise,5242,63.6,658.9,4.27,55.1,14.39,0.382,14.2,8.0,22.7,80.4,0.218
2026-08-29T08:58:44.676818+00:00,ENG01,cruise,5242,63.6,658.9,4.27,55.1,14.39,0.379,14.2,8.0,22.7,80.4,0.218
2026-08-29T08:58:45.676818+00:00,ENG01,cruise,5242,63.6,658.8,4.27,55.1,14.39,0.368,14.2,8.0,22.7,80.4,0.218
2026-08-29T08:58:46.676818+00:00,ENG01,cruise,5242,63.6,658.8,4.27,55.1,14.39,0.38,14.2,8.0,22.7,80.4,0.218
2026-08-29T08:58:47.676818+00:00,ENG01,cruise,5241,63.5,658.7,4.27,55.1,14.39,0.371,14.2,8.0,22.7,80.4,0.218
2026-08-29T08:58:48.676818+00:00,ENG01,cruise,5241,63.5,658.7,4.27,55.1,14.39,0.373,14.2,8.0,22.7,80.4,0.218
2026-08-29T08:58:49.676818+00:00,ENG01,cruise,5241,63.5,658.7,4.27,55.1,14.38,0.367,14.2,8.0,22.7,80.4,0.218
2026-08-29T08:58:50.676818+00:00,ENG01,cruise,5241,63.5,658.6,4.27,55.1,14.38,0.36,14.2,8.0,22.7,80.3,0.218
2026-08-29T08:58:51.676818+00:00,ENG01,cruise,5240,63.5,658.6,4.27,55.1,14.38,0.387,14.2,8.0,22.7,80.3,0.218
2026-08-29T08:58:52.676818+00:00,ENG01,cruise,5240,63.5,658.5,4.27,55.1,14.38,0.37,14.2,8.0,22.7,80.3,0.217
2026-08-29T08:58:53.676818+00:00,ENG01,cruise,5240,63.5,658.5,4.27,55.0,14.38,0.367,14.2,8.0,22.7,80.3,0.217
2026-08-29T08:58:54.676818+00:00,ENG01,cruise,5239,63.5,658.5,4.27,55.0,14.38,0.373,14.2,8.0,22.7,80.3,0.217
2026-08-29T08:58:55.676818+00:00,ENG01,cruise,5239,63.5,658.4,4.27,55.0,14.37,0.37,14.2,8.0,22.7,80.3,0.217
2026-08-29T08:58:56.676818+00:00,ENG01,cruise,5239,63.5,658.4,4.27,55.0,14.37,0.376,14.2,8.0,22.7,80.3,0.217
2026-08-29T08:58:57.676818+00:00,ENG01,cruise,5239,63.5,658.3,4.27,55.0,14.37,0.365,14.2,8.0,22.7,80.3,0.217
2026-08-29T08:58:58.676818+00:00,ENG01,cruise,5238,63.5,658.3,4.27,55.0,14.37,0.385,14.2,8.0,22.7,80.3,0.217
2026-08-29T08:58:59.676818+00:00,ENG01,cruise,5238,63.5,658.2,4.27,55.0,14.37,0.384,14.2,8.0,22.7,80.3,0.217
2026-08-29T08:59:00.676818+00:00,ENG01,cruise,5238,63.5,658.2,4.27,55.0,14.37,0.368,14.2,8.0,22.7,80.2,0.217
2026-08-29T08:59:01.676818+00:00,ENG01,cruise,5238,63.4,658.2,4.27,55.0,14.37,0.375,14.2,8.0,22.7,80.2,0.217
2026-08-29T08:59:02.676818+00:00,ENG01,cruise,5237,63.4,658.1,4.27,55.0,14.36,0.375,14.2,8.0,22.7,80.2,0.217
2026-08-29T08:59:03.676818+00:00,ENG01,cruise,5237,63.4,658.1,4.27,55.0,14.36,0.395,14.2,8.0,22.7,80.2,0.217
2026-08-29T08:59:04.676818+00:00,ENG01,cruise,5237,63.4,658.0,4.27,55.0,14.36,0.37,14.2,8.0,22.7,80.2,0.217
2026-08-29T08:59:05.676818+00:00,ENG01,cruise,5236,63.4,658.0,4.26,55.0,14.36,0.361,14.2,8.0,22.7,80.2,0.217
2026-08-29T08:59:06.676818+00:00,ENG01,cruise,5236,63.4,658.0,4.26,55.0,14.36,0.38,14.2,8.0,22.7,80.2,0.217
2026-08-29T08:59:07.676818+00:00,ENG01,cruise,5236,63.4,657.9,4.26,54.9,14.36,0.403,14.2,8.0,22.7,80.2,0.217
2026-08-29T08:59:08.676818+00:00,ENG01,cruise,5236,63.4,657.9,4.26,54.9,14.35,0.364,14.2,8.0,22.7,80.2,0.217
2026-08-29T08:59:09.676818+00:00,ENG01,cruise,5235,63.4,657.8,4.26,54.9,14.35,0.375,14.2,8.0,22.7,80.2,0.217
2026-08-29T08:59:10.676818+00:00,ENG01,cruise,5235,63.4,657.8,4.26,54.9,14.35,0.41,14.2,8.0,22.7,80.2,0.217
2026-08-29T08:59:11.676818+00:00,ENG01,cruise,5235,63.4,657.7,4.26,54.9,14.35,0.37,14.2,8.0,22.7,80.1,0.217
2026-08-29T08:59:12.676818+00:00,ENG01,cruise,5234,63.4,657.7,4.26,54.9,14.35,0.367,14.2,8.0,22.7,80.1,0.217
2026-08-29T08:59:13.676818+00:00,ENG01,cruise,5234,63.4,657.7,4.26,54.9,14.35,0.388,14.2,8.0,22.7,80.1,0.217
2026-08-29T08:59:14.676818+00:00,ENG01,cruise,5234,63.4,657.6,4.26,54.9,14.35,0.385,14.2,8.0,22.7,80.1,0.217
2026-08-29T08:59:15.676818+00:00,ENG01,cruise,5234,63.3,657.6,4.26,54.9,14.34,0.36,14.2,8.0,22.7,80.1,0.217
2026-08-29T08:59:16.676818+00:00,ENG01,cruise,5233,63.3,657.5,4.26,54.9,14.34,0.359,14.2,8.0,22.7,80.1,0.217
2026-08-29T08:59:17.676818+00:00,ENG01,cruise,5233,63.3,657.5,4.26,54.9,14.34,0.378,14.2,8.0,22.7,80.1,0.217
2026-08-29T08:59:18.676818+00:00,ENG01,cruise,5233,63.3,657.5,4.26,54.9,14.34,0.367,14.2,8.0,22.7,80.1,0.217
2026-08-29T08:59:19.676818+00:00,ENG01,cruise,5232,63.3,657.4,4.26,54.9,14.34,0.377,14.2,8.0,22.7,80.1,0.217
2026-08-29T08:59:20.676818+00:00,ENG01,cruise,5232,63.3,657.4,4.26,54.9,14.34,0.378,14.2,8.0,22.7,80.1,0.217
2026-08-29T08:59:21.676818+00:00,ENG01,cruise,5232,63.3,657.3,4.26,54.8,14.33,0.375,14.2,8.0,22.7,80.0,0.216
2026-08-29T08:59:22.676818+00:00,ENG01,cruise,5232,63.3,657.3,4.26,54.8,14.33,0.379,14.2,8.0,22.7,80.0,0.216
2026-08-29T08:59:23.676818+00:00,ENG01,cruise,5231,63.3,657.2,4.26,54.8,14.33,0.372,14.2,8.0,22.7,80.0,0.216
2026-08-29T08:59:24.676818+00:00,ENG01,cruise,5231,63.3,657.2,4.26,54.8,14.33,0.369,14.2,8.0,22.7,80.0,0.216
2026-08-29T08:59:25.676818+00:00,ENG01,cruise,5231,63.3,657.2,4.26,54.8,14.33,0.381,14.2,8.0,22.7,80.0,0.216
2026-08-29T08:59:26.676818+00:00,ENG01,cruise,5231,63.3,657.1,4.26,54.8,14.33,0.379,14.2,8.0,22.7,80.0,0.216
2026-08-29T08:59:27.676818+00:00,ENG01,cruise,5230,63.3,657.1,4.26,54.8,14.33,0.365,14.2,8.0,22.7,80.0,0.216
2026-08-29T08:59:28.676818+00:00,ENG01,cruise,5230,63.2,657.0,4.26,54.8,14.32,0.364,14.2,8.0,22.7,80.0,0.216
2026-08-29T08:59:29.676818+00:00,ENG01,cruise,5230,63.2,657.0,4.26,54.8,14.32,0.379,14.2,8.0,22.7,80.0,0.216
2026-08-29T08:59:30.676818+00:00,ENG01,cruise,5229,63.2,657.0,4.26,54.8,14.32,0.366,14.2,8.0,22.7,80.0,0.216
2026-08-29T08:59:31.676818+00:00,ENG01,cruise,5229,63.2,656.9,4.26,54.8,14.32,0.388,14.2,8.0,22.7,79.9,0.216
2026-08-29T08:59:32.676818+00:00,ENG01,cruise,5229,63.2,656.9,4.26,54.8,14.32,0.373,14.2,8.0,22.7,79.9,0.216
2026-08-29T08:59:33.676818+00:00,ENG01,cruise,5229,63.2,656.8,4.25,54.8,14.32,0.39,14.2,8.0,22.7,79.9,0.216
2026-08-29T08:59:34.676818+00:00,ENG01,cruise,5228,63.2,656.8,4.25,54.8,14.31,0.378,14.2,8.0,22.7,79.9,0.216
2026-08-29T08:59:35.676818+00:00,ENG01,cruise,5228,63.2,656.8,4.25,54.7,14.31,0.371,14.2,8.0,22.7,79.9,0.216
2026-08-29T08:59:36.676818+00:00,ENG01,cruise,5228,63.2,656.7,4.25,54.7,14.31,0.368,14.2,8.0,22.7,79.9,0.216
2026-08-29T08:59:37.676818+00:00,ENG01,cruise,5228,63.2,656.7,4.25,54.7,14.31,0.369,14.2,8.0,22.7,79.9,0.216
2026-08-29T08:59:38.676818+00:00,ENG01,cruise,5227,63.2,656.6,4.25,54.7,14.31,0.375,14.2,8.0,22.7,79.9,0.216
2026-08-29T08:59:39.676818+00:00,ENG01,cruise,5227,63.2,656.6,4.25,54.7,14.31,0.384,14.2,8.0,22.7,79.9,0.216
2026-08-29T08:59:40.676818+00:00,ENG01,cruise,5227,63.2,656.5,4.25,54.7,14.31,0.36,14.2,8.0,22.7,79.9,0.216
2026-08-29T08:59:41.676818+00:00,ENG01,cruise,5226,63.2,656.5,4.25,54.7,14.3,0.365,14.2,8.0,22.7,79.8,0.216
2026-08-29T08:59:42.676818+00:00,ENG01,cruise,5226,63.1,656.5,4.25,54.7,14.3,0.38,14.2,8.0,22.7,79.8,0.216
2026-08-29T08:59:43.676818+00:00,ENG01,cruise,5226,63.1,656.4,4.25,54.7,14.3,0.359,14.2,8.0,22.7,79.8,0.216
2026-08-29T08:59:44.676818+00:00,ENG01,cruise,5226,63.1,656.4,4.25,54.7,14.3,0.377,14.2,8.0,22.7,79.8,0.216
2026-08-29T08:59:45.676818+00:00,ENG01,cruise,5225,63.1,656.3,4.25,54.7,14.3,0.371,14.2,8.0,22.7,79.8,0.216
2026-08-29T08:59:46.676818+00:00,ENG01,cruise,5225,63.1,656.3,4.25,54.7,14.3,0.384,14.2,8.0,22.7,79.8,0.216
2026-08-29T08:59:47.676818+00:00,ENG01,cruise,5225,63.1,656.3,4.25,54.7,14.29,0.372,14.2,8.0,22.7,79.8,0.216
2026-08-29T08:59:48.676818+00:00,ENG01,cruise,5224,63.1,656.2,4.25,54.7,14.29,0.391,14.2,8.0,22.7,79.8,0.216
2026-08-29T08:59:49.676818+00:00,ENG01,cruise,5224,63.1,656.2,4.25,54.6,14.29,0.367,14.2,8.0,22.7,79.8,0.216
2026-08-29T08:59:50.676818+00:00,ENG01,cruise,5224,63.1,656.1,4.25,54.6,14.29,0.384,14.2,8.0,22.7,79.8,0.215
2026-08-29T08:59:51.676818+00:00,ENG01,cruise,5224,63.1,656.1,4.25,54.6,14.29,0.39,14.2,8.0,22.7,79.8,0.215
2026-08-29T08:59:52.676818+00:00,ENG01,cruise,5223,63.1,656.0,4.25,54.6,14.29,0.385,14.2,8.0,22.7,79.7,0.215
2026-08-29T08:59:53.676818+00:00,ENG01,cruise,5223,63.1,656.0,4.25,54.6,14.29,0.364,14.2,8.0,22.7,79.7,0.215
2026-08-29T08:59:54.676818+00:00,ENG01,cruise,5223,63.1,656.0,4.25,54.6,14.28,0.387,14.2,8.0,22.7,79.7,0.215
2026-08-29T08:59:55.676818+00:00,ENG01,cruise,5222,63.0,655.9,4.25,54.6,14.28,0.375,14.2,8.0,22.7,79.7,0.215
2026-08-29T08:59:56.676818+00:00,ENG01,cruise,5222,63.0,655.9,4.25,54.6,14.28,0.367,14.2,8.0,22.7,79.7,0.215
2026-08-29T08:59:57.676818+00:00,ENG01,cruise,5222,63.0,655.8,4.25,54.6,14.28,0.373,14.2,8.0,22.7,79.7,0.215
2026-08-29T08:59:58.676818+00:00,ENG01,cruise,5222,63.0,655.8,4.25,54.6,14.28,0.361,14.2,8.0,22.7,79.7,0.215
2026-08-29T08:59:59.676818+00:00,ENG01,cruise,5221,63.0,655.8,4.25,54.6,14.28,0.362,14.2,8.0,22.7,79.7,0.215
2026-08-29T09:00:00.676818+00:00,ENG01,cruise,5221,63.0,655.7,4.24,54.6,14.27,0.387,14.2,8.0,22.7,79.7,0.215
2026-08-29T09:00:01.676818+00:00,ENG01,cruise,5221,63.0,655.7,4.24,54.6,14.27,0.36,14.2,8.0,22.7,79.7,0.215
2026-08-29T09:00:02.676818+00:00,ENG01,cruise,5221,63.0,655.6,4.24,54.6,14.27,0.384,14.2,8.0,22.7,79.6,0.215
2026-08-29T09:00:03.676818+00:00,ENG01,cruise,5220,63.0,655.6,4.24,54.6,14.27,0.377,14.2,8.0,22.7,79.6,0.215
2026-08-29T09:00:04.676818+00:00,ENG01,cruise,5220,63.0,655.5,4.24,54.5,14.27,0.378,14.2,8.0,22.7,79.6,0.215
2026-08-29T09:00:05.676818+00:00,ENG01,cruise,5220,63.0,655.5,4.24,54.5,14.27,0.361,14.2,8.0,22.7,79.6,0.215
2026-08-29T09:00:06.676818+00:00,ENG01,cruise,5219,63.0,655.5,4.24,54.5,14.27,0.372,14.2,8.0,22.7,79.6,0.215
2026-08-29T09:00:07.676818+00:00,ENG01,cruise,5219,63.0,655.4,4.24,54.5,14.26,0.358,14.2,8.0,22.7,79.6,0.215
2026-08-29T09:00:08.676818+00:00,ENG01,cruise,5219,63.0,655.4,4.24,54.5,14.26,0.381,14.2,8.0,22.7,79.6,0.215
2026-08-29T09:00:09.676818+00:00,ENG01,cruise,5219,62.9,655.3,4.24,54.5,14.26,0.358,14.2,8.0,22.7,79.6,0.215
2026-08-29T09:00:10.676818+00:00,ENG01,cruise,5218,62.9,655.3,4.24,54.5,14.26,0.379,14.2,8.0,22.7,79.6,0.215
2026-08-29T09:00:11.676818+00:00,ENG01,cruise,5218,62.9,655.3,4.24,54.5,14.26,0.369,14.2,8.0,22.7,79.6,0.215
2026-08-29T09:00:12.676818+00:00,ENG01,cruise,5218,62.9,655.2,4.24,54.5,14.26,0.375,14.2,8.0,22.7,79.5,0.215
2026-08-29T09:00:13.676818+00:00,ENG01,cruise,5218,62.9,655.2,4.24,54.5,14.25,0.363,14.2,8.0,22.7,79.5,0.215
2026-08-29T09:00:14.676818+00:00,ENG01,cruise,5217,62.9,655.1,4.24,54.5,14.25,0.36,14.2,8.0,22.7,79.5,0.215
2026-08-29T09:00:15.676818+00:00,ENG01,cruise,5217,62.9,655.1,4.24,54.5,14.25,0.383,14.2,8.0,22.7,79.5,0.215
2026-08-29T09:00:16.676818+00:00,ENG01,cruise,5217,62.9,655.0,4.24,54.5,14.25,0.375,14.2,8.0,22.7,79.5,0.215
2026-08-29T09:00:17.676818+00:00,ENG01,cruise,5216,62.9,655.0,4.24,54.5,14.25,0.356,14.2,8.0,22.7,79.5,0.215
2026-08-29T09:00:18.676818+00:00,ENG01,cruise,5216,62.9,655.0,4.24,54.5,14.25,0.366,14.2,8.0,22.7,79.5,0.215
2026-08-29T09:00:19.676818+00:00,ENG01,cruise,5216,62.9,654.9,4.24,54.4,14.24,0.358,14.2,8.0,22.7,79.5,0.214
2026-08-29T09:00:20.676818+00:00,ENG01,cruise,5216,62.9,654.9,4.24,54.4,14.24,0.4,14.2,8.0,22.7,79.5,0.214
2026-08-29T09:00:21.676818+00:00,ENG01,cruise,5215,62.9,654.8,4.24,54.4,14.24,0.382,14.2,8.0,22.7,79.5,0.214
2026-08-29T09:00:22.676818+00:00,ENG01,cruise,5215,62.8,654.8,4.24,54.4,14.24,0.392,14.2,8.0,22.7,79.5,0.214
2026-08-29T09:00:23.676818+00:00,ENG01,cruise,5215,62.8,654.8,4.24,54.4,14.24,0.388,14.2,8.0,22.7,79.4,0.214
2026-08-29T09:00:24.676818+00:00,ENG01,cruise,5214,62.8,654.7,4.24,54.4,14.24,0.367,14.2,8.0,22.7,79.4,0.214
2026-08-29T09:00:25.676818+00:00,ENG01,cruise,5214,62.8,654.7,4.24,54.4,14.24,0.369,14.2,8.0,22.7,79.4,0.214
2026-08-29T09:00:26.676818+00:00,ENG01,cruise,5214,62.8,654.6,4.24,54.4,14.23,0.369,14.2,8.0,22.7,79.4,0.214
2026-08-29T09:00:27.676818+00:00,ENG01,cruise,5214,62.8,654.6,4.24,54.4,14.23,0.36,14.2,8.0,22.7,79.4,0.214
2026-08-29T09:00:28.676818+00:00,ENG01,cruise,5213,62.8,654.5,4.23,54.4,14.23,0.379,14.2,8.0,22.7,79.4,0.214
2026-08-29T09:00:29.676818+00:00,ENG01,cruise,5213,62.8,654.5,4.23,54.4,14.23,0.358,14.2,8.0,22.7,79.4,0.214
2026-08-29T09:00:30.676818+00:00,ENG01,cruise,5213,62.8,654.5,4.23,54.4,14.23,0.384,14.2,8.0,22.7,79.4,0.214
2026-08-29T09:00:31.676818+00:00,ENG01,cruise,5212,62.8,654.4,4.23,54.4,14.23,0.368,14.2,8.0,22.7,79.4,0.214
2026-08-29T09:00:32.676818+00:00,ENG01,cruise,5212,62.8,654.4,4.23,54.4,14.22,0.363,14.2,8.0,22.7,79.4,0.214
2026-08-29T09:00:33.676818+00:00,ENG01,cruise,5212,62.8,654.3,4.23,54.4,14.22,0.371,14.2,8.0,22.7,79.3,0.214
2026-08-29T09:00:34.676818+00:00,ENG01,cruise,5212,62.8,654.3,4.23,54.3,14.22,0.359,14.2,8.0,22.7,79.3,0.214
2026-08-29T09:00:35.676818+00:00,ENG01,cruise,5211,62.8,654.3,4.23,54.3,14.22,0.365,14.2,8.0,22.7,79.3,0.214
2026-08-29T09:00:36.676818+00:00,ENG01,cruise,5211,62.7,654.2,4.23,54.3,14.22,0.372,14.2,8.0,22.7,79.3,0.214
2026-08-29T09:00:37.676818+00:00,ENG01,cruise,5211,62.7,654.2,4.23,54.3,14.22,0.379,14.2,8.0,22.7,79.3,0.214
2026-08-29T09:00:38.676818+00:00,ENG01,cruise,5211,62.7,654.1,4.23,54.3,14.22,0.361,14.2,8.0,22.7,79.3,0.214
2026-08-29T09:00:39.676818+00:00,ENG01,cruise,5210,62.7,654.1,4.23,54.3,14.21,0.366,14.2,8.0,22.7,79.3,0.214
2026-08-29T09:00:40.676818+00:00,ENG01,cruise,5210,62.7,654.0,4.23,54.3,14.21,0.37,14.2,8.0,22.7,79.3,0.214
2026-08-29T09:00:41.676818+00:00,ENG01,cruise,5210,62.7,654.0,4.23,54.3,14.21,0.357,14.2,8.0,22.7,79.3,0.214
2026-08-29T09:00:42.676818+00:00,ENG01,cruise,5209,62.7,654.0,4.23,54.3,14.21,0.361,14.2,8.0,22.7,79.3,0.214
2026-08-29T09:00:43.676818+00:00,ENG01,cruise,5209,62.7,653.9,4.23,54.3,14.21,0.366,14.2,8.0,22.7,79.2,0.214
2026-08-29T09:00:44.676818+00:00,ENG01,cruise,5209,62.7,653.9,4.23,54.3,14.21,0.402,14.2,8.0,22.7,79.2,0.214
2026-08-29T09:00:45.676818+00:00,ENG01,cruise,5209,62.7,653.8,4.23,54.3,14.2,0.374,14.2,8.0,22.7,79.2,0.214
2026-08-29T09:00:46.676818+00:00,ENG01,cruise,5208,62.7,653.8,4.23,54.3,14.2,0.358,14.2,8.0,22.7,79.2,0.214
2026-08-29T09:00:47.676818+00:00,ENG01,cruise,5208,62.7,653.7,4.23,54.3,14.2,0.375,14.2,8.0,22.7,79.2,0.214
2026-08-29T09:00:48.676818+00:00,ENG01,cruise,5208,62.7,653.7,4.23,54.3,14.2,0.367,14.2,8.0,22.7,79.2,0.213
2026-08-29T09:00:49.676818+00:00,ENG01,cruise,5208,62.6,653.7,4.23,54.2,14.2,0.381,14.2,8.0,22.7,79.2,0.213
2026-08-29T09:00:50.676818+00:00,ENG01,cruise,5207,62.6,653.6,4.23,54.2,14.2,0.36,14.2,8.0,22.7,79.2,0.213
2026-08-29T09:00:51.676818+00:00,ENG01,cruise,5207,62.6,653.6,4.23,54.2,14.2,0.357,14.2,8.0,22.7,79.2,0.213
2026-08-29T09:00:52.676818+00:00,ENG01,cruise,5207,62.6,653.5,4.23,54.2,14.19,0.365,14.2,8.0,22.7,79.2,0.213
2026-08-29T09:00:53.676818+00:00,ENG01,cruise,5206,62.6,653.5,4.23,54.2,14.19,0.364,14.2,8.0,22.7,79.1,0.213
2026-08-29T09:00:54.676818+00:00,ENG01,cruise,5206,62.6,653.5,4.23,54.2,14.19,0.372,14.2,8.0,22.7,79.1,0.213
2026-08-29T09:00:55.676818+00:00,ENG01,cruise,5206,62.6,653.4,4.22,54.2,14.19,0.366,14.2,8.0,22.7,79.1,0.213
2026-08-29T09:00:56.676818+00:00,ENG01,cruise,5206,62.6,653.4,4.22,54.2,14.19,0.359,14.2,8.0,22.7,79.1,0.213
2026-08-29T09:00:57.676818+00:00,ENG01,cruise,5205,62.6,653.3,4.22,54.2,14.19,0.368,14.2,8.0,22.7,79.1,0.213
2026-08-29T09:00:58.676818+00:00,ENG01,cruise,5205,62.6,653.3,4.22,54.2,14.18,0.355,14.2,8.0,22.7,79.1,0.213
2026-08-29T09:00:59.676818+00:00,ENG01,cruise,5205,62.6,653.2,4.22,54.2,14.18,0.391,14.2,8.0,22.7,79.1,0.213
2026-08-29T09:01:00.676818+00:00,ENG01,cruise,5204,62.6,653.2,4.22,54.2,14.18,0.363,14.2,8.0,22.7,79.1,0.213
2026-08-29T09:01:01.676818+00:00,ENG01,cruise,5204,62.6,653.2,4.22,54.2,14.18,0.358,14.2,8.0,22.7,79.1,0.213
2026-08-29T09:01:02.676818+00:00,ENG01,cruise,5204,62.6,653.1,4.22,54.2,14.18,0.364,14.2,8.0,22.7,79.1,0.213
2026-08-29T09:01:03.676818+00:00,ENG01,cruise,5204,62.5,653.1,4.22,54.2,14.18,0.364,14.2,8.0,22.7,79.1,0.213
2026-08-29T09:01:04.676818+00:00,ENG01,cruise,5203,62.5,653.0,4.22,54.1,14.18,0.365,14.2,8.0,22.7,79.0,0.213
2026-08-29T09:01:05.676818+00:00,ENG01,cruise,5203,62.5,653.0,4.22,54.1,14.17,0.374,14.2,8.0,22.7,79.0,0.213
2026-08-29T09:01:06.676818+00:00,ENG01,cruise,5203,62.5,653.0,4.22,54.1,14.17,0.358,14.2,8.0,22.7,79.0,0.213
2026-08-29T09:01:07.676818+00:00,ENG01,cruise,5202,62.5,652.9,4.22,54.1,14.17,0.394,14.2,8.0,22.7,79.0,0.213
2026-08-29T09:01:08.676818+00:00,ENG01,cruise,5202,62.5,652.9,4.22,54.1,14.17,0.383,14.2,8.0,22.7,79.0,0.213
2026-08-29T09:01:09.676818+00:00,ENG01,cruise,5202,62.5,652.8,4.22,54.1,14.17,0.359,14.2,8.0,22.7,79.0,0.213
2026-08-29T09:01:10.676818+00:00,ENG01,cruise,5202,62.5,652.8,4.22,54.1,14.17,0.377,14.2,8.0,22.7,79.0,0.213
2026-08-29T09:01:11.676818+00:00,ENG01,cruise,5201,62.5,652.7,4.22,54.1,14.16,0.37,14.2,8.0,22.7,79.0,0.213
2026-08-29T09:01:12.676818+00:00,ENG01,cruise,5201,62.5,652.7,4.22,54.1,14.16,0.37,14.2,8.0,22.7,79.0,0.213
2026-08-29T09:01:13.676818+00:00,ENG01,cruise,5201,62.5,652.7,4.22,54.1,14.16,0.364,14.2,8.0,22.7,79.0,0.213
2026-08-29T09:01:14.676818+00:00,ENG01,cruise,5201,62.5,652.6,4.22,54.1,14.16,0.37,14.2,8.0,22.7,78.9,0.213
2026-08-29T09:01:15.676818+00:00,ENG01,cruise,5200,62.5,652.6,4.22,54.1,14.16,0.377,14.2,8.0,22.7,78.9,0.213
2026-08-29T09:01:16.676818+00:00,ENG01,cruise,5200,62.5,652.5,4.22,54.1,14.16,0.366,14.2,8.0,22.7,78.9,0.212
2026-08-29T09:01:17.676818+00:00,ENG01,cruise,5200,62.4,652.5,4.22,54.1,14.15,0.383,14.2,8.0,22.7,78.9,0.212
2026-08-29T09:01:18.676818+00:00,ENG01,cruise,5199,62.4,652.4,4.22,54.1,14.15,0.362,14.2,8.0,22.7,78.9,0.212
2026-08-29T09:01:19.676818+00:00,ENG01,cruise,5199,62.4,652.4,4.22,54.0,14.15,0.38,14.2,8.0,22.7,78.9,0.212
2026-08-29T09:01:20.676818+00:00,ENG01,cruise,5199,62.4,652.4,4.22,54.0,14.15,0.363,14.2,8.0,22.7,78.9,0.212
2026-08-29T09:01:21.676818+00:00,ENG01,cruise,5199,62.4,652.3,4.22,54.0,14.15,0.359,14.2,8.0,22.7,78.9,0.212
2026-08-29T09:01:22.676818+00:00,ENG01,cruise,5198,62.4,652.3,4.22,54.0,14.15,0.367,14.2,8.0,22.7,78.9,0.212
2026-08-29T09:01:23.676818+00:00,ENG01,cruise,5198,62.4,652.2,4.21,54.0,14.15,0.365,14.2,8.0,22.7,78.9,0.212
2026-08-29T09:01:24.676818+00:00,ENG01,cruise,5198,62.4,652.2,4.21,54.0,14.14,0.366,14.2,8.0,22.7,78.8,0.212
2026-08-29T09:01:25.676818+00:00,ENG01,cruise,5198,62.4,652.2,4.21,54.0,14.14,0.382,14.2,8.0,22.7,78.8,0.212
2026-08-29T09:01:26.676818+00:00,ENG01,cruise,5197,62.4,652.1,4.21,54.0,14.14,0.375,14.2,8.0,22.7,78.8,0.212
2026-08-29T09:01:27.676818+00:00,ENG01,cruise,5197,62.4,652.1,4.21,54.0,14.14,0.355,14.2,8.0,22.7,78.8,0.212
2026-08-29T09:01:28.676818+00:00,ENG01,cruise,5197,62.4,652.0,4.21,54.0,14.14,0.367,14.2,8.0,22.6,78.8,0.212
2026-08-29T09:01:29.676818+00:00,ENG01,cruise,5196,62.4,652.0,4.21,54.0,14.14,0.369,14.2,8.0,22.6,78.8,0.212
2026-08-29T09:01:30.676818+00:00,ENG01,cruise,5196,62.3,651.9,4.21,54.0,14.13,0.365,14.2,8.0,22.6,78.8,0.212
2026-08-29T09:01:31.676818+00:00,ENG01,cruise,5196,62.3,651.9,4.21,54.0,14.13,0.38,14.2,8.0,22.6,78.8,0.212
2026-08-29T09:01:32.676818+00:00,ENG01,cruise,5196,62.3,651.9,4.21,54.0,14.13,0.364,14.2,8.0,22.6,78.8,0.212
2026-08-29T09:01:33.676818+00:00,ENG01,cruise,5195,62.3,651.8,4.21,54.0,14.13,0.381,14.2,8.0,22.6,78.8,0.212
2026-08-29T09:01:34.676818+00:00,ENG01,cruise,5195,62.3,651.8,4.21,54.0,14.13,0.379,14.2,8.0,22.6,78.7,0.212
2026-08-29T09:01:35.676818+00:00,ENG01,cruise,5195,62.3,651.7,4.21,53.9,14.13,0.354,14.2,8.0,22.6,78.7,0.212
2026-08-29T09:01:36.676818+00:00,ENG01,cruise,5194,62.3,651.7,4.21,53.9,14.13,0.364,14.2,8.0,22.6,78.7,0.212
2026-08-29T09:01:37.676818+00:00,ENG01,cruise,5194,62.3,651.6,4.21,53.9,14.12,0.354,14.2,8.0,22.6,78.7,0.212
2026-08-29T09:01:38.676818+00:00,ENG01,cruise,5194,62.3,651.6,4.21,53.9,14.12,0.362,14.2,8.0,22.6,78.7,0.212
2026-08-29T09:01:39.676818+00:00,ENG01,cruise,5194,62.3,651.6,4.21,53.9,14.12,0.373,14.2,8.0,22.6,78.7,0.212
2026-08-29T09:01:40.676818+00:00,ENG01,cruise,5193,62.3,651.5,4.21,53.9,14.12,0.371,14.2,8.0,22.6,78.7,0.212
2026-08-29T09:01:41.676818+00:00,ENG01,cruise,5193,62.3,651.5,4.21,53.9,14.12,0.36,14.2,8.0,22.6,78.7,0.212
2026-08-29T09:01:42.676818+00:00,ENG01,cruise,5193,62.3,651.4,4.21,53.9,14.12,0.364,14.2,8.0,22.6,78.7,0.212
2026-08-29T09:01:43.676818+00:00,ENG01,cruise,5192,62.3,651.4,4.21,53.9,14.11,0.354,14.2,8.0,22.6,78.7,0.212
2026-08-29T09:01:44.676818+00:00,ENG01,cruise,5192,62.2,651.4,4.21,53.9,14.11,0.374,14.2,8.0,22.6,78.7,0.212
2026-08-29T09:01:45.676818+00:00,ENG01,cruise,5192,62.2,651.3,4.21,53.9,14.11,0.4,14.2,8.0,22.6,78.6,0.211
2026-08-29T09:01:46.676818+00:00,ENG01,cruise,5192,62.2,651.3,4.21,53.9,14.11,0.376,14.2,8.0,22.6,78.6,0.211
2026-08-29T09:01:47.676818+00:00,ENG01,cruise,5191,62.2,651.2,4.21,53.9,14.11,0.354,14.2,8.0,22.6,78.6,0.211
2026-08-29T09:01:48.676818+00:00,ENG01,cruise,5191,62.2,651.2,4.21,53.9,14.11,0.361,14.2,8.0,22.6,78.6,0.211
2026-08-29T09:01:49.676818+00:00,ENG01,cruise,5191,62.2,651.1,4.21,53.9,14.11,0.372,14.2,8.0,22.6,78.6,0.211
2026-08-29T09:01:50.676818+00:00,ENG01,cruise,5191,62.2,651.1,4.21,53.8,14.1,0.365,14.2,8.0,22.6,78.6,0.211
2026-08-29T09:01:51.676818+00:00,ENG01,cruise,5190,62.2,651.1,4.2,53.8,14.1,0.372,14.2,8.0,22.6,78.6,0.211
2026-08-29T09:01:52.676818+00:00,ENG01,cruise,5190,62.2,651.0,4.2,53.8,14.1,0.357,14.2,8.0,22.6,78.6,0.211
2026-08-29T09:01:53.676818+00:00,ENG01,cruise,5190,62.2,651.0,4.2,53.8,14.1,0.355,14.2,8.0,22.6,78.6,0.211
2026-08-29T09:01:54.676818+00:00,ENG01,cruise,5189,62.2,650.9,4.2,53.8,14.1,0.354,14.2,8.0,22.6,78.6,0.211
2026-08-29T09:01:55.676818+00:00,ENG01,cruise,5189,62.2,650.9,4.2,53.8,14.1,0.369,14.2,8.0,22.6,78.5,0.211
2026-08-29T09:01:56.676818+00:00,ENG01,cruise,5189,62.2,650.8,4.2,53.8,14.09,0.357,14.2,8.0,22.6,78.5,0.211
2026-08-29T09:01:57.676818+00:00,ENG01,cruise,5189,62.1,650.8,4.2,53.8,14.09,0.377,14.2,8.0,22.6,78.5,0.211
2026-08-29T09:01:58.676818+00:00,ENG01,cruise,5188,62.1,650.8,4.2,53.8,14.09,0.364,14.2,8.0,22.6,78.5,0.211
2026-08-29T09:01:59.676818+00:00,ENG01,cruise,5188,62.1,650.7,4.2,53.8,14.09,0.372,14.2,8.0,22.6,78.5,0.211
2026-08-29T09:02:00.676818+00:00,ENG01,cruise,5188,62.1,650.7,4.2,53.8,14.09,0.354,14.2,8.0,22.6,78.5,0.211
2026-08-29T09:02:01.676818+00:00,ENG01,cruise,5188,62.1,650.6,4.2,53.8,14.09,0.387,14.2,8.0,22.6,78.5,0.211
2026-08-29T09:02:02.676818+00:00,ENG01,cruise,5187,62.1,650.6,4.2,53.8,14.08,0.362,14.2,8.0,22.6,78.5,0.211
2026-08-29T09:02:03.676818+00:00,ENG01,cruise,5187,62.1,650.6,4.2,53.8,14.08,0.356,14.2,8.0,22.6,78.5,0.211
2026-08-29T09:02:04.676818+00:00,ENG01,cruise,5187,62.1,650.5,4.2,53.8,14.08,0.378,14.2,8.0,22.6,78.5,0.211
2026-08-29T09:02:05.676818+00:00,ENG01,cruise,5186,62.1,650.5,4.2,53.8,14.08,0.375,14.2,8.0,22.6,78.4,0.211
2026-08-29T09:02:06.676818+00:00,ENG01,cruise,5186,62.1,650.4,4.2,53.7,14.08,0.361,14.2,8.0,22.6,78.4,0.211
2026-08-29T09:02:07.676818+00:00,ENG01,cruise,5186,62.1,650.4,4.2,53.7,14.08,0.369,14.2,8.0,22.6,78.4,0.211
2026-08-29T09:02:08.676818+00:00,ENG01,cruise,5186,62.1,650.3,4.2,53.7,14.08,0.355,14.2,8.0,22.6,78.4,0.211
2026-08-29T09:02:09.676818+00:00,ENG01,cruise,5185,62.1,650.3,4.2,53.7,14.07,0.358,14.2,8.0,22.6,78.4,0.211
2026-08-29T09:02:10.676818+00:00,ENG01,cruise,5185,62.1,650.3,4.2,53.7,14.07,0.357,14.2,8.0,22.6,78.4,0.211
2026-08-29T09:02:11.676818+00:00,ENG01,cruise,5185,62.0,650.2,4.2,53.7,14.07,0.377,14.2,8.0,22.6,78.4,0.211
2026-08-29T09:02:12.676818+00:00,ENG01,cruise,5184,62.0,650.2,4.2,53.7,14.07,0.361,14.2,8.0,22.6,78.4,0.211
2026-08-29T09:02:13.676818+00:00,ENG01,cruise,5184,62.0,650.1,4.2,53.7,14.07,0.353,14.2,8.0,22.6,78.4,0.211
2026-08-29T09:02:14.676818+00:00,ENG01,cruise,5184,62.0,650.1,4.2,53.7,14.07,0.368,14.2,8.0,22.6,78.4,0.21
2026-08-29T09:02:15.676818+00:00,ENG01,cruise,5184,62.0,650.0,4.2,53.7,14.06,0.381,14.2,8.0,22.6,78.3,0.21
2026-08-29T09:02:16.676818+00:00,ENG01,cruise,5183,62.0,650.0,4.2,53.7,14.06,0.375,14.2,8.0,22.6,78.3,0.21
2026-08-29T09:02:17.676818+00:00,ENG01,cruise,5183,62.0,650.0,4.2,53.7,14.06,0.425,14.2,8.0,22.6,78.3,0.21
2026-08-29T09:02:18.676818+00:00,ENG01,cruise,5183,62.0,649.9,4.19,53.7,14.06,0.37,14.2,8.0,22.6,78.3,0.21
2026-08-29T09:02:19.676818+00:00,ENG01,cruise,5182,62.0,649.9,4.19,53.7,14.06,0.358,14.2,8.0,22.6,78.3,0.21
2026-08-29T09:02:20.676818+00:00,ENG01,cruise,5182,62.0,649.8,4.19,53.7,14.06,0.361,14.2,8.0,22.6,78.3,0.21
2026-08-29T09:02:21.676818+00:00,ENG01,cruise,5182,62.0,649.8,4.19,53.7,14.06,0.371,14.2,8.0,22.6,78.3,0.21
2026-08-29T09:02:22.676818+00:00,ENG01,cruise,5182,62.0,649.8,4.19,53.6,14.05,0.386,14.2,8.0,22.6,78.3,0.21
2026-08-29T09:02:23.676818+00:00,ENG01,cruise,5181,62.0,649.7,4.19,53.6,14.05,0.353,14.2,8.0,22.6,78.3,0.21
2026-08-29T09:02:24.676818+00:00,ENG01,cruise,5181,61.9,649.7,4.19,53.6,14.05,0.355,14.2,8.0,22.6,78.3,0.21
2026-08-29T09:02:25.676818+00:00,ENG01,cruise,5181,61.9,649.6,4.19,53.6,14.05,0.388,14.2,8.0,22.6,78.3,0.21
2026-08-29T09:02:26.676818+00:00,ENG01,cruise,5181,61.9,649.6,4.19,53.6,14.05,0.367,14.2,8.0,22.6,78.2,0.21
2026-08-29T09:02:27.676818+00:00,ENG01,cruise,5180,61.9,649.5,4.19,53.6,14.05,0.361,14.2,8.0,22.6,78.2,0.21
2026-08-29T09:02:28.676818+00:00,ENG01,cruise,5180,61.9,649.5,4.19,53.6,14.04,0.359,14.2,8.0,22.6,78.2,0.21
2026-08-29T09:02:29.676818+00:00,ENG01,cruise,5180,61.9,649.5,4.19,53.6,14.04,0.379,14.2,8.0,22.6,78.2,0.21
2026-08-29T09:02:30.676818+00:00,ENG01,cruise,5179,61.9,649.4,4.19,53.6,14.04,0.357,14.2,8.0,22.6,78.2,0.21
2026-08-29T09:02:31.676818+00:00,ENG01,cruise,5179,61.9,649.4,4.19,53.6,14.04,0.361,14.2,8.0,22.6,78.2,0.21
2026-08-29T09:02:32.676818+00:00,ENG01,cruise,5179,61.9,649.3,4.19,53.6,14.04,0.355,14.2,8.0,22.6,78.2,0.21
2026-08-29T09:02:33.676818+00:00,ENG01,cruise,5179,61.9,649.3,4.19,53.6,14.04,0.365,14.2,8.0,22.6,78.2,0.21
2026-08-29T09:02:34.676818+00:00,ENG01,cruise,5178,61.9,649.2,4.19,53.6,14.03,0.369,14.2,8.0,22.6,78.2,0.21
2026-08-29T09:02:35.676818+00:00,ENG01,cruise,5178,61.9,649.2,4.19,53.6,14.03,0.358,14.2,8.0,22.6,78.2,0.21
2026-08-29T09:02:36.676818+00:00,ENG01,cruise,5178,61.9,649.2,4.19,53.6,14.03,0.356,14.2,8.0,22.6,78.1,0.21
2026-08-29T09:02:37.676818+00:00,ENG01,cruise,5178,61.9,649.1,4.19,53.6,14.03,0.376,14.2,8.0,22.6,78.1,0.21
2026-08-29T09:02:38.676818+00:00,ENG01,cruise,5177,61.8,649.1,4.19,53.5,14.03,0.365,14.2,8.0,22.6,78.1,0.21
2026-08-29T09:02:39.676818+00:00,ENG01,cruise,5177,61.8,649.0,4.19,53.5,14.03,0.379,14.2,8.0,22.6,78.1,0.21
2026-08-29T09:02:40.676818+00:00,ENG01,cruise,5177,61.8,649.0,4.19,53.5,14.03,0.355,14.2,8.0,22.6,78.1,0.21
2026-08-29T09:02:41.676818+00:00,ENG01,cruise,5176,61.8,648.9,4.19,53.5,14.02,0.366,14.2,8.0,22.6,78.1,0.21
2026-08-29T09:02:42.676818+00:00,ENG01,cruise,5176,61.8,648.9,4.19,53.5,14.02,0.388,14.2,8.0,22.6,78.1,0.21
2026-08-29T09:02:43.676818+00:00,ENG01,cruise,5176,61.8,648.9,4.19,53.5,14.02,0.396,14.2,8.0,22.6,78.1,0.209
2026-08-29T09:02:44.676818+00:00,ENG01,cruise,5176,61.8,648.8,4.19,53.5,14.02,0.355,14.2,8.0,22.6,78.1,0.209
2026-08-29T09:02:45.676818+00:00,ENG01,cruise,5175,61.8,648.8,4.19,53.5,14.02,0.359,14.2,8.0,22.6,78.1,0.209
2026-08-29T09:02:46.676818+00:00,ENG01,cruise,5175,61.8,648.7,4.18,53.5,14.02,0.385,14.2,8.0,22.6,78.0,0.209
2026-08-29T09:02:47.676818+00:00,ENG01,cruise,5175,61.8,648.7,4.18,53.5,14.01,0.359,14.2,8.0,22.6,78.0,0.209
2026-08-29T09:02:48.676818+00:00,ENG01,cruise,5174,61.8,648.7,4.18,53.5,14.01,0.405,14.2,8.0,22.6,78.0,0.209
2026-08-29T09:02:49.676818+00:00,ENG01,cruise,5174,61.8,648.6,4.18,53.5,14.01,0.381,14.2,8.0,22.6,78.0,0.209
2026-08-29T09:02:50.676818+00:00,ENG01,cruise,5174,61.8,648.6,4.18,53.5,14.01,0.358,14.2,8.0,22.6,78.0,0.209
2026-08-29T09:02:51.676818+00:00,ENG01,cruise,5174,61.7,648.5,4.18,53.5,14.01,0.358,14.2,8.0,22.6,78.0,0.209
2026-08-29T09:02:52.676818+00:00,ENG01,cruise,5173,61.7,648.5,4.18,53.5,14.01,0.361,14.2,8.0,22.6,78.0,0.209
2026-08-29T09:02:53.676818+00:00,ENG01,cruise,5173,61.7,648.4,4.18,53.5,14.0,0.362,14.2,8.0,22.6,78.0,0.209
2026-08-29T09:02:54.676818+00:00,ENG01,cruise,5173,61.7,648.4,4.18,53.4,14.0,0.36,14.2,8.0,22.6,78.0,0.209
2026-08-29T09:02:55.676818+00:00,ENG01,cruise,5172,61.7,648.4,4.18,53.4,14.0,0.387,14.2,8.0,22.6,78.0,0.209
2026-08-29T09:02:56.676818+00:00,ENG01,cruise,5172,61.7,648.3,4.18,53.4,14.0,0.353,14.2,8.0,22.6,78.0,0.209
2026-08-29T09:02:57.676818+00:00,ENG01,cruise,5172,61.7,648.3,4.18,53.4,14.0,0.381,14.2,8.0,22.6,77.9,0.209
2026-08-29T09:02:58.676818+00:00,ENG01,cruise,5172,61.7,648.2,4.18,53.4,14.0,0.377,14.2,8.0,22.6,77.9,0.209
2026-08-29T09:02:59.676818+00:00,ENG01,cruise,5171,61.7,648.2,4.18,53.4,14.0,0.352,14.2,8.0,22.6,77.9,0.209
2026-08-29T09:03:00.676818+00:00,ENG01,cruise,5171,61.7,648.1,4.18,53.4,13.99,0.353,14.2,8.0,22.6,77.9,0.209
2026-08-29T09:03:01.676818+00:00,ENG01,cruise,5171,61.7,648.1,4.18,53.4,13.99,0.371,14.2,8.0,22.6,77.9,0.209
2026-08-29T09:03:02.676818+00:00,ENG01,cruise,5171,61.7,648.1,4.18,53.4,13.99,0.377,14.2,8.0,22.6,77.9,0.209
2026-08-29T09:03:03.676818+00:00,ENG01,cruise,5170,61.7,648.0,4.18,53.4,13.99,0.359,14.2,8.0,22.6,77.9,0.209
2026-08-29T09:03:04.676818+00:00,ENG01,cruise,5170,61.6,648.0,4.18,53.4,13.99,0.357,14.2,8.0,22.6,77.9,0.209
2026-08-29T09:03:05.676818+00:00,ENG01,cruise,5170,61.6,647.9,4.18,53.4,13.99,0.356,14.2,8.0,22.6,77.9,0.209
2026-08-29T09:03:06.676818+00:00,ENG01,cruise,5169,61.6,647.9,4.18,53.4,13.98,0.366,14.2,8.0,22.6,77.9,0.209
2026-08-29T09:03:07.676818+00:00,ENG01,cruise,5169,61.6,647.8,4.18,53.4,13.98,0.352,14.2,8.0,22.6,77.8,0.209
2026-08-29T09:03:08.676818+00:00,ENG01,cruise,5169,61.6,647.8,4.18,53.4,13.98,0.368,14.2,8.0,22.6,77.8,0.209
2026-08-29T09:03:09.676818+00:00,ENG01,cruise,5169,61.6,647.8,4.18,53.4,13.98,0.358,14.2,8.0,22.6,77.8,0.209
2026-08-29T09:03:10.676818+00:00,ENG01,cruise,5168,61.6,647.7,4.18,53.4,13.98,0.367,14.2,8.0,22.6,77.8,0.209
2026-08-29T09:03:11.676818+00:00,ENG01,cruise,5168,61.6,647.7,4.18,53.3,13.98,0.356,14.2,8.0,22.6,77.8,0.209
2026-08-29T09:03:12.676818+00:00,ENG01,cruise,5168,61.6,647.6,4.18,53.3,13.98,0.385,14.2,8.0,22.6,77.8,0.208
2026-08-29T09:03:13.676818+00:00,ENG01,cruise,5168,61.6,647.6,4.17,53.3,13.97,0.351,14.2,8.0,22.6,77.8,0.208
2026-08-29T09:03:14.676818+00:00,ENG01,cruise,5167,61.6,647.5,4.17,53.3,13.97,0.353,14.2,8.0,22.6,77.8,0.208
2026-08-29T09:03:15.676818+00:00,ENG01,cruise,5167,61.6,647.5,4.17,53.3,13.97,0.382,14.2,8.0,22.6,77.8,0.208
2026-08-29T09:03:16.676818+00:00,ENG01,cruise,5167,61.6,647.5,4.17,53.3,13.97,0.378,14.2,8.0,22.6,77.8,0.208
2026-08-29T09:03:17.676818+00:00,ENG01,cruise,5166,61.6,647.4,4.17,53.3,13.97,0.357,14.2,8.0,22.6,77.7,0.208
2026-08-29T09:03:18.676818+00:00,ENG01,cruise,5166,61.5,647.4,4.17,53.3,13.97,0.354,14.2,8.0,22.6,77.7,0.208
2026-08-29T09:03:19.676818+00:00,ENG01,cruise,5166,61.5,647.3,4.17,53.3,13.96,0.355,14.2,8.0,22.6,77.7,0.208
2026-08-29T09:03:20.676818+00:00,ENG01,cruise,5166,61.5,647.3,4.17,53.3,13.96,0.363,14.2,8.0,22.6,77.7,0.208
2026-08-29T09:03:21.676818+00:00,ENG01,cruise,5165,61.5,647.2,4.17,53.3,13.96,0.353,14.2,8.0,22.6,77.7,0.208
2026-08-29T09:03:22.676818+00:00,ENG01,cruise,5165,61.5,647.2,4.17,53.3,13.96,0.362,14.2,8.0,22.6,77.7,0.208
2026-08-29T09:03:23.676818+00:00,ENG01,cruise,5165,61.5,647.2,4.17,53.3,13.96,0.356,14.2,8.0,22.6,77.7,0.208
2026-08-29T09:03:24.676818+00:00,ENG01,cruise,5164,61.5,647.1,4.17,53.3,13.96,0.354,14.2,8.0,22.6,77.7,0.208
2026-08-29T09:03:25.676818+00:00,ENG01,cruise,5164,61.5,647.1,4.17,53.3,13.95,0.387,14.2,8.0,22.6,77.7,0.208
2026-08-29T09:03:26.676818+00:00,ENG01,cruise,5164,61.5,647.0,4.17,53.3,13.95,0.363,14.2,8.0,22.6,77.7,0.208
2026-08-29T09:03:27.676818+00:00,ENG01,cruise,5164,61.5,647.0,4.17,53.2,13.95,0.372,14.2,8.0,22.6,77.6,0.208
2026-08-29T09:03:28.676818+00:00,ENG01,cruise,5163,61.5,647.0,4.17,53.2,13.95,0.371,14.2,8.0,22.6,77.6,0.208
2026-08-29T09:03:29.676818+00:00,ENG01,cruise,5163,61.5,646.9,4.17,53.2,13.95,0.359,14.2,8.0,22.6,77.6,0.208
2026-08-29T09:03:30.676818+00:00,ENG01,cruise,5163,61.5,646.9,4.17,53.2,13.95,0.366,14.2,8.0,22.6,77.6,0.208
2026-08-29T09:03:31.676818+00:00,ENG01,cruise,5162,61.4,646.8,4.17,53.2,13.95,0.375,14.2,8.0,22.6,77.6,0.208
2026-08-29T09:03:32.676818+00:00,ENG01,cruise,5162,61.4,646.8,4.17,53.2,13.94,0.358,14.2,8.0,22.6,77.6,0.208
2026-08-29T09:03:33.676818+00:00,ENG01,cruise,5162,61.4,646.7,4.17,53.2,13.94,0.352,14.2,8.0,22.6,77.6,0.208
2026-08-29T09:03:34.676818+00:00,ENG01,cruise,5162,61.4,646.7,4.17,53.2,13.94,0.354,14.2,8.0,22.6,77.6,0.208
2026-08-29T09:03:35.676818+00:00,ENG01,cruise,5161,61.4,646.7,4.17,53.2,13.94,0.371,14.2,8.0,22.6,77.6,0.208
2026-08-29T09:03:36.676818+00:00,ENG01,cruise,5161,61.4,646.6,4.17,53.2,13.94,0.377,14.2,8.0,22.6,77.6,0.208
2026-08-29T09:03:37.676818+00:00,ENG01,cruise,5161,61.4,646.6,4.17,53.2,13.94,0.377,14.2,8.0,22.6,77.6,0.208
2026-08-29T09:03:38.676818+00:00,ENG01,cruise,5161,61.4,646.5,4.17,53.2,13.93,0.35,14.2,8.0,22.6,77.5,0.208
2026-08-29T09:03:39.676818+00:00,ENG01,cruise,5160,61.4,646.5,4.17,53.2,13.93,0.349,14.2,8.0,22.6,77.5,0.208
2026-08-29T09:03:40.676818+00:00,ENG01,cruise,5160,61.4,646.4,4.17,53.2,13.93,0.362,14.2,8.0,22.6,77.5,0.207
2026-08-29T09:03:41.676818+00:00,ENG01,cruise,5160,61.4,646.4,4.16,53.2,13.93,0.352,14.2,8.0,22.6,77.5,0.207
2026-08-29T09:03:42.676818+00:00,ENG01,cruise,5159,61.4,646.4,4.16,53.2,13.93,0.353,14.2,8.0,22.6,77.5,0.207
2026-08-29T09:03:43.676818+00:00,ENG01,cruise,5159,61.4,646.3,4.16,53.2,13.93,0.359,14.2,8.0,22.6,77.5,0.207
2026-08-29T09:03:44.676818+00:00,ENG01,cruise,5159,61.4,646.3,4.16,53.1,13.92,0.356,14.2,8.0,22.6,77.5,0.207
2026-08-29T09:03:45.676818+00:00,ENG01,cruise,5159,61.3,646.2,4.16,53.1,13.92,0.358,14.2,8.0,22.6,77.5,0.207
2026-08-29T09:03:46.676818+00:00,ENG01,cruise,5158,61.3,646.2,4.16,53.1,13.92,0.363,14.2,8.0,22.6,77.5,0.207
2026-08-29T09:03:47.676818+00:00,ENG01,cruise,5158,61.3,646.1,4.16,53.1,13.92,0.355,14.2,8.0,22.6,77.5,0.207
2026-08-29T09:03:48.676818+00:00,ENG01,cruise,5158,61.3,646.1,4.16,53.1,13.92,0.357,14.2,8.0,22.6,77.4,0.207
2026-08-29T09:03:49.676818+00:00,ENG01,cruise,5158,61.3,646.1,4.16,53.1,13.92,0.361,14.2,8.0,22.6,77.4,0.207
2026-08-29T09:03:50.676818+00:00,ENG01,cruise,5157,61.3,646.0,4.16,53.1,13.92,0.379,14.2,8.0,22.6,77.4,0.207
2026-08-29T09:03:51.676818+00:00,ENG01,cruise,5157,61.3,646.0,4.16,53.1,13.91,0.38,14.2,8.0,22.6,77.4,0.207
2026-08-29T09:03:52.676818+00:00,ENG01,cruise,5157,61.3,645.9,4.16,53.1,13.91,0.359,14.2,8.0,22.6,77.4,0.207
2026-08-29T09:03:53.676818+00:00,ENG01,cruise,5156,61.3,645.9,4.16,53.1,13.91,0.366,14.2,8.0,22.6,77.4,0.207
2026-08-29T09:03:54.676818+00:00,ENG01,cruise,5156,61.3,645.8,4.16,53.1,13.91,0.359,14.2,8.0,22.6,77.4,0.207
2026-08-29T09:03:55.676818+00:00,ENG01,cruise,5156,61.3,645.8,4.16,53.1,13.91,0.378,14.2,8.0,22.6,77.4,0.207
2026-08-29T09:03:56.676818+00:00,ENG01,cruise,5156,61.3,645.8,4.16,53.1,13.91,0.351,14.2,8.0,22.6,77.4,0.207
2026-08-29T09:03:57.676818+00:00,ENG01,cruise,5155,61.3,645.7,4.16,53.1,13.9,0.377,14.2,8.0,22.6,77.4,0.207
2026-08-29T09:03:58.676818+00:00,ENG01,cruise,5155,61.2,645.7,4.16,53.1,13.9,0.349,14.2,8.0,22.6,77.3,0.207
2026-08-29T09:03:59.676818+00:00,ENG01,cruise,5155,61.2,645.6,4.16,53.1,13.9,0.349,14.2,8.0,22.6,77.3,0.207
2026-08-29T09:04:00.676818+00:00,ENG01,cruise,5154,61.2,645.6,4.16,53.0,13.9,0.359,14.2,8.0,22.6,77.3,0.207
2026-08-29T09:04:01.676818+00:00,ENG01,cruise,5154,61.2,645.5,4.16,53.0,13.9,0.35,14.2,8.0,22.6,77.3,0.207
2026-08-29T09:04:02.676818+00:00,ENG01,cruise,5154,61.2,645.5,4.16,53.0,13.9,0.353,14.2,8.0,22.6,77.3,0.207
2026-08-29T09:04:03.676818+00:00,ENG01,cruise,5154,61.2,645.5,4.16,53.0,13.89,0.378,14.2,8.0,22.6,77.3,0.207
2026-08-29T09:04:04.676818+00:00,ENG01,cruise,5153,61.2,645.4,4.16,53.0,13.89,0.379,14.2,8.0,22.6,77.3,0.207
2026-08-29T09:04:05.676818+00:00,ENG01,cruise,5153,61.2,645.4,4.16,53.0,13.89,0.35,14.2,8.0,22.6,77.3,0.207
2026-08-29T09:04:06.676818+00:00,ENG01,cruise,5153,61.2,645.3,4.16,53.0,13.89,0.372,14.2,8.0,22.6,77.3,0.207
2026-08-29T09:04:07.676818+00:00,ENG01,cruise,5152,61.2,645.3,4.16,53.0,13.89,0.402,14.2,8.0,22.6,77.3,0.207
2026-08-29T09:04:08.676818+00:00,ENG01,cruise,5152,61.2,645.2,4.16,53.0,13.89,0.357,14.2,8.0,22.6,77.2,0.207
2026-08-29T09:04:09.676818+00:00,ENG01,cruise,5152,61.2,645.2,4.15,53.0,13.89,0.353,14.2,8.0,22.6,77.2,0.206
2026-08-29T09:04:10.676818+00:00,ENG01,cruise,5152,61.2,645.2,4.15,53.0,13.88,0.366,14.2,8.0,22.6,77.2,0.206
2026-08-29T09:04:11.676818+00:00,ENG01,cruise,5151,61.2,645.1,4.15,53.0,13.88,0.356,14.2,8.0,22.6,77.2,0.206
2026-08-29T09:04:12.676818+00:00,ENG01,cruise,5151,61.1,645.1,4.15,53.0,13.88,0.349,14.2,8.0,22.6,77.2,0.206
2026-08-29T09:04:13.676818+00:00,ENG01,cruise,5151,61.1,645.0,4.15,53.0,13.88,0.357,14.2,8.0,22.6,77.2,0.206
2026-08-29T09:04:14.676818+00:00,ENG01,cruise,5151,61.1,645.0,4.15,53.0,13.88,0.364,14.2,8.0,22.6,77.2,0.206
2026-08-29T09:04:15.676818+00:00,ENG01,cruise,5150,61.1,644.9,4.15,53.0,13.88,0.386,14.2,8.0,22.6,77.2,0.206
2026-08-29T09:04:16.676818+00:00,ENG01,cruise,5150,61.1,644.9,4.15,53.0,13.87,0.37,14.2,8.0,22.6,77.2,0.206
2026-08-29T09:04:17.676818+00:00,ENG01,cruise,5150,61.1,644.9,4.15,52.9,13.87,0.374,14.2,8.0,22.6,77.2,0.206
2026-08-29T09:04:18.676818+00:00,ENG01,cruise,5149,61.1,644.8,4.15,52.9,13.87,0.348,14.2,8.0,22.6,77.2,0.206
2026-08-29T09:04:19.676818+00:00,ENG01,cruise,5149,61.1,644.8,4.15,52.9,13.87,0.358,14.2,8.0,22.6,77.1,0.206
2026-08-29T09:04:20.676818+00:00,ENG01,cruise,5149,61.1,644.7,4.15,52.9,13.87,0.359,14.2,8.0,22.6,77.1,0.206
2026-08-29T09:04:21.676818+00:00,ENG01,cruise,5149,61.1,644.7,4.15,52.9,13.87,0.348,14.2,8.0,22.6,77.1,0.206
2026-08-29T09:04:22.676818+00:00,ENG01,cruise,5148,61.1,644.6,4.15,52.9,13.86,0.35,14.2,8.0,22.6,77.1,0.206
2026-08-29T09:04:23.676818+00:00,ENG01,cruise,5148,61.1,644.6,4.15,52.9,13.86,0.348,14.2,8.0,22.6,77.1,0.206
2026-08-29T09:04:24.676818+00:00,ENG01,cruise,5148,61.1,644.6,4.15,52.9,13.86,0.36,14.2,8.0,22.6,77.1,0.206
2026-08-29T09:04:25.676818+00:00,ENG01,cruise,5148,61.0,644.5,4.15,52.9,13.86,0.365,14.2,8.0,22.6,77.1,0.206
2026-08-29T09:04:26.676818+00:00,ENG01,cruise,5147,61.0,644.5,4.15,52.9,13.86,0.352,14.2,8.0,22.6,77.1,0.206
2026-08-29T09:04:27.676818+00:00,ENG01,cruise,5147,61.0,644.4,4.15,52.9,13.86,0.375,14.2,8.0,22.6,77.1,0.206
2026-08-29T09:04:28.676818+00:00,ENG01,cruise,5147,61.0,644.4,4.15,52.9,13.86,0.359,14.2,8.0,22.6,77.1,0.206
2026-08-29T09:04:29.676818+00:00,ENG01,cruise,5146,61.0,644.3,4.15,52.9,13.85,0.364,14.2,8.0,22.6,77.0,0.206
2026-08-29T09:04:30.676818+00:00,ENG01,cruise,5146,61.0,644.3,4.15,52.9,13.85,0.363,14.2,8.0,22.6,77.0,0.206
2026-08-29T09:04:31.676818+00:00,ENG01,cruise,5146,61.0,644.3,4.15,52.9,13.85,0.384,14.2,8.0,22.6,77.0,0.206
2026-08-29T09:04:32.676818+00:00,ENG01,cruise,5146,61.0,644.2,4.15,52.9,13.85,0.355,14.2,8.0,22.6,77.0,0.206
2026-08-29T09:04:33.676818+00:00,ENG01,cruise,5145,61.0,644.2,4.15,52.9,13.85,0.352,14.2,8.0,22.6,77.0,0.206
2026-08-29T09:04:34.676818+00:00,ENG01,cruise,5145,61.0,644.1,4.15,52.8,13.85,0.347,14.2,8.0,22.6,77.0,0.206
2026-08-29T09:04:35.676818+00:00,ENG01,cruise,5145,61.0,644.1,4.15,52.8,13.84,0.374,14.2,8.0,22.6,77.0,0.206
2026-08-29T09:04:36.676818+00:00,ENG01,cruise,5144,61.0,644.0,4.14,52.8,13.84,0.385,14.2,8.0,22.6,77.0,0.206
2026-08-29T09:04:37.676818+00:00,ENG01,cruise,5144,61.0,644.0,4.14,52.8,13.84,0.381,14.2,8.0,22.6,77.0,0.206
2026-08-29T09:04:38.676818+00:00,ENG01,cruise,5144,60.9,644.0,4.14,52.8,13.84,0.351,14.2,8.0,22.6,77.0,0.205
2026-08-29T09:04:39.676818+00:00,ENG01,cruise,5144,60.9,643.9,4.14,52.8,13.84,0.357,14.2,8.0,22.5,76.9,0.205
2026-08-29T09:04:40.676818+00:00,ENG01,cruise,5143,60.9,643.9,4.14,52.8,13.84,0.348,14.2,8.0,22.5,76.9,0.205
2026-08-29T09:04:41.676818+00:00,ENG01,cruise,5143,60.9,643.8,4.14,52.8,13.83,0.355,14.2,8.0,22.5,76.9,0.205
2026-08-29T09:04:42.676818+00:00,ENG01,cruise,5143,60.9,643.8,4.14,52.8,13.83,0.372,14.2,8.0,22.5,76.9,0.205
2026-08-29T09:04:43.676818+00:00,ENG01,cruise,5142,60.9,643.7,4.14,52.8,13.83,0.356,14.2,8.0,22.5,76.9,0.205
2026-08-29T09:04:44.676818+00:00,ENG01,cruise,5142,60.9,643.7,4.14,52.8,13.83,0.374,14.2,8.0,22.5,76.9,0.205
2026-08-29T09:04:45.676818+00:00,ENG01,cruise,5142,60.9,643.7,4.14,52.8,13.83,0.368,14.2,8.0,22.5,76.9,0.205
2026-08-29T09:04:46.676818+00:00,ENG01,cruise,5142,60.9,643.6,4.14,52.8,13.83,0.361,14.2,8.0,22.5,76.9,0.205
2026-08-29T09:04:47.676818+00:00,ENG01,cruise,5141,60.9,643.6,4.14,52.8,13.83,0.383,14.2,8.0,22.5,76.9,0.205
2026-08-29T09:04:48.676818+00:00,ENG01,cruise,5141,60.9,643.5,4.14,52.8,13.82,0.356,14.2,8.0,22.5,76.9,0.205
2026-08-29T09:04:49.676818+00:00,ENG01,cruise,5141,60.9,643.5,4.14,52.8,13.82,0.361,14.2,8.0,22.5,76.9,0.205
2026-08-29T09:04:50.676818+00:00,ENG01,cruise,5141,60.9,643.4,4.14,52.8,13.82,0.37,14.2,8.0,22.5,76.8,0.205
2026-08-29T09:04:51.676818+00:00,ENG01,cruise,5140,60.9,643.4,4.14,52.7,13.82,0.349,14.2,8.0,22.5,76.8,0.205
2026-08-29T09:04:52.676818+00:00,ENG01,cruise,5140,60.8,643.4,4.14,52.7,13.82,0.347,14.2,8.0,22.5,76.8,0.205
2026-08-29T09:04:53.676818+00:00,ENG01,cruise,5140,60.8,643.3,4.14,52.7,13.82,0.363,14.2,8.0,22.5,76.8,0.205
2026-08-29T09:04:54.676818+00:00,ENG01,cruise,5139,60.8,643.3,4.14,52.7,13.81,0.387,14.2,8.0,22.5,76.8,0.205
2026-08-29T09:04:55.676818+00:00,ENG01,cruise,5139,60.8,643.2,4.14,52.7,13.81,0.361,14.2,8.0,22.5,76.8,0.205
2026-08-29T09:04:56.676818+00:00,ENG01,cruise,5139,60.8,643.2,4.14,52.7,13.81,0.369,14.2,8.0,22.5,76.8,0.205
2026-08-29T09:04:57.676818+00:00,ENG01,cruise,5139,60.8,643.1,4.14,52.7,13.81,0.353,14.2,8.0,22.5,76.8,0.205
2026-08-29T09:04:58.676818+00:00,ENG01,cruise,5138,60.8,643.1,4.14,52.7,13.81,0.364,14.2,8.0,22.5,76.8,0.205
2026-08-29T09:04:59.676818+00:00,ENG01,cruise,5138,60.8,643.1,4.14,52.7,13.81,0.361,14.2,8.0,22.5,76.8,0.205
2026-08-29T09:05:00.676818+00:00,ENG01,cruise,5138,60.8,643.0,4.14,52.7,13.8,0.366,14.2,8.0,22.5,76.7,0.205
2026-08-29T09:05:01.676818+00:00,ENG01,cruise,5138,60.8,643.0,4.14,52.7,13.8,0.36,14.2,8.0,22.5,76.7,0.205
2026-08-29T09:05:02.676818+00:00,ENG01,cruise,5137,60.8,642.9,4.14,52.7,13.8,0.404,14.2,8.0,22.5,76.7,0.205
2026-08-29T09:05:03.676818+00:00,ENG01,cruise,5137,60.8,642.9,4.14,52.7,13.8,0.354,14.2,8.0,22.5,76.7,0.205
2026-08-29T09:05:04.676818+00:00,ENG01,cruise,5137,60.8,642.8,4.13,52.7,13.8,0.356,14.2,8.0,22.5,76.7,0.205
2026-08-29T09:05:05.676818+00:00,ENG01,cruise,5136,60.7,642.8,4.13,52.7,13.8,0.35,14.2,8.0,22.5,76.7,0.205
2026-08-29T09:05:06.676818+00:00,ENG01,cruise,5136,60.7,642.8,4.13,52.7,13.8,0.363,14.2,8.0,22.5,76.7,0.205
2026-08-29T09:05:07.676818+00:00,ENG01,cruise,5136,60.7,642.7,4.13,52.7,13.79,0.366,14.2,8.0,22.5,76.7,0.204
2026-08-29T09:05:08.676818+00:00,ENG01,cruise,5136,60.7,642.7,4.13,52.6,13.79,0.366,14.2,8.0,22.5,76.7,0.204
2026-08-29T09:05:09.676818+00:00,ENG01,cruise,5135,60.7,642.6,4.13,52.6,13.79,0.368,14.2,8.0,22.5,76.7,0.204
2026-08-29T09:05:10.676818+00:00,ENG01,cruise,5135,60.7,642.6,4.13,52.6,13.79,0.35,14.2,8.0,22.5,76.6,0.204
2026-08-29T09:05:11.676818+00:00,ENG01,cruise,5135,60.7,642.5,4.13,52.6,13.79,0.395,14.2,8.0,22.5,76.6,0.204
2026-08-29T09:05:12.676818+00:00,ENG01,cruise,5134,60.7,642.5,4.13,52.6,13.79,0.346,14.2,8.0,22.5,76.6,0.204
2026-08-29T09:05:13.676818+00:00,ENG01,cruise,5134,60.7,642.5,4.13,52.6,13.78,0.349,14.2,8.0,22.5,76.6,0.204
2026-08-29T09:05:14.676818+00:00,ENG01,cruise,5134,60.7,642.4,4.13,52.6,13.78,0.36,14.2,8.0,22.5,76.6,0.204
2026-08-29T09:05:15.676818+00:00,ENG01,cruise,5134,60.7,642.4,4.13,52.6,13.78,0.352,14.2,8.0,22.5,76.6,0.204
2026-08-29T09:05:16.676818+00:00,ENG01,cruise,5133,60.7,642.3,4.13,52.6,13.78,0.352,14.2,8.0,22.5,76.6,0.204
2026-08-29T09:05:17.676818+00:00,ENG01,cruise,5133,60.7,642.3,4.13,52.6,13.78,0.347,14.2,8.0,22.5,76.6,0.204
2026-08-29T09:05:18.676818+00:00,ENG01,cruise,5133,60.7,642.2,4.13,52.6,13.78,0.351,14.2,8.0,22.5,76.6,0.204
2026-08-29T09:05:19.676818+00:00,ENG01,cruise,5132,60.6,642.2,4.13,52.6,13.77,0.368,14.2,8.0,22.5,76.6,0.204
2026-08-29T09:05:20.676818+00:00,ENG01,cruise,5132,60.6,642.2,4.13,52.6,13.77,0.362,14.2,8.0,22.5,76.5,0.204
2026-08-29T09:05:21.676818+00:00,ENG01,cruise,5132,60.6,642.1,4.13,52.6,13.77,0.362,14.2,8.0,22.5,76.5,0.204
2026-08-29T09:05:22.676818+00:00,ENG01,cruise,5132,60.6,642.1,4.13,52.6,13.77,0.372,14.2,8.0,22.5,76.5,0.204
2026-08-29T09:05:23.676818+00:00,ENG01,cruise,5131,60.6,642.0,4.13,52.6,13.77,0.361,14.2,8.0,22.5,76.5,0.204
2026-08-29T09:05:24.676818+00:00,ENG01,cruise,5131,60.6,642.0,4.13,52.6,13.77,0.367,14.2,8.0,22.5,76.5,0.204
2026-08-29T09:05:25.676818+00:00,ENG01,cruise,5131,60.6,641.9,4.13,52.5,13.76,0.357,14.2,8.0,22.5,76.5,0.204
2026-08-29T09:05:26.676818+00:00,ENG01,cruise,5131,60.6,641.9,4.13,52.5,13.76,0.357,14.2,8.0,22.5,76.5,0.204
2026-08-29T09:05:27.676818+00:00,ENG01,cruise,5130,60.6,641.9,4.13,52.5,13.76,0.356,14.2,8.0,22.5,76.5,0.204
2026-08-29T09:05:28.676818+00:00,ENG01,cruise,5130,60.6,641.8,4.13,52.5,13.76,0.354,14.2,8.0,22.5,76.5,0.204
2026-08-29T09:05:29.676818+00:00,ENG01,cruise,5130,60.6,641.8,4.13,52.5,13.76,0.367,14.2,8.0,22.5,76.5,0.204
2026-08-29T09:05:30.676818+00:00,ENG01,cruise,5129,60.6,641.7,4.13,52.5,13.76,0.356,14.2,8.0,22.5,76.5,0.204
2026-08-29T09:05:31.676818+00:00,ENG01,cruise,5129,60.6,641.7,4.12,52.5,13.76,0.38,14.2,8.0,22.5,76.4,0.204
2026-08-29T09:05:32.676818+00:00,ENG01,cruise,5129,60.5,641.6,4.12,52.5,13.75,0.364,14.2,8.0,22.5,76.4,0.204
2026-08-29T09:05:33.676818+00:00,ENG01,cruise,5129,60.5,641.6,4.12,52.5,13.75,0.349,14.2,8.0,22.5,76.4,0.204
2026-08-29T09:05:34.676818+00:00,ENG01,cruise,5128,60.5,641.6,4.12,52.5,13.75,0.37,14.2,8.0,22.5,76.4,0.204
2026-08-29T09:05:35.676818+00:00,ENG01,cruise,5128,60.5,641.5,4.12,52.5,13.75,0.373,14.2,8.0,22.5,76.4,0.204
2026-08-29T09:05:36.676818+00:00,ENG01,cruise,5128,60.5,641.5,4.12,52.5,13.75,0.348,14.2,8.0,22.5,76.4,0.203
2026-08-29T09:05:37.676818+00:00,ENG01,cruise,5128,60.5,641.4,4.12,52.5,13.75,0.352,14.2,8.0,22.5,76.4,0.203
2026-08-29T09:05:38.676818+00:00,ENG01,cruise,5127,60.5,641.4,4.12,52.5,13.74,0.355,14.2,8.0,22.5,76.4,0.203
2026-08-29T09:05:39.676818+00:00,ENG01,cruise,5127,60.5,641.3,4.12,52.5,13.74,0.375,14.2,8.0,22.5,76.4,0.203
2026-08-29T09:05:40.676818+00:00,ENG01,cruise,5127,60.5,641.3,4.12,52.5,13.74,0.349,14.2,8.0,22.5,76.4,0.203
2026-08-29T09:05:41.676818+00:00,ENG01,cruise,5126,60.5,641.3,4.12,52.5,13.74,0.35,14.2,8.0,22.5,76.3,0.203
2026-08-29T09:05:42.676818+00:00,ENG01,cruise,5126,60.5,641.2,4.12,52.4,13.74,0.363,14.2,8.0,22.5,76.3,0.203
2026-08-29T09:05:43.676818+00:00,ENG01,cruise,5126,60.5,641.2,4.12,52.4,13.74,0.356,14.2,8.0,22.5,76.3,0.203
2026-08-29T09:05:44.676818+00:00,ENG01,cruise,5126,60.5,641.1,4.12,52.4,13.73,0.371,14.2,8.0,22.5,76.3,0.203
2026-08-29T09:05:45.676818+00:00,ENG01,cruise,5125,60.4,641.1,4.12,52.4,13.73,0.352,14.2,8.0,22.5,76.3,0.203
2026-08-29T09:05:46.676818+00:00,ENG01,cruise,5125,60.4,641.0,4.12,52.4,13.73,0.356,14.2,8.0,22.5,76.3,0.203
2026-08-29T09:05:47.676818+00:00,ENG01,cruise,5125,60.4,641.0,4.12,52.4,13.73,0.375,14.2,8.0,22.5,76.3,0.203
2026-08-29T09:05:48.676818+00:00,ENG01,cruise,5124,60.4,640.9,4.12,52.4,13.73,0.345,14.2,8.0,22.5,76.3,0.203
2026-08-29T09:05:49.676818+00:00,ENG01,cruise,5124,60.4,640.9,4.12,52.4,13.73,0.354,14.2,8.0,22.5,76.3,0.203
2026-08-29T09:05:50.676818+00:00,ENG01,cruise,5124,60.4,640.9,4.12,52.4,13.73,0.352,14.2,8.0,22.5,76.3,0.203
2026-08-29T09:05:51.676818+00:00,ENG01,cruise,5124,60.4,640.8,4.12,52.4,13.72,0.374,14.2,8.0,22.5,76.2,0.203
2026-08-29T09:05:52.676818+00:00,ENG01,cruise,5123,60.4,640.8,4.12,52.4,13.72,0.37,14.2,8.0,22.5,76.2,0.203
2026-08-29T09:05:53.676818+00:00,ENG01,cruise,5123,60.4,640.7,4.12,52.4,13.72,0.387,14.2,8.0,22.5,76.2,0.203
2026-08-29T09:05:54.676818+00:00,ENG01,cruise,5123,60.4,640.7,4.12,52.4,13.72,0.379,14.2,8.0,22.5,76.2,0.203
2026-08-29T09:05:55.676818+00:00,ENG01,cruise,5122,60.4,640.6,4.12,52.4,13.72,0.349,14.2,8.0,22.5,76.2,0.203
2026-08-29T09:05:56.676818+00:00,ENG01,cruise,5122,60.4,640.6,4.12,52.4,13.72,0.346,14.2,8.0,22.5,76.2,0.203
2026-08-29T09:05:57.676818+00:00,ENG01,cruise,5122,60.4,640.6,4.12,52.4,13.71,0.356,14.2,8.0,22.5,76.2,0.203
2026-08-29T09:05:58.676818+00:00,ENG01,cruise,5122,60.4,640.5,4.12,52.4,13.71,0.368,14.2,8.0,22.5,76.2,0.203
2026-08-29T09:05:59.676818+00:00,ENG01,cruise,5121,60.3,640.5,4.11,52.3,13.71,0.369,14.2,8.0,22.5,76.2,0.203
2026-08-29T09:06:00.676818+00:00,ENG01,cruise,5121,60.3,640.4,4.11,52.3,13.71,0.349,14.2,8.0,22.5,76.2,0.203
2026-08-29T09:06:01.676818+00:00,ENG01,cruise,5121,60.3,640.4,4.11,52.3,13.71,0.385,14.2,8.0,22.5,76.1,0.203
2026-08-29T09:06:02.676818+00:00,ENG01,cruise,5121,60.3,640.3,4.11,52.3,13.71,0.345,14.2,8.0,22.5,76.1,0.203
2026-08-29T09:06:03.676818+00:00,ENG01,cruise,5120,60.3,640.3,4.11,52.3,13.7,0.349,14.2,8.0,22.5,76.1,0.203
2026-08-29T09:06:04.676818+00:00,ENG01,cruise,5120,60.3,640.3,4.11,52.3,13.7,0.349,14.2,8.0,22.5,76.1,0.203
2026-08-29T09:06:05.676818+00:00,ENG01,cruise,5120,60.3,640.2,4.11,52.3,13.7,0.359,14.2,8.0,22.5,76.1,0.202
2026-08-29T09:06:06.676818+00:00,ENG01,cruise,5119,60.3,640.2,4.11,52.3,13.7,0.373,14.2,8.0,22.5,76.1,0.202
2026-08-29T09:06:07.676818+00:00,ENG01,cruise,5119,60.3,640.1,4.11,52.3,13.7,0.356,14.2,8.0,22.5,76.1,0.202
2026-08-29T09:06:08.676818+00:00,ENG01,cruise,5119,60.3,640.1,4.11,52.3,13.7,0.351,14.2,8.0,22.5,76.1,0.202
2026-08-29T09:06:09.676818+00:00,ENG01,cruise,5119,60.3,640.0,4.11,52.3,13.69,0.347,14.2,8.0,22.5,76.1,0.202
2026-08-29T09:06:10.676818+00:00,ENG01,cruise,5118,60.3,640.0,4.11,52.3,13.69,0.362,14.2,8.0,22.5,76.1,0.202
2026-08-29T09:06:11.676818+00:00,ENG01,cruise,5118,60.3,640.0,4.11,52.3,13.69,0.349,14.2,8.0,22.5,76.1,0.202
2026-08-29T09:06:12.676818+00:00,ENG01,cruise,5118,60.2,639.9,4.11,52.3,13.69,0.369,14.2,8.0,22.5,76.0,0.202
2026-08-29T09:06:13.676818+00:00,ENG01,cruise,5118,60.2,639.9,4.11,52.3,13.69,0.344,14.2,8.0,22.5,76.0,0.202
2026-08-29T09:06:14.676818+00:00,ENG01,cruise,5117,60.2,639.8,4.11,52.3,13.69,0.354,14.2,8.0,22.5,76.0,0.202
2026-08-29T09:06:15.676818+00:00,ENG01,cruise,5117,60.2,639.8,4.11,52.3,13.69,0.355,14.2,8.0,22.5,76.0,0.202
2026-08-29T09:06:16.676818+00:00,ENG01,cruise,5117,60.2,639.7,4.11,52.2,13.68,0.364,14.2,8.0,22.5,76.0,0.202
2026-08-29T09:06:17.676818+00:00,ENG01,cruise,5116,60.2,639.7,4.11,52.2,13.68,0.359,14.2,8.0,22.5,76.0,0.202
2026-08-29T09:06:18.676818+00:00,ENG01,cruise,5116,60.2,639.7,4.11,52.2,13.68,0.346,14.2,8.0,22.5,76.0,0.202
2026-08-29T09:06:19.676818+00:00,ENG01,cruise,5116,60.2,639.6,4.11,52.2,13.68,0.357,14.2,8.0,22.5,76.0,0.202
2026-08-29T09:06:20.676818+00:00,ENG01,cruise,5116,60.2,639.6,4.11,52.2,13.68,0.349,14.2,8.0,22.5,76.0,0.202
2026-08-29T09:06:21.676818+00:00,ENG01,cruise,5115,60.2,639.5,4.11,52.2,13.68,0.344,14.2,8.0,22.5,76.0,0.202
2026-08-29T09:06:22.676818+00:00,ENG01,cruise,5115,60.2,639.5,4.11,52.2,13.67,0.353,14.2,8.0,22.5,75.9,0.202
2026-08-29T09:06:23.676818+00:00,ENG01,cruise,5115,60.2,639.4,4.11,52.2,13.67,0.354,14.2,8.0,22.5,75.9,0.202
2026-08-29T09:06:24.676818+00:00,ENG01,cruise,5114,60.2,639.4,4.11,52.2,13.67,0.362,14.2,8.0,22.5,75.9,0.202
2026-08-29T09:06:25.676818+00:00,ENG01,cruise,5114,60.1,639.3,4.11,52.2,13.67,0.347,14.2,8.0,22.5,75.9,0.202
2026-08-29T09:06:26.676818+00:00,ENG01,cruise,5114,60.1,639.3,4.11,52.2,13.67,0.37,14.2,8.0,22.5,75.9,0.202
2026-08-29T09:06:27.676818+00:00,ENG01,cruise,5114,60.1,639.3,4.1,52.2,13.67,0.38,14.2,8.0,22.5,75.9,0.202
2026-08-29T09:06:28.676818+00:00,ENG01,cruise,5113,60.1,639.2,4.1,52.2,13.66,0.359,14.2,8.0,22.5,75.9,0.202
2026-08-29T09:06:29.676818+00:00,ENG01,cruise,5113,60.1,639.2,4.1,52.2,13.66,0.363,14.2,8.0,22.5,75.9,0.202
2026-08-29T09:06:30.676818+00:00,ENG01,cruise,5113,60.1,639.1,4.1,52.2,13.66,0.371,14.2,8.0,22.5,75.9,0.202
2026-08-29T09:06:31.676818+00:00,ENG01,cruise,5112,60.1,639.1,4.1,52.2,13.66,0.36,14.2,8.0,22.5,75.9,0.202
2026-08-29T09:06:32.676818+00:00,ENG01,cruise,5112,60.1,639.0,4.1,52.2,13.66,0.358,14.2,8.0,22.5,75.8,0.202
2026-08-29T09:06:33.676818+00:00,ENG01,cruise,5112,60.1,639.0,4.1,52.1,13.66,0.351,14.2,8.0,22.5,75.8,0.201
2026-08-29T09:06:34.676818+00:00,ENG01,cruise,5112,60.1,639.0,4.1,52.1,13.65,0.37,14.2,8.0,22.5,75.8,0.201
2026-08-29T09:06:35.676818+00:00,ENG01,cruise,5111,60.1,638.9,4.1,52.1,13.65,0.359,14.2,8.0,22.5,75.8,0.201
2026-08-29T09:06:36.676818+00:00,ENG01,cruise,5111,60.1,638.9,4.1,52.1,13.65,0.344,14.2,8.0,22.5,75.8,0.201
2026-08-29T09:06:37.676818+00:00,ENG01,cruise,5111,60.1,638.8,4.1,52.1,13.65,0.351,14.2,8.0,22.5,75.8,0.201
2026-08-29T09:06:38.676818+00:00,ENG01,cruise,5111,60.0,638.8,4.1,52.1,13.65,0.359,14.2,8.0,22.5,75.8,0.201
2026-08-29T09:06:39.676818+00:00,ENG01,cruise,5110,60.0,638.7,4.1,52.1,13.65,0.359,14.2,8.0,22.5,75.8,0.201
2026-08-29T09:06:40.676818+00:00,ENG01,cruise,5110,60.0,638.7,4.1,52.1,13.65,0.353,14.2,8.0,22.5,75.8,0.201
2026-08-29T09:06:41.676818+00:00,ENG01,cruise,5110,60.0,638.7,4.1,52.1,13.64,0.35,14.2,8.0,22.5,75.8,0.201
2026-08-29T09:06:42.676818+00:00,ENG01,cruise,5109,60.0,638.6,4.1,52.1,13.64,0.361,14.2,8.0,22.5,75.7,0.201
2026-08-29T09:06:43.676818+00:00,ENG01,cruise,5109,60.0,638.6,4.1,52.1,13.64,0.396,14.2,8.0,22.5,75.7,0.201
2026-08-29T09:06:44.676818+00:00,ENG01,cruise,5109,60.0,638.5,4.1,52.1,13.64,0.35,14.2,8.0,22.5,75.7,0.201
2026-08-29T09:06:45.676818+00:00,ENG01,cruise,5109,60.0,638.5,4.1,52.1,13.64,0.344,14.2,8.0,22.5,75.7,0.201
2026-08-29T09:06:46.676818+00:00,ENG01,cruise,5108,60.0,638.4,4.1,52.1,13.64,0.358,14.2,8.0,22.5,75.7,0.201
2026-08-29T09:06:47.676818+00:00,ENG01,cruise,5108,60.0,638.4,4.1,52.1,13.63,0.346,14.2,8.0,22.5,75.7,0.201
2026-08-29T09:06:48.676818+00:00,ENG01,cruise,5108,60.0,638.4,4.1,52.1,13.63,0.352,14.2,8.0,22.5,75.7,0.201
2026-08-29T09:06:49.676818+00:00,ENG01,cruise,5108,60.0,638.3,4.1,52.1,13.63,0.357,14.2,8.0,22.5,75.7,0.201
2026-08-29T09:06:50.676818+00:00,ENG01,cruise,5107,60.0,638.3,4.1,52.0,13.63,0.345,14.2,8.0,22.5,75.7,0.201
2026-08-29T09:06:51.676818+00:00,ENG01,cruise,5107,60.0,638.2,4.1,52.0,13.63,0.343,14.2,8.0,22.5,75.7,0.201
2026-08-29T09:06:52.676818+00:00,ENG01,cruise,5107,59.9,638.2,4.1,52.0,13.63,0.35,14.2,8.0,22.5,75.7,0.201
2026-08-29T09:06:53.676818+00:00,ENG01,cruise,5106,59.9,638.1,4.1,52.0,13.62,0.367,14.2,8.0,22.5,75.6,0.201
2026-08-29T09:06:54.676818+00:00,ENG01,cruise,5106,59.9,638.1,4.09,52.0,13.62,0.351,14.2,8.0,22.5,75.6,0.201
2026-08-29T09:06:55.676818+00:00,ENG01,cruise,5106,59.9,638.0,4.09,52.0,13.62,0.368,14.2,8.0,22.5,75.6,0.201
2026-08-29T09:06:56.676818+00:00,ENG01,cruise,5106,59.9,638.0,4.09,52.0,13.62,0.368,14.2,8.0,22.5,75.6,0.201
2026-08-29T09:06:57.676818+00:00,ENG01,cruise,5105,59.9,638.0,4.09,52.0,13.62,0.348,14.2,8.0,22.5,75.6,0.201
2026-08-29T09:06:58.676818+00:00,ENG01,cruise,5105,59.9,637.9,4.09,52.0,13.62,0.376,14.2,8.0,22.5,75.6,0.201
2026-08-29T09:06:59.676818+00:00,ENG01,cruise,5105,59.9,637.9,4.09,52.0,13.61,0.343,14.2,8.0,22.5,75.6,0.201
2026-08-29T09:07:00.676818+00:00,ENG01,cruise,5104,59.9,637.8,4.09,52.0,13.61,0.356,14.2,8.0,22.5,75.6,0.201
2026-08-29T09:07:01.676818+00:00,ENG01,cruise,5104,59.9,637.8,4.09,52.0,13.61,0.382,14.2,8.0,22.5,75.6,0.201
2026-08-29T09:07:02.676818+00:00,ENG01,cruise,5104,59.9,637.7,4.09,52.0,13.61,0.343,14.2,8.0,22.5,75.6,0.2
2026-08-29T09:07:03.676818+00:00,ENG01,cruise,5104,59.9,637.7,4.09,52.0,13.61,0.357,14.2,8.0,22.5,75.5,0.2
2026-08-29T09:07:04.676818+00:00,ENG01,cruise,5103,59.9,637.7,4.09,52.0,13.61,0.362,14.2,8.0,22.5,75.5,0.2
2026-08-29T09:07:05.676818+00:00,ENG01,cruise,5103,59.8,637.6,4.09,52.0,13.61,0.342,14.2,8.0,22.5,75.5,0.2
2026-08-29T09:07:06.676818+00:00,ENG01,cruise,5103,59.8,637.6,4.09,52.0,13.6,0.344,14.2,8.0,22.5,75.5,0.2
2026-08-29T09:07:07.676818+00:00,ENG01,cruise,5102,59.8,637.5,4.09,52.0,13.6,0.36,14.2,8.0,22.5,75.5,0.2
2026-08-29T09:07:08.676818+00:00,ENG01,cruise,5102,59.8,637.5,4.09,51.9,13.6,0.363,14.2,8.0,22.5,75.5,0.2
2026-08-29T09:07:09.676818+00:00,ENG01,cruise,5102,59.8,637.4,4.09,51.9,13.6,0.376,14.2,8.0,22.5,75.5,0.2
2026-08-29T09:07:10.676818+00:00,ENG01,cruise,5102,59.8,637.4,4.09,51.9,13.6,0.342,14.2,8.0,22.5,75.5,0.2
2026-08-29T09:07:11.676818+00:00,ENG01,cruise,5101,59.8,637.4,4.09,51.9,13.6,0.342,14.2,8.0,22.5,75.5,0.2
2026-08-29T09:07:12.676818+00:00,ENG01,cruise,5101,59.8,637.3,4.09,51.9,13.59,0.363,14.2,8.0,22.5,75.5,0.2
2026-08-29T09:07:13.676818+00:00,ENG01,cruise,5101,59.8,637.3,4.09,51.9,13.59,0.374,14.2,8.0,22.5,75.4,0.2
2026-08-29T09:07:14.676818+00:00,ENG01,cruise,5101,59.8,637.2,4.09,51.9,13.59,0.343,14.2,8.0,22.5,75.4,0.2
2026-08-29T09:07:15.676818+00:00,ENG01,cruise,5100,59.8,637.2,4.09,51.9,13.59,0.351,14.2,8.0,22.5,75.4,0.2
2026-08-29T09:07:16.676818+00:00,ENG01,cruise,5100,59.8,637.1,4.09,51.9,13.59,0.356,14.2,8.0,22.5,75.4,0.2
2026-08-29T09:07:17.676818+00:00,ENG01,cruise,5100,59.8,637.1,4.09,51.9,13.59,0.344,14.2,8.0,22.5,75.4,0.2
2026-08-29T09:07:18.676818+00:00,ENG01,cruise,5099,59.7,637.0,4.09,51.9,13.58,0.348,14.2,8.0,22.5,75.4,0.2
2026-08-29T09:07:19.676818+00:00,ENG01,cruise,5099,59.7,637.0,4.09,51.9,13.58,0.341,14.2,8.0,22.5,75.4,0.2
2026-08-29T09:07:20.676818+00:00,ENG01,cruise,5099,59.7,637.0,4.09,51.9,13.58,0.373,14.2,8.0,22.5,75.4,0.2
2026-08-29T09:07:21.676818+00:00,ENG01,cruise,5099,59.7,636.9,4.09,51.9,13.58,0.342,14.2,8.0,22.5,75.4,0.2
2026-08-29T09:07:22.676818+00:00,ENG01,cruise,5098,59.7,636.9,4.08,51.9,13.58,0.379,14.2,8.0,22.5,75.4,0.2
2026-08-29T09:07:23.676818+00:00,ENG01,cruise,5098,59.7,636.8,4.08,51.9,13.58,0.366,14.2,8.0,22.5,75.4,0.2
2026-08-29T09:07:24.676818+00:00,ENG01,cruise,5098,59.7,636.8,4.08,51.9,13.57,0.36,14.2,8.0,22.5,75.3,0.2
2026-08-29T09:07:25.676818+00:00,ENG01,cruise,5098,59.7,636.7,4.08,51.8,13.57,0.355,14.2,8.0,22.5,75.3,0.2
2026-08-29T09:07:26.676818+00:00,ENG01,cruise,5097,59.7,636.7,4.08,51.8,13.57,0.347,14.2,8.0,22.5,75.3,0.2
2026-08-29T09:07:27.676818+00:00,ENG01,cruise,5097,59.7,636.7,4.08,51.8,13.57,0.359,14.2,8.0,22.5,75.3,0.2
2026-08-29T09:07:28.676818+00:00,ENG01,cruise,5097,59.7,636.6,4.08,51.8,13.57,0.349,14.2,8.0,22.5,75.3,0.2
2026-08-29T09:07:29.676818+00:00,ENG01,cruise,5096,59.7,636.6,4.08,51.8,13.57,0.342,14.2,8.0,22.5,75.3,0.2
2026-08-29T09:07:30.676818+00:00,ENG01,cruise,5096,59.7,636.5,4.08,51.8,13.57,0.35,14.2,8.0,22.5,75.3,0.2
2026-08-29T09:07:31.676818+00:00,ENG01,cruise,5096,59.7,636.5,4.08,51.8,13.56,0.347,14.2,8.0,22.5,75.3,0.199
2026-08-29T09:07:32.676818+00:00,ENG01,cruise,5096,59.6,636.4,4.08,51.8,13.56,0.344,14.2,8.0,22.5,75.3,0.199
2026-08-29T09:07:33.676818+00:00,ENG01,cruise,5095,59.6,636.4,4.08,51.8,13.56,0.348,14.2,8.0,22.5,75.3,0.199
2026-08-29T09:07:34.676818+00:00,ENG01,cruise,5095,59.6,636.3,4.08,51.8,13.56,0.36,14.2,8.0,22.5,75.2,0.199
2026-08-29T09:07:35.676818+00:00,ENG01,cruise,5095,59.6,636.3,4.08,51.8,13.56,0.349,14.2,8.0,22.5,75.2,0.199
2026-08-29T09:07:36.676818+00:00,ENG01,cruise,5094,59.6,636.3,4.08,51.8,13.56,0.355,14.2,8.0,22.5,75.2,0.199
2026-08-29T09:07:37.676818+00:00,ENG01,cruise,5094,59.6,636.2,4.08,51.8,13.55,0.344,14.2,8.0,22.5,75.2,0.199
2026-08-29T09:07:38.676818+00:00,ENG01,cruise,5094,59.6,636.2,4.08,51.8,13.55,0.342,14.2,8.0,22.5,75.2,0.199
2026-08-29T09:07:39.676818+00:00,ENG01,cruise,5094,59.6,636.1,4.08,51.8,13.55,0.358,14.2,8.0,22.5,75.2,0.199
2026-08-29T09:07:40.676818+00:00,ENG01,cruise,5093,59.6,636.1,4.08,51.8,13.55,0.35,14.2,8.0,22.5,75.2,0.199
2026-08-29T09:07:41.676818+00:00,ENG01,cruise,5093,59.6,636.0,4.08,51.8,13.55,0.37,14.2,8.0,22.5,75.2,0.199
2026-08-29T09:07:42.676818+00:00,ENG01,cruise,5093,59.6,636.0,4.08,51.7,13.55,0.342,14.2,8.0,22.5,75.2,0.199
2026-08-29T09:07:43.676818+00:00,ENG01,cruise,5092,59.6,636.0,4.08,51.7,13.54,0.358,14.2,8.0,22.5,75.2,0.199
2026-08-29T09:07:44.676818+00:00,ENG01,cruise,5092,59.6,635.9,4.08,51.7,13.54,0.341,14.2,8.0,22.5,75.1,0.199
2026-08-29T09:07:45.676818+00:00,ENG01,cruise,5092,59.5,635.9,4.08,51.7,13.54,0.348,14.2,8.0,22.5,75.1,0.199
2026-08-29T09:07:46.676818+00:00,ENG01,cruise,5092,59.5,635.8,4.08,51.7,13.54,0.35,14.2,8.0,22.5,75.1,0.199
2026-08-29T09:07:47.676818+00:00,ENG01,cruise,5091,59.5,635.8,4.08,51.7,13.54,0.373,14.2,8.0,22.5,75.1,0.199
2026-08-29T09:07:48.676818+00:00,ENG01,cruise,5091,59.5,635.7,4.08,51.7,13.54,0.35,14.2,8.0,22.5,75.1,0.199
2026-08-29T09:07:49.676818+00:00,ENG01,cruise,5091,59.5,635.7,4.07,51.7,13.53,0.346,14.2,8.0,22.5,75.1,0.199
2026-08-29T09:07:50.676818+00:00,ENG01,cruise,5091,59.5,635.7,4.07,51.7,13.53,0.351,14.2,8.0,22.4,75.1,0.199
2026-08-29T09:07:51.676818+00:00,ENG01,cruise,5090,59.5,635.6,4.07,51.7,13.53,0.359,14.2,8.0,22.4,75.1,0.199
2026-08-29T09:07:52.676818+00:00,ENG01,cruise,5090,59.5,635.6,4.07,51.7,13.53,0.361,14.2,8.0,22.4,75.1,0.199
2026-08-29T09:07:53.676818+00:00,ENG01,cruise,5090,59.5,635.5,4.07,51.7,13.53,0.354,14.2,8.0,22.4,75.1,0.199
2026-08-29T09:07:54.676818+00:00,ENG01,cruise,5089,59.5,635.5,4.07,51.7,13.53,0.353,14.2,8.0,22.4,75.0,0.199
2026-08-29T09:07:55.676818+00:00,ENG01,cruise,5089,59.5,635.4,4.07,51.7,13.53,0.343,14.2,8.0,22.4,75.0,0.199
2026-08-29T09:07:56.676818+00:00,ENG01,cruise,5089,59.5,635.4,4.07,51.7,13.52,0.345,14.2,8.0,22.4,75.0,0.199
2026-08-29T09:07:57.676818+00:00,ENG01,cruise,5089,59.5,635.3,4.07,51.7,13.52,0.354,14.2,8.0,22.4,75.0,0.199
2026-08-29T09:07:58.676818+00:00,ENG01,cruise,5088,59.4,635.3,4.07,51.7,13.52,0.348,14.2,8.0,22.4,75.0,0.199
2026-08-29T09:07:59.676818+00:00,ENG01,cruise,5088,59.4,635.3,4.07,51.7,13.52,0.348,14.2,8.0,22.4,75.0,0.199
2026-08-29T09:08:00.676818+00:00,ENG01,cruise,5088,59.4,635.2,4.07,51.6,13.52,0.354,14.2,8.0,22.4,75.0,0.198
2026-08-29T09:08:01.676818+00:00,ENG01,cruise,5088,59.4,635.2,4.07,51.6,13.52,0.374,14.2,8.0,22.4,75.0,0.198
2026-08-29T09:08:02.676818+00:00,ENG01,cruise,5087,59.4,635.1,4.07,51.6,13.51,0.341,14.2,8.0,22.4,75.0,0.198
2026-08-29T09:08:03.676818+00:00,ENG01,cruise,5087,59.4,635.1,4.07,51.6,13.51,0.345,14.2,8.0,22.4,75.0,0.198
2026-08-29T09:08:04.676818+00:00,ENG01,cruise,5087,59.4,635.0,4.07,51.6,13.51,0.349,14.2,8.0,22.4,75.0,0.198
2026-08-29T09:08:05.676818+00:00,ENG01,cruise,5086,59.4,635.0,4.07,51.6,13.51,0.355,14.2,8.0,22.4,74.9,0.198
2026-08-29T09:08:06.676818+00:00,ENG01,cruise,5086,59.4,635.0,4.07,51.6,13.51,0.352,14.2,8.0,22.4,74.9,0.198
2026-08-29T09:08:07.676818+00:00,ENG01,cruise,5086,59.4,634.9,4.07,51.6,13.51,0.348,14.2,8.0,22.4,74.9,0.198
2026-08-29T09:08:08.676818+00:00,ENG01,cruise,5086,59.4,634.9,4.07,51.6,13.5,0.354,14.2,8.0,22.4,74.9,0.198
2026-08-29T09:08:09.676818+00:00,ENG01,cruise,5085,59.4,634.8,4.07,51.6,13.5,0.358,14.2,8.0,22.4,74.9,0.198
2026-08-29T09:08:10.676818+00:00,ENG01,cruise,5085,59.4,634.8,4.07,51.6,13.5,0.346,14.2,8.0,22.4,74.9,0.198
2026-08-29T09:08:11.676818+00:00,ENG01,cruise,5085,59.3,634.7,4.07,51.6,13.5,0.353,14.2,8.0,22.4,74.9,0.198
2026-08-29T09:08:12.676818+00:00,ENG01,cruise,5084,59.3,634.7,4.07,51.6,13.5,0.344,14.2,8.0,22.4,74.9,0.198
2026-08-29T09:08:13.676818+00:00,ENG01,cruise,5084,59.3,634.6,4.07,51.6,13.5,0.339,14.2,8.0,22.4,74.9,0.198
2026-08-29T09:08:14.676818+00:00,ENG01,cruise,5084,59.3,634.6,4.07,51.6,13.49,0.357,14.2,8.0,22.4,74.9,0.198
2026-08-29T09:08:15.676818+00:00,ENG01,cruise,5084,59.3,634.6,4.07,51.6,13.49,0.352,14.2,8.0,22.4,74.8,0.198
2026-08-29T09:08:16.676818+00:00,ENG01,cruise,5083,59.3,634.5,4.07,51.6,13.49,0.339,14.2,8.0,22.4,74.8,0.198
2026-08-29T09:08:17.676818+00:00,ENG01,cruise,5083,59.3,634.5,4.06,51.5,13.49,0.354,14.2,8.0,22.4,74.8,0.198
2026-08-29T09:08:18.676818+00:00,ENG01,cruise,5083,59.3,634.4,4.06,51.5,13.49,0.374,14.2,8.0,22.4,74.8,0.198
2026-08-29T09:08:19.676818+00:00,ENG01,cruise,5082,59.3,634.4,4.06,51.5,13.49,0.347,14.2,8.0,22.4,74.8,0.198
2026-08-29T09:08:20.676818+00:00,ENG01,cruise,5082,59.3,634.3,4.06,51.5,13.48,0.341,14.2,8.0,22.4,74.8,0.198
2026-08-29T09:08:21.676818+00:00,ENG01,cruise,5082,59.3,634.3,4.06,51.5,13.48,0.341,14.2,8.0,22.4,74.8,0.198
2026-08-29T09:08:22.676818+00:00,ENG01,cruise,5082,59.3,634.3,4.06,51.5,13.48,0.366,14.2,8.0,22.4,74.8,0.198
2026-08-29T09:08:23.676818+00:00,ENG01,cruise,5081,59.3,634.2,4.06,51.5,13.48,0.389,14.2,8.0,22.4,74.8,0.198
2026-08-29T09:08:24.676818+00:00,ENG01,cruise,5081,59.2,634.2,4.06,51.5,13.48,0.364,14.2,8.0,22.4,74.8,0.198
2026-08-29T09:08:25.676818+00:00,ENG01,cruise,5081,59.2,634.1,4.06,51.5,13.48,0.366,14.2,8.0,22.4,74.7,0.198
2026-08-29T09:08:26.676818+00:00,ENG01,cruise,5081,59.2,634.1,4.06,51.5,13.48,0.358,14.2,8.0,22.4,74.7,0.198
2026-08-29T09:08:27.676818+00:00,ENG01,cruise,5080,59.2,634.0,4.06,51.5,13.47,0.359,14.2,8.0,22.4,74.7,0.198
2026-08-29T09:08:28.676818+00:00,ENG01,cruise,5080,59.2,634.0,4.06,51.5,13.47,0.355,14.2,8.0,22.4,74.7,0.198
2026-08-29T09:08:29.676818+00:00,ENG01,cruise,5080,59.2,633.9,4.06,51.5,13.47,0.359,14.2,8.0,22.4,74.7,0.197
2026-08-29T09:08:30.676818+00:00,ENG01,cruise,5079,59.2,633.9,4.06,51.5,13.47,0.341,14.2,8.0,22.4,74.7,0.197
2026-08-29T09:08:31.676818+00:00,ENG01,cruise,5079,59.2,633.9,4.06,51.5,13.47,0.375,14.2,8.0,22.4,74.7,0.197
2026-08-29T09:08:32.676818+00:00,ENG01,cruise,5079,59.2,633.8,4.06,51.5,13.47,0.346,14.2,8.0,22.4,74.7,0.197
2026-08-29T09:08:33.676818+00:00,ENG01,cruise,5079,59.2,633.8,4.06,51.5,13.46,0.339,14.2,8.0,22.4,74.7,0.197
2026-08-29T09:08:34.676818+00:00,ENG01,cruise,5078,59.2,633.7,4.06,51.4,13.46,0.356,14.2,8.0,22.4,74.7,0.197
2026-08-29T09:08:35.676818+00:00,ENG01,cruise,5078,59.2,633.7,4.06,51.4,13.46,0.351,14.2,8.0,22.4,74.6,0.197
2026-08-29T09:08:36.676818+00:00,ENG01,cruise,5078,59.2,633.6,4.06,51.4,13.46,0.368,14.2,8.0,22.4,74.6,0.197
2026-08-29T09:08:37.676818+00:00,ENG01,cruise,5078,59.2,633.6,4.06,51.4,13.46,0.37,14.2,8.0,22.4,74.6,0.197
2026-08-29T09:08:38.676818+00:00,ENG01,cruise,5077,59.1,633.6,4.06,51.4,13.46,0.347,14.2,8.0,22.4,74.6,0.197
2026-08-29T09:08:39.676818+00:00,ENG01,cruise,5077,59.1,633.5,4.06,51.4,13.45,0.354,14.2,8.0,22.4,74.6,0.197
2026-08-29T09:08:40.676818+00:00,ENG01,cruise,5077,59.1,633.5,4.06,51.4,13.45,0.36,14.2,8.0,22.4,74.6,0.197
2026-08-29T09:08:41.676818+00:00,ENG01,cruise,5076,59.1,633.4,4.06,51.4,13.45,0.344,14.2,8.0,22.4,74.6,0.197
2026-08-29T09:08:42.676818+00:00,ENG01,cruise,5076,59.1,633.4,4.06,51.4,13.45,0.351,14.2,8.0,22.4,74.6,0.197
2026-08-29T09:08:43.676818+00:00,ENG01,cruise,5076,59.1,633.3,4.06,51.4,13.45,0.361,14.2,8.0,22.4,74.6,0.197
2026-08-29T09:08:44.676818+00:00,ENG01,cruise,5076,59.1,633.3,4.06,51.4,13.45,0.347,14.2,8.0,22.4,74.6,0.197
2026-08-29T09:08:45.676818+00:00,ENG01,cruise,5075,59.1,633.2,4.05,51.4,13.44,0.356,14.2,8.0,22.4,74.6,0.197
2026-08-29T09:08:46.676818+00:00,ENG01,cruise,5075,59.1,633.2,4.05,51.4,13.44,0.368,14.2,8.0,22.4,74.5,0.197
2026-08-29T09:08:47.676818+00:00,ENG01,cruise,5075,59.1,633.2,4.05,51.4,13.44,0.344,14.2,8.0,22.4,74.5,0.197
2026-08-29T09:08:48.676818+00:00,ENG01,cruise,5074,59.1,633.1,4.05,51.4,13.44,0.344,14.2,8.0,22.4,74.5,0.197
2026-08-29T09:08:49.676818+00:00,ENG01,cruise,5074,59.1,633.1,4.05,51.4,13.44,0.35,14.2,8.0,22.4,74.5,0.197
2026-08-29T09:08:50.676818+00:00,ENG01,cruise,5074,59.1,633.0,4.05,51.4,13.44,0.344,14.2,8.0,22.4,74.5,0.197
2026-08-29T09:08:51.676818+00:00,ENG01,cruise,5074,59.0,633.0,4.05,51.4,13.43,0.353,14.2,8.0,22.4,74.5,0.197
2026-08-29T09:08:52.676818+00:00,ENG01,cruise,5073,59.0,632.9,4.05,51.3,13.43,0.342,14.2,8.0,22.4,74.5,0.197
2026-08-29T09:08:53.676818+00:00,ENG01,cruise,5073,59.0,632.9,4.05,51.3,13.43,0.341,14.2,8.0,22.4,74.5,0.197
2026-08-29T09:08:54.676818+00:00,ENG01,cruise,5073,59.0,632.8,4.05,51.3,13.43,0.349,14.2,8.0,22.4,74.5,0.197
2026-08-29T09:08:55.676818+00:00,ENG01,cruise,5072,59.0,632.8,4.05,51.3,13.43,0.348,14.2,8.0,22.4,74.5,0.197
2026-08-29T09:08:56.676818+00:00,ENG01,cruise,5072,59.0,632.8,4.05,51.3,13.43,0.343,14.2,8.0,22.4,74.4,0.197
2026-08-29T09:08:57.676818+00:00,ENG01,cruise,5072,59.0,632.7,4.05,51.3,13.43,0.357,14.2,8.0,22.4,74.4,0.196
2026-08-29T09:08:58.676818+00:00,ENG01,cruise,5072,59.0,632.7,4.05,51.3,13.42,0.344,14.2,8.0,22.4,74.4,0.196
2026-08-29T09:08:59.676818+00:00,ENG01,cruise,5071,59.0,632.6,4.05,51.3,13.42,0.34,14.2,8.0,22.4,74.4,0.196
2026-08-29T09:09:00.676818+00:00,ENG01,cruise,5071,59.0,632.6,4.05,51.3,13.42,0.34,14.2,8.0,22.4,74.4,0.196
2026-08-29T09:09:01.676818+00:00,ENG01,cruise,5071,59.0,632.5,4.05,51.3,13.42,0.348,14.2,8.0,22.4,74.4,0.196
2026-08-29T09:09:02.676818+00:00,ENG01,cruise,5071,59.0,632.5,4.05,51.3,13.42,0.35,14.2,8.0,22.4,74.4,0.196
2026-08-29T09:09:03.676818+00:00,ENG01,cruise,5070,59.0,632.5,4.05,51.3,13.42,0.377,14.2,8.0,22.4,74.4,0.196
2026-08-29T09:09:04.676818+00:00,ENG01,cruise,5070,58.9,632.4,4.05,51.3,13.41,0.365,14.2,8.0,22.4,74.4,0.196
2026-08-29T09:09:05.676818+00:00,ENG01,cruise,5070,58.9,632.4,4.05,51.3,13.41,0.342,14.2,8.0,22.4,74.4,0.196
2026-08-29T09:09:06.676818+00:00,ENG01,cruise,5069,58.9,632.3,4.05,51.3,13.41,0.349,14.2,8.0,22.4,74.3,0.196
2026-08-29T09:09:07.676818+00:00,ENG01,cruise,5069,58.9,632.3,4.05,51.3,13.41,0.371,14.2,8.0,22.4,74.3,0.196
2026-08-29T09:09:08.676818+00:00,ENG01,cruise,5069,58.9,632.2,4.05,51.3,13.41,0.372,14.2,8.0,22.4,74.3,0.196
2026-08-29T09:09:09.676818+00:00,ENG01,cruise,5069,58.9,632.2,4.05,51.2,13.41,0.339,14.2,8.0,22.4,74.3,0.196
2026-08-29T09:09:10.676818+00:00,ENG01,cruise,5068,58.9,632.1,4.05,51.2,13.4,0.353,14.2,8.0,22.4,74.3,0.196
2026-08-29T09:09:11.676818+00:00,ENG01,cruise,5068,58.9,632.1,4.05,51.2,13.4,0.357,14.2,8.0,22.4,74.3,0.196
2026-08-29T09:09:12.676818+00:00,ENG01,cruise,5068,58.9,632.1,4.04,51.2,13.4,0.381,14.2,8.0,22.4,74.3,0.196
2026-08-29T09:09:13.676818+00:00,ENG01,cruise,5068,58.9,632.0,4.04,51.2,13.4,0.341,14.2,8.0,22.4,74.3,0.196
2026-08-29T09:09:14.676818+00:00,ENG01,cruise,5067,58.9,632.0,4.04,51.2,13.4,0.357,14.2,8.0,22.4,74.3,0.196
2026-08-29T09:09:15.676818+00:00,ENG01,cruise,5067,58.9,631.9,4.04,51.2,13.4,0.337,14.2,8.0,22.4,74.3,0.196
2026-08-29T09:09:16.676818+00:00,ENG01,cruise,5067,58.9,631.9,4.04,51.2,13.39,0.344,14.2,8.0,22.4,74.3,0.196
2026-08-29T09:09:17.676818+00:00,ENG01,cruise,5066,58.8,631.8,4.04,51.2,13.39,0.353,14.2,8.0,22.4,74.2,0.196
2026-08-29T09:09:18.676818+00:00,ENG01,cruise,5066,58.8,631.8,4.04,51.2,13.39,0.345,14.2,8.0,22.4,74.2,0.196
2026-08-29T09:09:19.676818+00:00,ENG01,cruise,5066,58.8,631.7,4.04,51.2,13.39,0.379,14.2,8.0,22.4,74.2,0.196
2026-08-29T09:09:20.676818+00:00,ENG01,cruise,5066,58.8,631.7,4.04,51.2,13.39,0.338,14.2,8.0,22.4,74.2,0.196
2026-08-29T09:09:21.676818+00:00,ENG01,cruise,5065,58.8,631.7,4.04,51.2,13.39,0.344,14.2,8.0,22.4,74.2,0.196
2026-08-29T09:09:22.676818+00:00,ENG01,cruise,5065,58.8,631.6,4.04,51.2,13.38,0.361,14.2,8.0,22.4,74.2,0.196
2026-08-29T09:09:23.676818+00:00,ENG01,cruise,5065,58.8,631.6,4.04,51.2,13.38,0.338,14.2,8.0,22.4,74.2,0.196
2026-08-29T09:09:24.676818+00:00,ENG01,cruise,5064,58.8,631.5,4.04,51.2,13.38,0.345,14.2,8.0,22.4,74.2,0.196
2026-08-29T09:09:25.676818+00:00,ENG01,cruise,5064,58.8,631.5,4.04,51.2,13.38,0.415,14.2,8.0,22.4,74.2,0.196
2026-08-29T09:09:26.676818+00:00,ENG01,cruise,5064,58.8,631.4,4.04,51.1,13.38,0.346,14.2,8.0,22.4,74.2,0.195
2026-08-29T09:09:27.676818+00:00,ENG01,cruise,5064,58.8,631.4,4.04,51.1,13.38,0.338,14.2,8.0,22.4,74.1,0.195
2026-08-29T09:09:28.676818+00:00,ENG01,cruise,5063,58.8,631.4,4.04,51.1,13.38,0.345,14.2,8.0,22.4,74.1,0.195
2026-08-29T09:09:29.676818+00:00,ENG01,cruise,5063,58.8,631.3,4.04,51.1,13.37,0.35,14.2,8.0,22.4,74.1,0.195
2026-08-29T09:09:30.676818+00:00,ENG01,cruise,5063,58.7,631.3,4.04,51.1,13.37,0.354,14.2,8.0,22.4,74.1,0.195
2026-08-29T09:09:31.676818+00:00,ENG01,cruise,5062,58.7,631.2,4.04,51.1,13.37,0.377,14.2,8.0,22.4,74.1,0.195
2026-08-29T09:09:32.676818+00:00,ENG01,cruise,5062,58.7,631.2,4.04,51.1,13.37,0.399,14.2,8.0,22.4,74.1,0.195
2026-08-29T09:09:33.676818+00:00,ENG01,cruise,5062,58.7,631.1,4.04,51.1,13.37,0.359,14.2,8.0,22.4,74.1,0.195
2026-08-29T09:09:34.676818+00:00,ENG01,cruise,5062,58.7,631.1,4.04,51.1,13.37,0.344,14.2,8.0,22.4,74.1,0.195
2026-08-29T09:09:35.676818+00:00,ENG01,cruise,5061,58.7,631.0,4.04,51.1,13.36,0.374,14.2,8.0,22.4,74.1,0.195
2026-08-29T09:09:36.676818+00:00,ENG01,cruise,5061,58.7,631.0,4.04,51.1,13.36,0.342,14.2,8.0,22.4,74.1,0.195
2026-08-29T09:09:37.676818+00:00,ENG01,cruise,5061,58.7,631.0,4.04,51.1,13.36,0.354,14.2,8.0,22.4,74.0,0.195
2026-08-29T09:09:38.676818+00:00,ENG01,cruise,5061,58.7,630.9,4.04,51.1,13.36,0.357,14.2,8.0,22.4,74.0,0.195
2026-08-29T09:09:39.676818+00:00,ENG01,cruise,5060,58.7,630.9,4.04,51.1,13.36,0.369,14.2,8.0,22.4,74.0,0.195
2026-08-29T09:09:40.676818+00:00,ENG01,cruise,5060,58.7,630.8,4.03,51.1,13.36,0.348,14.2,8.0,22.4,74.0,0.195
2026-08-29T09:09:41.676818+00:00,ENG01,cruise,5060,58.7,630.8,4.03,51.1,13.35,0.36,14.2,8.0,22.4,74.0,0.195
2026-08-29T09:09:42.676818+00:00,ENG01,cruise,5059,58.7,630.7,4.03,51.1,13.35,0.347,14.2,8.0,22.4,74.0,0.195
2026-08-29T09:09:43.676818+00:00,ENG01,cruise,5059,58.6,630.7,4.03,51.1,13.35,0.365,14.2,8.0,22.4,74.0,0.195
2026-08-29T09:09:44.676818+00:00,ENG01,cruise,5059,58.6,630.6,4.03,51.0,13.35,0.34,14.2,8.0,22.4,74.0,0.195
2026-08-29T09:09:45.676818+00:00,ENG01,cruise,5059,58.6,630.6,4.03,51.0,13.35,0.338,14.2,8.0,22.4,74.0,0.195
2026-08-29T09:09:46.676818+00:00,ENG01,cruise,5058,58.6,630.6,4.03,51.0,13.35,0.351,14.2,8.0,22.4,74.0,0.195
2026-08-29T09:09:47.676818+00:00,ENG01,cruise,5058,58.6,630.5,4.03,51.0,13.34,0.382,14.2,8.0,22.4,73.9,0.195
2026-08-29T09:09:48.676818+00:00,ENG01,cruise,5058,58.6,630.5,4.03,51.0,13.34,0.359,14.2,8.0,22.4,73.9,0.195
2026-08-29T09:09:49.676818+00:00,ENG01,cruise,5058,58.6,630.4,4.03,51.0,13.34,0.346,14.2,8.0,22.4,73.9,0.195
2026-08-29T09:09:50.676818+00:00,ENG01,cruise,5057,58.6,630.4,4.03,51.0,13.34,0.358,14.2,8.0,22.4,73.9,0.195
2026-08-29T09:09:51.676818+00:00,ENG01,cruise,5057,58.6,630.3,4.03,51.0,13.34,0.391,14.2,8.0,22.4,73.9,0.195
2026-08-29T09:09:52.676818+00:00,ENG01,cruise,5057,58.6,630.3,4.03,51.0,13.34,0.353,14.2,8.0,22.4,73.9,0.195
2026-08-29T09:09:53.676818+00:00,ENG01,cruise,5056,58.6,630.2,4.03,51.0,13.33,0.351,14.2,8.0,22.4,73.9,0.195
2026-08-29T09:09:54.676818+00:00,ENG01,cruise,5056,58.6,630.2,4.03,51.0,13.33,0.344,14.2,8.0,22.4,73.9,0.195
2026-08-29T09:09:55.676818+00:00,ENG01,cruise,5056,58.6,630.2,4.03,51.0,13.33,0.357,14.2,8.0,22.4,73.9,0.194
2026-08-29T09:09:56.676818+00:00,ENG01,cruise,5056,58.5,630.1,4.03,51.0,13.33,0.348,14.2,8.0,22.4,73.9,0.194
2026-08-29T09:09:57.676818+00:00,ENG01,cruise,5055,58.5,630.1,4.03,51.0,13.33,0.343,14.2,8.0,22.4,73.9,0.194
2026-08-29T09:09:58.676818+00:00,ENG01,cruise,5055,58.5,630.0,4.03,51.0,13.33,0.34,14.2,8.0,22.4,73.8,0.194
2026-08-29T09:09:59.676818+00:00,ENG01,cruise,5055,58.5,630.0,4.03,51.0,13.32,0.359,14.2,8.0,22.4,73.8,0.194
2026-08-29T09:10:00.676818+00:00,ENG01,cruise,5054,58.5,629.9,4.03,51.0,13.32,0.38,14.2,8.0,22.4,73.8,0.194
2026-08-29T09:10:01.676818+00:00,ENG01,cruise,5054,58.5,629.9,4.03,50.9,13.32,0.335,14.2,8.0,22.4,73.8,0.194
2026-08-29T09:10:02.676818+00:00,ENG01,cruise,5054,58.5,629.9,4.03,50.9,13.32,0.338,14.2,8.0,22.4,73.8,0.194
2026-08-29T09:10:03.676818+00:00,ENG01,cruise,5054,58.5,629.8,4.03,50.9,13.32,0.345,14.2,8.0,22.4,73.8,0.194
2026-08-29T09:10:04.676818+00:00,ENG01,cruise,5053,58.5,629.8,4.03,50.9,13.32,0.344,14.2,8.0,22.4,73.8,0.194
2026-08-29T09:10:05.676818+00:00,ENG01,cruise,5053,58.5,629.7,4.03,50.9,13.32,0.379,14.2,8.0,22.4,73.8,0.194
2026-08-29T09:10:06.676818+00:00,ENG01,cruise,5053,58.5,629.7,4.03,50.9,13.31,0.345,14.2,8.0,22.4,73.8,0.194
2026-08-29T09:10:07.676818+00:00,ENG01,cruise,5052,58.5,629.6,4.03,50.9,13.31,0.35,14.2,8.0,22.4,73.8,0.194
2026-08-29T09:10:08.676818+00:00,ENG01,cruise,5052,58.5,629.6,4.02,50.9,13.31,0.361,14.2,8.0,22.4,73.7,0.194
2026-08-29T09:10:09.676818+00:00,ENG01,cruise,5052,58.5,629.5,4.02,50.9,13.31,0.339,14.2,8.0,22.4,73.7,0.194
2026-08-29T09:10:10.676818+00:00,ENG01,cruise,5052,58.4,629.5,4.02,50.9,13.31,0.365,14.2,8.0,22.4,73.7,0.194
2026-08-29T09:10:11.676818+00:00,ENG01,cruise,5051,58.4,629.5,4.02,50.9,13.31,0.352,14.2,8.0,22.4,73.7,0.194
2026-08-29T09:10:12.676818+00:00,ENG01,cruise,5051,58.4,629.4,4.02,50.9,13.3,0.358,14.2,8.0,22.4,73.7,0.194
2026-08-29T09:10:13.676818+00:00,ENG01,cruise,5051,58.4,629.4,4.02,50.9,13.3,0.367,14.2,8.0,22.4,73.7,0.194
2026-08-29T09:10:14.676818+00:00,ENG01,cruise,5051,58.4,629.3,4.02,50.9,13.3,0.354,14.2,8.0,22.4,73.7,0.194
2026-08-29T09:10:15.676818+00:00,ENG01,cruise,5050,58.4,629.3,4.02,50.9,13.3,0.34,14.2,8.0,22.4,73.7,0.194
2026-08-29T09:10:16.676818+00:00,ENG01,cruise,5050,58.4,629.2,4.02,50.9,13.3,0.353,14.2,8.0,22.4,73.7,0.194
2026-08-29T09:10:17.676818+00:00,ENG01,cruise,5050,58.4,629.2,4.02,50.9,13.3,0.342,14.2,8.0,22.4,73.7,0.194
2026-08-29T09:10:18.676818+00:00,ENG01,cruise,5049,58.4,629.1,4.02,50.9,13.29,0.348,14.2,8.0,22.4,73.6,0.194
2026-08-29T09:10:19.676818+00:00,ENG01,cruise,5049,58.4,629.1,4.02,50.8,13.29,0.345,14.2,8.0,22.4,73.6,0.194
2026-08-29T09:10:20.676818+00:00,ENG01,cruise,5049,58.4,629.1,4.02,50.8,13.29,0.342,14.2,8.0,22.4,73.6,0.194
2026-08-29T09:10:21.676818+00:00,ENG01,cruise,5049,58.4,629.0,4.02,50.8,13.29,0.343,14.2,8.0,22.4,73.6,0.194
2026-08-29T09:10:22.676818+00:00,ENG01,cruise,5048,58.4,629.0,4.02,50.8,13.29,0.368,14.2,8.0,22.4,73.6,0.194
2026-08-29T09:10:23.676818+00:00,ENG01,cruise,5048,58.3,628.9,4.02,50.8,13.29,0.346,14.2,8.0,22.4,73.6,0.194
2026-08-29T09:10:24.676818+00:00,ENG01,cruise,5048,58.3,628.9,4.02,50.8,13.28,0.363,14.2,8.0,22.4,73.6,0.193
2026-08-29T09:10:25.676818+00:00,ENG01,cruise,5048,58.3,628.8,4.02,50.8,13.28,0.342,14.2,8.0,22.4,73.6,0.193
2026-08-29T09:10:26.676818+00:00,ENG01,cruise,5047,58.3,628.8,4.02,50.8,13.28,0.359,14.2,8.0,22.4,73.6,0.193
2026-08-29T09:10:27.676818+00:00,ENG01,cruise,5047,58.3,628.7,4.02,50.8,13.28,0.381,14.2,8.0,22.4,73.6,0.193
2026-08-29T09:10:28.676818+00:00,ENG01,cruise,5047,58.3,628.7,4.02,50.8,13.28,0.35,14.2,8.0,22.4,73.5,0.193
2026-08-29T09:10:29.676818+00:00,ENG01,cruise,5046,58.3,628.7,4.02,50.8,13.28,0.377,14.2,8.0,22.4,73.5,0.193
2026-08-29T09:10:30.676818+00:00,ENG01,cruise,5046,58.3,628.6,4.02,50.8,13.27,0.338,14.2,8.0,22.4,73.5,0.193
2026-08-29T09:10:31.676818+00:00,ENG01,cruise,5046,58.3,628.6,4.02,50.8,13.27,0.348,14.2,8.0,22.4,73.5,0.193
2026-08-29T09:10:32.676818+00:00,ENG01,cruise,5046,58.3,628.5,4.02,50.8,13.27,0.345,14.2,8.0,22.4,73.5,0.193
2026-08-29T09:10:33.676818+00:00,ENG01,cruise,5045,58.3,628.5,4.02,50.8,13.27,0.341,14.2,8.0,22.4,73.5,0.193
2026-08-29T09:10:34.676818+00:00,ENG01,cruise,5045,58.3,628.4,4.02,50.8,13.27,0.345,14.2,8.0,22.4,73.5,0.193
2026-08-29T09:10:35.676818+00:00,ENG01,cruise,5045,58.3,628.4,4.01,50.8,13.27,0.363,14.2,8.0,22.4,73.5,0.193
2026-08-29T09:10:36.676818+00:00,ENG01,cruise,5044,58.2,628.3,4.01,50.7,13.26,0.357,14.2,8.0,22.4,73.5,0.193
2026-08-29T09:10:37.676818+00:00,ENG01,cruise,5044,58.2,628.3,4.01,50.7,13.26,0.357,14.2,8.0,22.4,73.5,0.193
2026-08-29T09:10:38.676818+00:00,ENG01,cruise,5044,58.2,628.3,4.01,50.7,13.26,0.38,14.2,8.0,22.4,73.5,0.193
2026-08-29T09:10:39.676818+00:00,ENG01,cruise,5044,58.2,628.2,4.01,50.7,13.26,0.349,14.2,8.0,22.4,73.4,0.193
2026-08-29T09:10:40.676818+00:00,ENG01,cruise,5043,58.2,628.2,4.01,50.7,13.26,0.384,14.2,8.0,22.4,73.4,0.193
2026-08-29T09:10:41.676818+00:00,ENG01,cruise,5043,58.2,628.1,4.01,50.7,13.26,0.374,14.2,8.0,22.4,73.4,0.193
2026-08-29T09:10:42.676818+00:00,ENG01,cruise,5043,58.2,628.1,4.01,50.7,13.25,0.339,14.2,8.0,22.4,73.4,0.193
2026-08-29T09:10:43.676818+00:00,ENG01,cruise,5042,58.2,628.0,4.01,50.7,13.25,0.335,14.2,8.0,22.4,73.4,0.193
2026-08-29T09:10:44.676818+00:00,ENG01,cruise,5042,58.2,628.0,4.01,50.7,13.25,0.37,14.2,8.0,22.4,73.4,0.193
2026-08-29T09:10:45.676818+00:00,ENG01,cruise,5042,58.2,627.9,4.01,50.7,13.25,0.361,14.2,8.0,22.4,73.4,0.193
2026-08-29T09:10:46.676818+00:00,ENG01,cruise,5042,58.2,627.9,4.01,50.7,13.25,0.348,14.2,8.0,22.4,73.4,0.193
2026-08-29T09:10:47.676818+00:00,ENG01,cruise,5041,58.2,627.9,4.01,50.7,13.25,0.336,14.2,8.0,22.4,73.4,0.193
2026-08-29T09:10:48.676818+00:00,ENG01,cruise,5041,58.2,627.8,4.01,50.7,13.25,0.377,14.2,8.0,22.4,73.4,0.193
2026-08-29T09:10:49.676818+00:00,ENG01,cruise,5041,58.1,627.8,4.01,50.7,13.24,0.352,14.2,8.0,22.4,73.3,0.193
2026-08-29T09:10:50.676818+00:00,ENG01,cruise,5041,58.1,627.7,4.01,50.7,13.24,0.355,14.2,8.0,22.4,73.3,0.193
2026-08-29T09:10:51.676818+00:00,ENG01,cruise,5040,58.1,627.7,4.01,50.7,13.24,0.359,14.2,8.0,22.4,73.3,0.193
2026-08-29T09:10:52.676818+00:00,ENG01,cruise,5040,58.1,627.6,4.01,50.7,13.24,0.338,14.2,8.0,22.4,73.3,0.193
2026-08-29T09:10:53.676818+00:00,ENG01,cruise,5040,58.1,627.6,4.01,50.7,13.24,0.39,14.2,8.0,22.4,73.3,0.192
2026-08-29T09:10:54.676818+00:00,ENG01,cruise,5039,58.1,627.5,4.01,50.6,13.24,0.354,14.2,8.0,22.4,73.3,0.192
2026-08-29T09:10:55.676818+00:00,ENG01,cruise,5039,58.1,627.5,4.01,50.6,13.23,0.37,14.2,8.0,22.4,73.3,0.192
2026-08-29T09:10:56.676818+00:00,ENG01,cruise,5039,58.1,627.5,4.01,50.6,13.23,0.36,14.2,8.0,22.4,73.3,0.192
2026-08-29T09:10:57.676818+00:00,ENG01,cruise,5039,58.1,627.4,4.01,50.6,13.23,0.35,14.2,8.0,22.4,73.3,0.192
2026-08-29T09:10:58.676818+00:00,ENG01,cruise,5038,58.1,627.4,4.01,50.6,13.23,0.36,14.2,8.0,22.4,73.3,0.192
2026-08-29T09:10:59.676818+00:00,ENG01,cruise,5038,58.1,627.3,4.01,50.6,13.23,0.365,14.2,8.0,22.4,73.2,0.192
2026-08-29T09:11:00.676818+00:00,ENG01,cruise,5038,58.1,627.3,4.01,50.6,13.23,0.348,14.2,8.0,22.4,73.2,0.192
2026-08-29T09:11:01.676818+00:00,ENG01,cruise,5038,58.1,627.2,4.01,50.6,13.22,0.338,14.2,8.0,22.3,73.2,0.192
2026-08-29T09:11:02.676818+00:00,ENG01,cruise,5037,58.0,627.2,4.01,50.6,13.22,0.333,14.2,8.0,22.3,73.2,0.192
2026-08-29T09:11:03.676818+00:00,ENG01,cruise,5037,58.0,627.1,4.0,50.6,13.22,0.341,14.2,8.0,22.3,73.2,0.192
2026-08-29T09:11:04.676818+00:00,ENG01,cruise,5037,58.0,627.1,4.0,50.6,13.22,0.333,14.2,8.0,22.3,73.2,0.192
2026-08-29T09:11:05.676818+00:00,ENG01,cruise,5036,58.0,627.1,4.0,50.6,13.22,0.343,14.2,8.0,22.3,73.2,0.192
2026-08-29T09:11:06.676818+00:00,ENG01,cruise,5036,58.0,627.0,4.0,50.6,13.22,0.353,14.2,8.0,22.3,73.2,0.192
2026-08-29T09:11:07.676818+00:00,ENG01,cruise,5036,58.0,627.0,4.0,50.6,13.21,0.333,14.2,8.0,22.3,73.2,0.192
2026-08-29T09:11:08.676818+00:00,ENG01,cruise,5036,58.0,626.9,4.0,50.6,13.21,0.339,14.2,8.0,22.3,73.2,0.192
2026-08-29T09:11:09.676818+00:00,ENG01,cruise,5035,58.0,626.9,4.0,50.6,13.21,0.385,14.2,8.0,22.3,73.2,0.192
2026-08-29T09:11:10.676818+00:00,ENG01,cruise,5035,58.0,626.8,4.0,50.6,13.21,0.35,14.2,8.0,22.3,73.1,0.192
2026-08-29T09:11:11.676818+00:00,ENG01,cruise,5035,58.0,626.8,4.0,50.5,13.21,0.348,14.2,8.0,22.3,73.1,0.192
2026-08-29T09:11:12.676818+00:00,ENG01,cruise,5034,58.0,626.7,4.0,50.5,13.21,0.351,14.2,8.0,22.3,73.1,0.192
2026-08-29T09:11:13.676818+00:00,ENG01,cruise,5034,58.0,626.7,4.0,50.5,13.2,0.35,14.2,8.0,22.3,73.1,0.192
2026-08-29T09:11:14.676818+00:00,ENG01,cruise,5034,58.0,626.7,4.0,50.5,13.2,0.351,14.2,8.0,22.3,73.1,0.192
2026-08-29T09:11:15.676818+00:00,ENG01,cruise,5034,57.9,626.6,4.0,50.5,13.2,0.346,14.2,8.0,22.3,73.1,0.192
2026-08-29T09:11:16.676818+00:00,ENG01,cruise,5033,57.9,626.6,4.0,50.5,13.2,0.352,14.2,8.0,22.3,73.1,0.192
2026-08-29T09:11:17.676818+00:00,ENG01,cruise,5033,57.9,626.5,4.0,50.5,13.2,0.354,14.2,8.0,22.3,73.1,0.192
2026-08-29T09:11:18.676818+00:00,ENG01,cruise,5033,57.9,626.5,4.0,50.5,13.2,0.337,14.2,8.0,22.3,73.1,0.192
2026-08-29T09:11:19.676818+00:00,ENG01,cruise,5032,57.9,626.4,4.0,50.5,13.19,0.343,14.2,8.0,22.3,73.1,0.192
2026-08-29T09:11:20.676818+00:00,ENG01,cruise,5032,57.9,626.4,4.0,50.5,13.19,0.367,14.2,8.0,22.3,73.0,0.192
2026-08-29T09:11:21.676818+00:00,ENG01,cruise,5032,57.9,626.3,4.0,50.5,13.19,0.35,14.2,8.0,22.3,73.0,0.191
2026-08-29T09:11:22.676818+00:00,ENG01,cruise,5032,57.9,626.3,4.0,50.5,13.19,0.337,14.2,8.0,22.3,73.0,0.191
2026-08-29T09:11:23.676818+00:00,ENG01,cruise,5031,57.9,626.3,4.0,50.5,13.19,0.349,14.2,8.0,22.3,73.0,0.191
2026-08-29T09:11:24.676818+00:00,ENG01,cruise,5031,57.9,626.2,4.0,50.5,13.19,0.34,14.2,8.0,22.3,73.0,0.191
2026-08-29T09:11:25.676818+00:00,ENG01,cruise,5031,57.9,626.2,4.0,50.5,13.18,0.335,14.2,8.0,22.3,73.0,0.191
2026-08-29T09:11:26.676818+00:00,ENG01,cruise,5031,57.9,626.1,4.0,50.5,13.18,0.342,14.2,8.0,22.3,73.0,0.191
2026-08-29T09:11:27.676818+00:00,ENG01,cruise,5030,57.9,626.1,4.0,50.5,13.18,0.349,14.2,8.0,22.3,73.0,0.191
2026-08-29T09:11:28.676818+00:00,ENG01,cruise,5030,57.8,626.0,4.0,50.4,13.18,0.335,14.2,8.0,22.3,73.0,0.191
2026-08-29T09:11:29.676818+00:00,ENG01,cruise,5030,57.8,626.0,4.0,50.4,13.18,0.357,14.2,8.0,22.3,73.0,0.191
2026-08-29T09:11:30.676818+00:00,ENG01,cruise,5029,57.8,625.9,3.99,50.4,13.18,0.339,14.2,8.0,22.3,72.9,0.191
2026-08-29T09:11:31.676818+00:00,ENG01,cruise,5029,57.8,625.9,3.99,50.4,13.18,0.337,14.2,8.0,22.3,72.9,0.191
2026-08-29T09:11:32.676818+00:00,ENG01,cruise,5029,57.8,625.9,3.99,50.4,13.17,0.355,14.2,8.0,22.3,72.9,0.191
2026-08-29T09:11:33.676818+00:00,ENG01,cruise,5029,57.8,625.8,3.99,50.4,13.17,0.347,14.2,8.0,22.3,72.9,0.191
2026-08-29T09:11:34.676818+00:00,ENG01,cruise,5028,57.8,625.8,3.99,50.4,13.17,0.337,14.2,8.0,22.3,72.9,0.191
2026-08-29T09:11:35.676818+00:00,ENG01,cruise,5028,57.8,625.7,3.99,50.4,13.17,0.332,14.2,8.0,22.3,72.9,0.191
2026-08-29T09:11:36.676818+00:00,ENG01,cruise,5028,57.8,625.7,3.99,50.4,13.17,0.343,14.2,8.0,22.3,72.9,0.191
2026-08-29T09:11:37.676818+00:00,ENG01,cruise,5028,57.8,625.6,3.99,50.4,13.17,0.336,14.2,8.0,22.3,72.9,0.191
2026-08-29T09:11:38.676818+00:00,ENG01,cruise,5027,57.8,625.6,3.99,50.4,13.16,0.341,14.2,8.0,22.3,72.9,0.191
2026-08-29T09:11:39.676818+00:00,ENG01,cruise,5027,57.8,625.5,3.99,50.4,13.16,0.339,14.2,8.0,22.3,72.9,0.191
2026-08-29T09:11:40.676818+00:00,ENG01,cruise,5027,57.8,625.5,3.99,50.4,13.16,0.343,14.2,8.0,22.3,72.8,0.191
2026-08-29T09:11:41.676818+00:00,ENG01,cruise,5026,57.7,625.5,3.99,50.4,13.16,0.34,14.2,8.0,22.3,72.8,0.191
2026-08-29T09:11:42.676818+00:00,ENG01,cruise,5026,57.7,625.4,3.99,50.4,13.16,0.343,14.2,8.0,22.3,72.8,0.191
2026-08-29T09:11:43.676818+00:00,ENG01,cruise,5026,57.7,625.4,3.99,50.4,13.16,0.36,14.2,8.0,22.3,72.8,0.191
2026-08-29T09:11:44.676818+00:00,ENG01,cruise,5026,57.7,625.3,3.99,50.4,13.15,0.337,14.2,8.0,22.3,72.8,0.191
2026-08-29T09:11:45.676818+00:00,ENG01,cruise,5025,57.7,625.3,3.99,50.4,13.15,0.363,14.2,8.0,22.3,72.8,0.191
2026-08-29T09:11:46.676818+00:00,ENG01,cruise,5025,57.7,625.2,3.99,50.3,13.15,0.333,14.2,8.0,22.3,72.8,0.191
2026-08-29T09:11:47.676818+00:00,ENG01,cruise,5025,57.7,625.2,3.99,50.3,13.15,0.348,14.2,8.0,22.3,72.8,0.191
2026-08-29T09:11:48.676818+00:00,ENG01,cruise,5024,57.7,625.1,3.99,50.3,13.15,0.332,14.2,8.0,22.3,72.8,0.191
2026-08-29T09:11:49.676818+00:00,ENG01,cruise,5024,57.7,625.1,3.99,50.3,13.15,0.338,14.2,8.0,22.3,72.8,0.191
2026-08-29T09:11:50.676818+00:00,ENG01,cruise,5024,57.7,625.1,3.99,50.3,13.14,0.366,14.2,8.0,22.3,72.8,0.19
2026-08-29T09:11:51.676818+00:00,ENG01,cruise,5024,57.7,625.0,3.99,50.3,13.14,0.348,14.2,8.0,22.3,72.7,0.19
2026-08-29T09:11:52.676818+00:00,ENG01,cruise,5023,57.7,625.0,3.99,50.3,13.14,0.342,14.2,8.0,22.3,72.7,0.19
2026-08-29T09:11:53.676818+00:00,ENG01,cruise,5023,57.7,624.9,3.99,50.3,13.14,0.347,14.2,8.0,22.3,72.7,0.19
2026-08-29T09:11:54.676818+00:00,ENG01,cruise,5023,57.6,624.9,3.99,50.3,13.14,0.346,14.2,8.0,22.3,72.7,0.19
2026-08-29T09:11:55.676818+00:00,ENG01,cruise,5022,57.6,624.8,3.99,50.3,13.14,0.339,14.2,8.0,22.3,72.7,0.19
2026-08-29T09:11:56.676818+00:00,ENG01,cruise,5022,57.6,624.8,3.99,50.3,13.13,0.345,14.2,8.0,22.3,72.7,0.19
2026-08-29T09:11:57.676818+00:00,ENG01,cruise,5022,57.6,624.7,3.99,50.3,13.13,0.354,14.2,8.0,22.3,72.7,0.19
2026-08-29T09:11:58.676818+00:00,ENG01,cruise,5022,57.6,624.7,3.98,50.3,13.13,0.333,14.2,8.0,22.3,72.7,0.19
2026-08-29T09:11:59.676818+00:00,ENG01,cruise,5021,57.6,624.7,3.98,50.3,13.13,0.335,14.2,8.0,22.3,72.7,0.19
2026-08-29T09:12:00.676818+00:00,ENG01,cruise,5021,57.6,624.6,3.98,50.3,13.13,0.339,14.2,8.0,22.3,72.7,0.19
2026-08-29T09:12:01.676818+00:00,ENG01,cruise,5021,57.6,624.6,3.98,50.3,13.13,0.346,14.2,8.0,22.3,72.6,0.19
2026-08-29T09:12:02.676818+00:00,ENG01,cruise,5021,57.6,624.5,3.98,50.3,13.12,0.364,14.2,8.0,22.3,72.6,0.19
2026-08-29T09:12:03.676818+00:00,ENG01,cruise,5020,57.6,624.5,3.98,50.2,13.12,0.35,14.2,8.0,22.3,72.6,0.19
2026-08-29T09:12:04.676818+00:00,ENG01,cruise,5020,57.6,624.4,3.98,50.2,13.12,0.338,14.2,8.0,22.3,72.6,0.19
2026-08-29T09:12:05.676818+00:00,ENG01,cruise,5020,57.6,624.4,3.98,50.2,13.12,0.35,14.2,8.0,22.3,72.6,0.19
2026-08-29T09:12:06.676818+00:00,ENG01,cruise,5019,57.6,624.3,3.98,50.2,13.12,0.36,14.2,8.0,22.3,72.6,0.19
2026-08-29T09:12:07.676818+00:00,ENG01,cruise,5019,57.5,624.3,3.98,50.2,13.12,0.333,14.2,8.0,22.3,72.6,0.19
2026-08-29T09:12:08.676818+00:00,ENG01,cruise,5019,57.5,624.3,3.98,50.2,13.11,0.352,14.2,8.0,22.3,72.6,0.19
2026-08-29T09:12:09.676818+00:00,ENG01,cruise,5019,57.5,624.2,3.98,50.2,13.11,0.344,14.2,8.0,22.3,72.6,0.19
2026-08-29T09:12:10.676818+00:00,ENG01,cruise,5018,57.5,624.2,3.98,50.2,13.11,0.347,14.2,8.0,22.3,72.6,0.19
2026-08-29T09:12:11.676818+00:00,ENG01,cruise,5018,57.5,624.1,3.98,50.2,13.11,0.369,14.2,8.0,22.3,72.5,0.19
2026-08-29T09:12:12.676818+00:00,ENG01,cruise,5018,57.5,624.1,3.98,50.2,13.11,0.345,14.2,8.0,22.3,72.5,0.19
2026-08-29T09:12:13.676818+00:00,ENG01,cruise,5018,57.5,624.0,3.98,50.2,13.11,0.346,14.2,8.0,22.3,72.5,0.19
2026-08-29T09:12:14.676818+00:00,ENG01,cruise,5017,57.5,624.0,3.98,50.2,13.1,0.332,14.2,8.0,22.3,72.5,0.19
2026-08-29T09:12:15.676818+00:00,ENG01,cruise,5017,57.5,623.9,3.98,50.2,13.1,0.353,14.2,8.0,22.3,72.5,0.19
2026-08-29T09:12:16.676818+00:00,ENG01,cruise,5017,57.5,623.9,3.98,50.2,13.1,0.333,14.2,8.0,22.3,72.5,0.19
2026-08-29T09:12:17.676818+00:00,ENG01,cruise,5016,57.5,623.8,3.98,50.2,13.1,0.346,14.2,8.0,22.3,72.5,0.19
2026-08-29T09:12:18.676818+00:00,ENG01,cruise,5016,57.5,623.8,3.98,50.2,13.1,0.361,14.2,8.0,22.3,72.5,0.19
2026-08-29T09:12:19.676818+00:00,ENG01,cruise,5016,57.5,623.8,3.98,50.2,13.1,0.343,14.2,8.0,22.3,72.5,0.189
2026-08-29T09:12:20.676818+00:00,ENG01,cruise,5016,57.4,623.7,3.98,50.2,13.09,0.334,14.2,8.0,22.3,72.5,0.189
2026-08-29T09:12:21.676818+00:00,ENG01,cruise,5015,57.4,623.7,3.98,50.1,13.09,0.338,14.2,8.0,22.3,72.4,0.189
2026-08-29T09:12:22.676818+00:00,ENG01,cruise,5015,57.4,623.6,3.98,50.1,13.09,0.344,14.2,8.0,22.3,72.4,0.189
2026-08-29T09:12:23.676818+00:00,ENG01,cruise,5015,57.4,623.6,3.98,50.1,13.09,0.351,14.2,8.0,22.3,72.4,0.189
2026-08-29T09:12:24.676818+00:00,ENG01,cruise,5014,57.4,623.5,3.98,50.1,13.09,0.356,14.2,8.0,22.3,72.4,0.189
2026-08-29T09:12:25.676818+00:00,ENG01,cruise,5014,57.4,623.5,3.98,50.1,13.09,0.335,14.2,8.0,22.3,72.4,0.189
2026-08-29T09:12:26.676818+00:00,ENG01,cruise,5014,57.4,623.4,3.97,50.1,13.09,0.366,14.2,8.0,22.3,72.4,0.189
2026-08-29T09:12:27.676818+00:00,ENG01,cruise,5014,57.4,623.4,3.97,50.1,13.08,0.343,14.2,8.0,22.3,72.4,0.189
2026-08-29T09:12:28.676818+00:00,ENG01,cruise,5013,57.4,623.4,3.97,50.1,13.08,0.339,14.2,8.0,22.3,72.4,0.189
2026-08-29T09:12:29.676818+00:00,ENG01,cruise,5013,57.4,623.3,3.97,50.1,13.08,0.349,14.2,8.0,22.3,72.4,0.189
2026-08-29T09:12:30.676818+00:00,ENG01,cruise,5013,57.4,623.3,3.97,50.1,13.08,0.369,14.2,8.0,22.3,72.4,0.189
2026-08-29T09:12:31.676818+00:00,ENG01,cruise,5012,57.4,623.2,3.97,50.1,13.08,0.339,14.2,8.0,22.3,72.4,0.189
2026-08-29T09:12:32.676818+00:00,ENG01,cruise,5012,57.4,623.2,3.97,50.1,13.08,0.371,14.2,8.0,22.3,72.3,0.189
2026-08-29T09:12:33.676818+00:00,ENG01,cruise,5012,57.3,623.1,3.97,50.1,13.07,0.336,14.2,8.0,22.3,72.3,0.189
2026-08-29T09:12:34.676818+00:00,ENG01,cruise,5012,57.3,623.1,3.97,50.1,13.07,0.338,14.2,8.0,22.3,72.3,0.189
2026-08-29T09:12:35.676818+00:00,ENG01,cruise,5011,57.3,623.0,3.97,50.1,13.07,0.331,14.2,8.0,22.3,72.3,0.189
2026-08-29T09:12:36.676818+00:00,ENG01,cruise,5011,57.3,623.0,3.97,50.1,13.07,0.356,14.2,8.0,22.3,72.3,0.189
2026-08-29T09:12:37.676818+00:00,ENG01,cruise,5011,57.3,623.0,3.97,50.1,13.07,0.348,14.2,8.0,22.3,72.3,0.189
2026-08-29T09:12:38.676818+00:00,ENG01,cruise,5011,57.3,622.9,3.97,50.0,13.07,0.373,14.2,8.0,22.3,72.3,0.189
2026-08-29T09:12:39.676818+00:00,ENG01,cruise,5010,57.3,622.9,3.97,50.0,13.06,0.33,14.2,8.0,22.3,72.3,0.189
2026-08-29T09:12:40.676818+00:00,ENG01,cruise,5010,57.3,622.8,3.97,50.0,13.06,0.339,14.2,8.0,22.3,72.3,0.189
2026-08-29T09:12:41.676818+00:00,ENG01,cruise,5010,57.3,622.8,3.97,50.0,13.06,0.358,14.2,8.0,22.3,72.3,0.189
2026-08-29T09:12:42.676818+00:00,ENG01,cruise,5009,57.3,622.7,3.97,50.0,13.06,0.337,14.2,8.0,22.3,72.2,0.189
2026-08-29T09:12:43.676818+00:00,ENG01,cruise,5009,57.3,622.7,3.97,50.0,13.06,0.336,14.2,8.0,22.3,72.2,0.189
2026-08-29T09:12:44.676818+00:00,ENG01,cruise,5009,57.3,622.6,3.97,50.0,13.06,0.33,14.2,8.0,22.3,72.2,0.189
2026-08-29T09:12:45.676818+00:00,ENG01,cruise,5009,57.3,622.6,3.97,50.0,13.05,0.342,14.2,8.0,22.3,72.2,0.189
2026-08-29T09:12:46.676818+00:00,ENG01,cruise,5008,57.2,622.6,3.97,50.0,13.05,0.383,14.2,8.0,22.3,72.2,0.189
2026-08-29T09:12:47.676818+00:00,ENG01,cruise,5008,57.2,622.5,3.97,50.0,13.05,0.335,14.2,8.0,22.3,72.2,0.189
2026-08-29T09:12:48.676818+00:00,ENG01,cruise,5008,57.2,622.5,3.97,50.0,13.05,0.333,14.2,8.0,22.3,72.2,0.188
2026-08-29T09:12:49.676818+00:00,ENG01,cruise,5008,57.2,622.4,3.97,50.0,13.05,0.339,14.2,8.0,22.3,72.2,0.188
2026-08-29T09:12:50.676818+00:00,ENG01,cruise,5007,57.2,622.4,3.97,50.0,13.05,0.382,14.2,8.0,22.3,72.2,0.188
2026-08-29T09:12:51.676818+00:00,ENG01,cruise,5007,57.2,622.3,3.97,50.0,13.04,0.357,14.2,8.0,22.3,72.2,0.188
2026-08-29T09:12:52.676818+00:00,ENG01,cruise,5007,57.2,622.3,3.97,50.0,13.04,0.392,14.2,8.0,22.3,72.1,0.188
2026-08-29T09:12:53.676818+00:00,ENG01,cruise,5006,57.2,622.2,3.96,50.0,13.04,0.356,14.2,8.0,22.3,72.1,0.188
2026-08-29T09:12:54.676818+00:00,ENG01,cruise,5006,57.2,622.2,3.96,50.0,13.04,0.356,14.2,8.0,22.3,72.1,0.188
2026-08-29T09:12:55.676818+00:00,ENG01,cruise,5006,57.2,622.1,3.96,50.0,13.04,0.356,14.2,8.0,22.3,72.1,0.188
2026-08-29T09:12:56.676818+00:00,ENG01,cruise,5006,57.2,622.1,3.96,49.9,13.04,0.331,14.2,8.0,22.3,72.1,0.188
2026-08-29T09:12:57.676818+00:00,ENG01,cruise,5005,57.2,622.1,3.96,49.9,13.03,0.373,14.2,8.0,22.3,72.1,0.188
2026-08-29T09:12:58.676818+00:00,ENG01,cruise,5005,57.2,622.0,3.96,49.9,13.03,0.335,14.2,8.0,22.3,72.1,0.188
2026-08-29T09:12:59.676818+00:00,ENG01,cruise,5005,57.1,622.0,3.96,49.9,13.03,0.333,14.2,8.0,22.3,72.1,0.188
2026-08-29T09:13:00.676818+00:00,ENG01,cruise,5004,57.1,621.9,3.96,49.9,13.03,0.344,14.2,8.0,22.3,72.1,0.188
2026-08-29T09:13:01.676818+00:00,ENG01,cruise,5004,57.1,621.9,3.96,49.9,13.03,0.342,14.2,8.0,22.3,72.1,0.188
2026-08-29T09:13:02.676818+00:00,ENG01,cruise,5004,57.1,621.8,3.96,49.9,13.03,0.336,14.2,8.0,22.3,72.0,0.188
2026-08-29T09:13:03.676818+00:00,ENG01,cruise,5004,57.1,621.8,3.96,49.9,13.02,0.343,14.2,8.0,22.3,72.0,0.188
2026-08-29T09:13:04.676818+00:00,ENG01,cruise,5003,57.1,621.7,3.96,49.9,13.02,0.368,14.2,8.0,22.3,72.0,0.188
2026-08-29T09:13:05.676818+00:00,ENG01,cruise,5003,57.1,621.7,3.96,49.9,13.02,0.339,14.2,8.0,22.3,72.0,0.188
2026-08-29T09:13:06.676818+00:00,ENG01,cruise,5003,57.1,621.7,3.96,49.9,13.02,0.335,14.2,8.0,22.3,72.0,0.188
2026-08-29T09:13:07.676818+00:00,ENG01,cruise,5002,57.1,621.6,3.96,49.9,13.02,0.356,14.2,8.0,22.3,72.0,0.188
2026-08-29T09:13:08.676818+00:00,ENG01,cruise,5002,57.1,621.6,3.96,49.9,13.02,0.349,14.2,8.0,22.3,72.0,0.188
2026-08-29T09:13:09.676818+00:00,ENG01,cruise,5002,57.1,621.5,3.96,49.9,13.01,0.331,14.2,8.0,22.3,72.0,0.188
2026-08-29T09:13:10.676818+00:00,ENG01,cruise,5002,57.1,621.5,3.96,49.9,13.01,0.338,14.2,8.0,22.3,72.0,0.188
2026-08-29T09:13:11.676818+00:00,ENG01,cruise,5001,57.1,621.4,3.96,49.9,13.01,0.334,14.2,8.0,22.3,72.0,0.188
2026-08-29T09:13:12.676818+00:00,ENG01,cruise,5001,57.0,621.4,3.96,49.9,13.01,0.357,14.2,8.0,22.3,72.0,0.188
2026-08-29T09:13:13.676818+00:00,ENG01,cruise,5001,57.0,621.3,3.96,49.8,13.01,0.346,14.2,8.0,22.3,71.9,0.188
2026-08-29T09:13:14.676818+00:00,ENG01,cruise,5001,57.0,621.3,3.96,49.8,13.01,0.371,14.2,8.0,22.3,71.9,0.188
2026-08-29T09:13:15.676818+00:00,ENG01,cruise,5000,57.0,621.3,3.96,49.8,13.0,0.345,14.2,8.0,22.3,71.9,0.188
2026-08-29T09:13:16.676818+00:00,ENG01,high_altitude_cruise,5000,57.0,621.2,3.96,49.8,13.0,0.337,14.2,8.0,22.3,71.9,0.188
2026-08-29T09:13:17.676818+00:00,ENG01,high_altitude_cruise,5001,56.9,621.2,3.96,49.8,13.0,0.332,14.2,8.0,22.3,71.9,0.188
2026-08-29T09:13:18.676818+00:00,ENG01,high_altitude_cruise,5002,56.8,621.1,3.96,49.8,13.01,0.334,14.2,8.0,22.3,71.9,0.188
2026-08-29T09:13:19.676818+00:00,ENG01,high_altitude_cruise,5002,56.8,621.1,3.96,49.8,13.01,0.353,14.2,8.0,22.3,71.9,0.188
2026-08-29T09:13:20.676818+00:00,ENG01,high_altitude_cruise,5003,56.7,621.1,3.96,49.8,13.01,0.34,14.2,8.0,22.3,71.9,0.188
2026-08-29T09:13:21.676818+00:00,ENG01,high_altitude_cruise,5004,56.6,621.1,3.96,49.8,13.01,0.346,14.2,8.0,22.3,72.0,0.188
2026-08-29T09:13:22.676818+00:00,ENG01,high_altitude_cruise,5005,56.6,621.1,3.96,49.8,13.01,0.346,14.2,8.0,22.3,72.0,0.188
2026-08-29T09:13:23.676818+00:00,ENG01,high_altitude_cruise,5006,56.5,621.0,3.96,49.8,13.01,0.344,14.2,8.0,22.3,72.0,0.188
2026-08-29T09:13:24.676818+00:00,ENG01,high_altitude_cruise,5007,56.4,621.0,3.97,49.8,13.02,0.333,14.2,8.0,22.3,72.0,0.188
2026-08-29T09:13:25.676818+00:00,ENG01,high_altitude_cruise,5008,56.4,621.0,3.97,49.8,13.02,0.332,14.2,8.0,22.3,72.0,0.188
2026-08-29T09:13:26.676818+00:00,ENG01,high_altitude_cruise,5008,56.3,621.0,3.97,49.8,13.02,0.331,14.2,8.0,22.3,72.0,0.189
2026-08-29T09:13:27.676818+00:00,ENG01,high_altitude_cruise,5009,56.3,621.0,3.97,49.8,13.02,0.34,14.2,8.0,22.3,72.0,0.189
2026-08-29T09:13:28.676818+00:00,ENG01,high_altitude_cruise,5010,56.2,621.0,3.97,49.7,13.02,0.353,14.2,8.0,22.3,72.0,0.189
2026-08-29T09:13:29.676818+00:00,ENG01,high_altitude_cruise,5011,56.1,621.0,3.97,49.7,13.02,0.349,14.2,8.0,22.3,72.0,0.189
2026-08-29T09:13:30.676818+00:00,ENG01,high_altitude_cruise,5012,56.1,621.0,3.97,49.7,13.03,0.37,14.2,8.0,22.3,72.0,0.189
2026-08-29T09:13:31.676818+00:00,ENG01,high_altitude_cruise,5012,56.0,621.0,3.97,49.7,13.03,0.339,14.2,8.0,22.3,72.0,0.189
2026-08-29T09:13:32.676818+00:00,ENG01,high_altitude_cruise,5013,56.0,621.0,3.97,49.7,13.03,0.337,14.2,8.0,22.3,72.0,0.189
2026-08-29T09:13:33.676818+00:00,ENG01,high_altitude_cruise,5014,55.9,621.0,3.98,49.7,13.03,0.342,14.2,8.0,22.3,72.1,0.189
2026-08-29T09:13:34.676818+00:00,ENG01,high_altitude_cruise,5015,55.8,621.0,3.98,49.7,13.03,0.331,14.2,8.0,22.3,72.1,0.189
2026-08-29T09:13:35.676818+00:00,ENG01,high_altitude_cruise,5016,55.8,621.0,3.98,49.7,13.03,0.375,14.2,8.0,22.3,72.1,0.189
2026-08-29T09:13:36.676818+00:00,ENG01,high_altitude_cruise,5017,55.7,621.0,3.98,49.7,13.03,0.333,14.2,8.0,22.3,72.1,0.19
2026-08-29T09:13:37.676818+00:00,ENG01,high_altitude_cruise,5018,55.7,621.0,3.98,49.7,13.04,0.332,14.2,8.0,22.3,72.1,0.19
2026-08-29T09:13:38.676818+00:00,ENG01,high_altitude_cruise,5018,55.6,621.1,3.98,49.6,13.04,0.337,14.2,8.0,22.3,72.1,0.19
2026-08-29T09:13:39.676818+00:00,ENG01,high_altitude_cruise,5019,55.6,621.1,3.98,49.6,13.04,0.345,14.2,8.0,22.3,72.1,0.19
2026-08-29T09:13:40.676818+00:00,ENG01,high_altitude_cruise,5020,55.5,621.1,3.98,49.6,13.04,0.334,14.2,8.0,22.3,72.1,0.19
2026-08-29T09:13:41.676818+00:00,ENG01,high_altitude_cruise,5021,55.4,621.1,3.98,49.6,13.04,0.353,14.2,8.0,22.3,72.1,0.19
2026-08-29T09:13:42.676818+00:00,ENG01,high_altitude_cruise,5022,55.4,621.1,3.98,49.6,13.04,0.333,14.2,8.0,22.3,72.1,0.19
2026-08-29T09:13:43.676818+00:00,ENG01,high_altitude_cruise,5022,55.3,621.1,3.99,49.6,13.05,0.339,14.2,8.0,22.3,72.1,0.19
2026-08-29T09:13:44.676818+00:00,ENG01,high_altitude_cruise,5023,55.3,621.1,3.99,49.6,13.05,0.337,14.2,8.0,22.3,72.1,0.19
2026-08-29T09:13:45.676818+00:00,ENG01,high_altitude_cruise,5024,55.2,621.1,3.99,49.6,13.05,0.338,14.2,8.0,22.3,72.1,0.191
2026-08-29T09:13:46.676818+00:00,ENG01,high_altitude_cruise,5025,55.2,621.1,3.99,49.6,13.05,0.352,14.2,8.0,22.3,72.2,0.191
2026-08-29T09:13:47.676818+00:00,ENG01,high_altitude_cruise,5026,55.1,621.1,3.99,49.5,13.05,0.334,14.2,8.0,22.3,72.2,0.191
2026-08-29T09:13:48.676818+00:00,ENG01,high_altitude_cruise,5027,55.1,621.1,3.99,49.5,13.05,0.338,14.2,8.0,22.3,72.2,0.191
2026-08-29T09:13:49.676818+00:00,ENG01,high_altitude_cruise,5028,55.0,621.1,3.99,49.5,13.05,0.344,14.2,8.0,22.3,72.2,0.191
2026-08-29T09:13:50.676818+00:00,ENG01,high_altitude_cruise,5028,54.9,621.2,3.99,49.5,13.06,0.355,14.2,8.0,22.3,72.2,0.191
2026-08-29T09:13:51.676818+00:00,ENG01,high_altitude_cruise,5029,54.9,621.2,3.99,49.5,13.06,0.345,14.2,8.0,22.3,72.2,0.191
2026-08-29T09:13:52.676818+00:00,ENG01,high_altitude_cruise,5030,54.8,621.2,4.0,49.5,13.06,0.336,14.2,8.0,22.3,72.2,0.191
2026-08-29T09:13:53.676818+00:00,ENG01,high_altitude_cruise,5031,54.8,621.2,4.0,49.5,13.06,0.343,14.2,8.0,22.3,72.2,0.191
2026-08-29T09:13:54.676818+00:00,ENG01,high_altitude_cruise,5032,54.7,621.2,4.0,49.5,13.06,0.345,14.2,8.0,22.3,72.2,0.191
2026-08-29T09:13:55.676818+00:00,ENG01,high_altitude_cruise,5032,54.7,621.2,4.0,49.4,13.06,0.36,14.2,8.0,22.3,72.2,0.192
2026-08-29T09:13:56.676818+00:00,ENG01,high_altitude_cruise,5033,54.6,621.2,4.0,49.4,13.07,0.333,14.2,8.0,22.3,72.2,0.192
2026-08-29T09:13:57.676818+00:00,ENG01,high_altitude_cruise,5034,54.6,621.2,4.0,49.4,13.07,0.371,14.2,8.0,22.3,72.2,0.192
2026-08-29T09:13:58.676818+00:00,ENG01,high_altitude_cruise,5035,54.5,621.2,4.0,49.4,13.07,0.341,14.2,8.0,22.3,72.3,0.192
2026-08-29T09:13:59.676818+00:00,ENG01,high_altitude_cruise,5036,54.5,621.2,4.0,49.4,13.07,0.353,14.2,8.0,22.3,72.3,0.192
2026-08-29T09:14:00.676818+00:00,ENG01,high_altitude_cruise,5037,54.4,621.2,4.0,49.4,13.07,0.34,14.2,8.0,22.3,72.3,0.192
2026-08-29T09:14:01.676818+00:00,ENG01,high_altitude_cruise,5038,54.4,621.2,4.01,49.4,13.07,0.346,14.2,8.0,22.3,72.3,0.192
2026-08-29T09:14:02.676818+00:00,ENG01,high_altitude_cruise,5038,54.3,621.3,4.01,49.4,13.07,0.342,14.2,8.0,22.4,72.3,0.192
2026-08-29T09:14:03.676818+00:00,ENG01,high_altitude_cruise,5039,54.3,621.3,4.01,49.3,13.08,0.332,14.2,8.0,22.4,72.3,0.192
2026-08-29T09:14:04.676818+00:00,ENG01,high_altitude_cruise,5040,54.2,621.3,4.01,49.3,13.08,0.356,14.2,8.0,22.4,72.3,0.193
2026-08-29T09:14:05.676818+00:00,ENG01,high_altitude_cruise,5041,54.2,621.3,4.01,49.3,13.08,0.364,14.2,8.0,22.4,72.3,0.193
2026-08-29T09:14:06.676818+00:00,ENG01,high_altitude_cruise,5042,54.1,621.3,4.01,49.3,13.08,0.344,14.2,8.0,22.4,72.3,0.193
2026-08-29T09:14:07.676818+00:00,ENG01,high_altitude_cruise,5042,54.1,621.3,4.01,49.3,13.08,0.334,14.2,8.0,22.4,72.3,0.193
2026-08-29T09:14:08.676818+00:00,ENG01,high_altitude_cruise,5043,54.0,621.3,4.01,49.3,13.08,0.351,14.2,8.0,22.4,72.3,0.193
2026-08-29T09:14:09.676818+00:00,ENG01,high_altitude_cruise,5044,54.0,621.3,4.01,49.3,13.09,0.365,14.2,8.0,22.4,72.3,0.193
2026-08-29T09:14:10.676818+00:00,ENG01,high_altitude_cruise,5045,53.9,621.3,4.02,49.2,13.09,0.332,14.2,8.0,22.4,72.3,0.193
2026-08-29T09:14:11.676818+00:00,ENG01,high_altitude_cruise,5046,53.9,621.3,4.02,49.2,13.09,0.354,14.2,8.0,22.4,72.4,0.193
2026-08-29T09:14:12.676818+00:00,ENG01,high_altitude_cruise,5047,53.8,621.3,4.02,49.2,13.09,0.359,14.2,8.0,22.4,72.4,0.193
2026-08-29T09:14:13.676818+00:00,ENG01,high_altitude_cruise,5048,53.8,621.3,4.02,49.2,13.09,0.347,14.2,8.0,22.4,72.4,0.193
2026-08-29T09:14:14.676818+00:00,ENG01,high_altitude_cruise,5048,53.7,621.4,4.02,49.2,13.09,0.337,14.2,8.0,22.4,72.4,0.194
2026-08-29T09:14:15.676818+00:00,ENG01,high_altitude_cruise,5049,53.7,621.4,4.02,49.2,13.09,0.369,14.2,8.0,22.4,72.4,0.194
2026-08-29T09:14:16.676818+00:00,ENG01,high_altitude_cruise,5050,53.6,621.4,4.02,49.1,13.1,0.36,14.2,8.0,22.4,72.4,0.194
2026-08-29T09:14:17.676818+00:00,ENG01,high_altitude_cruise,5051,53.6,621.4,4.02,49.1,13.1,0.333,14.2,8.0,22.4,72.4,0.194
2026-08-29T09:14:18.676818+00:00,ENG01,high_altitude_cruise,5052,53.6,621.4,4.02,49.1,13.1,0.336,14.2,8.0,22.4,72.4,0.194
2026-08-29T09:14:19.676818+00:00,ENG01,high_altitude_cruise,5052,53.5,621.4,4.03,49.1,13.1,0.336,14.2,8.0,22.4,72.4,0.194
2026-08-29T09:14:20.676818+00:00,ENG01,high_altitude_cruise,5053,53.5,621.4,4.03,49.1,13.1,0.351,14.2,8.0,22.4,72.4,0.194
2026-08-29T09:14:21.676818+00:00,ENG01,high_altitude_cruise,5054,53.4,621.4,4.03,49.1,13.1,0.352,14.2,8.0,22.4,72.4,0.194
2026-08-29T09:14:22.676818+00:00,ENG01,high_altitude_cruise,5055,53.4,621.4,4.03,49.1,13.1,0.35,14.2,8.0,22.4,72.4,0.194
2026-08-29T09:14:23.676818+00:00,ENG01,high_altitude_cruise,5056,53.3,621.4,4.03,49.0,13.11,0.369,14.2,8.0,22.4,72.4,0.194
2026-08-29T09:14:24.676818+00:00,ENG01,high_altitude_cruise,5057,53.3,621.4,4.03,49.0,13.11,0.348,14.2,8.0,22.4,72.5,0.195
2026-08-29T09:14:25.676818+00:00,ENG01,high_altitude_cruise,5058,53.2,621.4,4.03,49.0,13.11,0.342,14.2,8.0,22.4,72.5,0.195
2026-08-29T09:14:26.676818+00:00,ENG01,high_altitude_cruise,5058,53.2,621.4,4.03,49.0,13.11,0.355,14.2,8.0,22.4,72.5,0.195
2026-08-29T09:14:27.676818+00:00,ENG01,high_altitude_cruise,5059,53.1,621.5,4.03,49.0,13.11,0.369,14.2,8.0,22.4,72.5,0.195
2026-08-29T09:14:28.676818+00:00,ENG01,high_altitude_cruise,5060,53.1,621.5,4.03,49.0,13.11,0.333,14.2,8.0,22.4,72.5,0.195
2026-08-29T09:14:29.676818+00:00,ENG01,high_altitude_cruise,5061,53.1,621.5,4.04,48.9,13.11,0.363,14.2,8.0,22.4,72.5,0.195
2026-08-29T09:14:30.676818+00:00,ENG01,high_altitude_cruise,5062,53.0,621.5,4.04,48.9,13.12,0.337,14.2,8.0,22.4,72.5,0.195
2026-08-29T09:14:31.676818+00:00,ENG01,high_altitude_cruise,5062,53.0,621.5,4.04,48.9,13.12,0.352,14.2,8.0,22.4,72.5,0.195
2026-08-29T09:14:32.676818+00:00,ENG01,high_altitude_cruise,5063,52.9,621.5,4.04,48.9,13.12,0.347,14.2,8.0,22.4,72.5,0.195
2026-08-29T09:14:33.676818+00:00,ENG01,high_altitude_cruise,5064,52.9,621.5,4.04,48.9,13.12,0.355,14.2,8.0,22.4,72.5,0.196
2026-08-29T09:14:34.676818+00:00,ENG01,high_altitude_cruise,5065,52.8,621.5,4.04,48.9,13.12,0.372,14.2,8.0,22.4,72.5,0.196
2026-08-29T09:14:35.676818+00:00,ENG01,high_altitude_cruise,5066,52.8,621.5,4.04,48.8,13.12,0.342,14.2,8.0,22.4,72.5,0.196
2026-08-29T09:14:36.676818+00:00,ENG01,high_altitude_cruise,5067,52.8,621.5,4.04,48.8,13.12,0.351,14.2,8.0,22.4,72.5,0.196
2026-08-29T09:14:37.676818+00:00,ENG01,high_altitude_cruise,5068,52.7,621.5,4.04,48.8,13.13,0.357,14.2,8.0,22.4,72.6,0.196
2026-08-29T09:14:38.676818+00:00,ENG01,high_altitude_cruise,5068,52.7,621.5,4.05,48.8,13.13,0.336,14.2,8.0,22.4,72.6,0.196
2026-08-29T09:14:39.676818+00:00,ENG01,high_altitude_cruise,5069,52.6,621.5,4.05,48.8,13.13,0.354,14.2,8.0,22.4,72.6,0.196
2026-08-29T09:14:40.676818+00:00,ENG01,high_altitude_cruise,5070,52.6,621.5,4.05,48.7,13.13,0.368,14.2,8.0,22.4,72.6,0.196
2026-08-29T09:14:41.676818+00:00,ENG01,high_altitude_cruise,5071,52.6,621.5,4.05,48.7,13.13,0.338,14.2,8.0,22.4,72.6,0.196
2026-08-29T09:14:42.676818+00:00,ENG01,high_altitude_cruise,5072,52.5,621.5,4.05,48.7,13.13,0.334,14.2,8.0,22.4,72.6,0.196
2026-08-29T09:14:43.676818+00:00,ENG01,high_altitude_cruise,5072,52.5,621.6,4.05,48.7,13.13,0.336,14.2,8.0,22.4,72.6,0.197
2026-08-29T09:14:44.676818+00:00,ENG01,high_altitude_cruise,5073,52.4,621.6,4.05,48.7,13.14,0.358,14.2,8.0,22.4,72.6,0.197
2026-08-29T09:14:45.676818+00:00,ENG01,high_altitude_cruise,5074,52.4,621.6,4.05,48.7,13.14,0.349,14.2,8.0,22.4,72.6,0.197
2026-08-29T09:14:46.676818+00:00,ENG01,high_altitude_cruise,5075,52.4,621.6,4.05,48.6,13.14,0.336,14.2,8.0,22.4,72.6,0.197
2026-08-29T09:14:47.676818+00:00,ENG01,high_altitude_cruise,5076,52.3,621.6,4.06,48.6,13.14,0.335,14.2,8.0,22.4,72.6,0.197
2026-08-29T09:14:48.676818+00:00,ENG01,high_altitude_cruise,5077,52.3,621.6,4.06,48.6,13.14,0.335,14.2,8.0,22.4,72.6,0.197
2026-08-29T09:14:49.676818+00:00,ENG01,high_altitude_cruise,5078,52.2,621.6,4.06,48.6,13.14,0.37,14.2,8.0,22.4,72.6,0.197
2026-08-29T09:14:50.676818+00:00,ENG01,high_altitude_cruise,5078,52.2,621.6,4.06,48.6,13.14,0.352,14.2,8.0,22.4,72.7,0.197
2026-08-29T09:14:51.676818+00:00,ENG01,high_altitude_cruise,5079,52.2,621.6,4.06,48.5,13.15,0.383,14.2,8.0,22.4,72.7,0.197
2026-08-29T09:14:52.676818+00:00,ENG01,high_altitude_cruise,5080,52.1,621.6,4.06,48.5,13.15,0.347,14.2,8.0,22.4,72.7,0.198
2026-08-29T09:14:53.676818+00:00,ENG01,high_altitude_cruise,5081,52.1,621.6,4.06,48.5,13.15,0.351,14.2,8.0,22.4,72.7,0.198
2026-08-29T09:14:54.676818+00:00,ENG01,high_altitude_cruise,5082,52.0,621.6,4.06,48.5,13.15,0.348,14.2,8.0,22.4,72.7,0.198
2026-08-29T09:14:55.676818+00:00,ENG01,high_altitude_cruise,5082,52.0,621.6,4.06,48.5,13.15,0.347,14.2,8.0,22.4,72.7,0.198
2026-08-29T09:14:56.676818+00:00,ENG01,high_altitude_cruise,5083,52.0,621.6,4.07,48.5,13.15,0.335,14.2,8.0,22.4,72.7,0.198
2026-08-29T09:14:57.676818+00:00,ENG01,high_altitude_cruise,5084,51.9,621.6,4.07,48.4,13.15,0.357,14.2,8.0,22.4,72.7,0.198
2026-08-29T09:14:58.676818+00:00,ENG01,high_altitude_cruise,5085,51.9,621.6,4.07,48.4,13.16,0.351,14.2,8.0,22.4,72.7,0.198
2026-08-29T09:14:59.676818+00:00,ENG01,high_altitude_cruise,5086,51.8,621.6,4.07,48.4,13.16,0.368,14.2,8.0,22.4,72.7,0.198
2026-08-29T09:15:00.676818+00:00,ENG01,high_altitude_cruise,5087,51.8,621.6,4.07,48.4,13.16,0.342,14.2,8.0,22.4,72.7,0.198
2026-08-29T09:15:01.676818+00:00,ENG01,high_altitude_cruise,5088,51.8,621.6,4.07,48.4,13.16,0.34,14.2,8.0,22.4,72.7,0.198
2026-08-29T09:15:02.676818+00:00,ENG01,high_altitude_cruise,5088,51.7,621.6,4.07,48.3,13.16,0.364,14.2,8.0,22.4,72.7,0.199
2026-08-29T09:15:03.676818+00:00,ENG01,high_altitude_cruise,5089,51.7,621.6,4.07,48.3,13.16,0.337,14.2,8.0,22.4,72.8,0.199
2026-08-29T09:15:04.676818+00:00,ENG01,high_altitude_cruise,5090,51.7,621.7,4.07,48.3,13.16,0.346,14.2,8.0,22.4,72.8,0.199
2026-08-29T09:15:05.676818+00:00,ENG01,high_altitude_cruise,5091,51.6,621.7,4.07,48.3,13.16,0.351,14.2,8.0,22.5,72.8,0.199
2026-08-29T09:15:06.676818+00:00,ENG01,high_altitude_cruise,5092,51.6,621.7,4.08,48.3,13.17,0.352,14.2,8.0,22.5,72.8,0.199
2026-08-29T09:15:07.676818+00:00,ENG01,high_altitude_cruise,5092,51.6,621.7,4.08,48.2,13.17,0.357,14.2,8.0,22.5,72.8,0.199
2026-08-29T09:15:08.676818+00:00,ENG01,high_altitude_cruise,5093,51.5,621.7,4.08,48.2,13.17,0.338,14.2,8.0,22.5,72.8,0.199
2026-08-29T09:15:09.676818+00:00,ENG01,high_altitude_cruise,5094,51.5,621.7,4.08,48.2,13.17,0.344,14.2,8.0,22.5,72.8,0.199
2026-08-29T09:15:10.676818+00:00,ENG01,high_altitude_cruise,5095,51.4,621.7,4.08,48.2,13.17,0.39,14.2,8.0,22.5,72.8,0.199
2026-08-29T09:15:11.676818+00:00,ENG01,high_altitude_cruise,5096,51.4,621.7,4.08,48.2,13.17,0.359,14.2,8.0,22.5,72.8,0.199
2026-08-29T09:15:12.676818+00:00,ENG01,high_altitude_cruise,5097,51.4,621.7,4.08,48.1,13.17,0.361,14.2,8.0,22.5,72.8,0.2
2026-08-29T09:15:13.676818+00:00,ENG01,high_altitude_cruise,5098,51.3,621.7,4.08,48.1,13.18,0.366,14.2,8.0,22.5,72.8,0.2
2026-08-29T09:15:14.676818+00:00,ENG01,high_altitude_cruise,5098,51.3,621.7,4.08,48.1,13.18,0.338,14.2,8.0,22.5,72.8,0.2
2026-08-29T09:15:15.676818+00:00,ENG01,high_altitude_cruise,5099,51.3,621.7,4.09,48.1,13.18,0.367,14.2,8.0,22.5,72.8,0.2
2026-08-29T09:15:16.676818+00:00,ENG01,high_altitude_cruise,5100,51.2,621.7,4.09,48.1,13.18,0.349,14.2,8.0,22.5,72.8,0.2
2026-08-29T09:15:17.676818+00:00,ENG01,high_altitude_cruise,5101,51.2,621.7,4.09,48.0,13.18,0.346,14.2,8.0,22.5,72.9,0.2
2026-08-29T09:15:18.676818+00:00,ENG01,high_altitude_cruise,5102,51.2,621.7,4.09,48.0,13.18,0.356,14.2,8.0,22.5,72.9,0.2
2026-08-29T09:15:19.676818+00:00,ENG01,high_altitude_cruise,5102,51.1,621.7,4.09,48.0,13.18,0.363,14.2,8.0,22.5,72.9,0.2
2026-08-29T09:15:20.676818+00:00,ENG01,high_altitude_cruise,5103,51.1,621.7,4.09,48.0,13.19,0.365,14.2,8.0,22.5,72.9,0.2
2026-08-29T09:15:21.676818+00:00,ENG01,high_altitude_cruise,5104,51.1,621.7,4.09,48.0,13.19,0.357,14.2,8.0,22.5,72.9,0.201
2026-08-29T09:15:22.676818+00:00,ENG01,high_altitude_cruise,5105,51.0,621.7,4.09,47.9,13.19,0.345,14.2,8.0,22.5,72.9,0.201
2026-08-29T09:15:23.676818+00:00,ENG01,high_altitude_cruise,5106,51.0,621.7,4.09,47.9,13.19,0.362,14.2,8.0,22.5,72.9,0.201
2026-08-29T09:15:24.676818+00:00,ENG01,high_altitude_cruise,5107,51.0,621.7,4.1,47.9,13.19,0.352,14.2,8.0,22.5,72.9,0.201
2026-08-29T09:15:25.676818+00:00,ENG01,high_altitude_cruise,5108,50.9,621.7,4.1,47.9,13.19,0.362,14.2,8.0,22.5,72.9,0.201
2026-08-29T09:15:26.676818+00:00,ENG01,high_altitude_cruise,5108,50.9,621.7,4.1,47.9,13.19,0.342,14.2,8.0,22.5,72.9,0.201
2026-08-29T09:15:27.676818+00:00,ENG01,high_altitude_cruise,5109,50.9,621.7,4.1,47.8,13.19,0.365,14.2,8.0,22.5,72.9,0.201
2026-08-29T09:15:28.676818+00:00,ENG01,high_altitude_cruise,5110,50.8,621.7,4.1,47.8,13.2,0.352,14.2,8.0,22.5,72.9,0.201
2026-08-29T09:15:29.676818+00:00,ENG01,high_altitude_cruise,5111,50.8,621.7,4.1,47.8,13.2,0.337,14.2,8.0,22.5,72.9,0.201
2026-08-29T09:15:30.676818+00:00,ENG01,high_altitude_cruise,5112,50.8,621.7,4.1,47.8,13.2,0.354,14.2,8.0,22.5,73.0,0.201
2026-08-29T09:15:31.676818+00:00,ENG01,high_altitude_cruise,5112,50.7,621.7,4.1,47.8,13.2,0.346,14.2,8.0,22.5,73.0,0.202
2026-08-29T09:15:32.676818+00:00,ENG01,high_altitude_cruise,5113,50.7,621.7,4.1,47.7,13.2,0.367,14.2,8.0,22.5,73.0,0.202
2026-08-29T09:15:33.676818+00:00,ENG01,high_altitude_cruise,5114,50.7,621.7,4.11,47.7,13.2,0.344,14.2,8.0,22.5,73.0,0.202
2026-08-29T09:15:34.676818+00:00,ENG01,high_altitude_cruise,5115,50.6,621.7,4.11,47.7,13.2,0.348,14.2,8.0,22.5,73.0,0.202
2026-08-29T09:15:35.676818+00:00,ENG01,high_altitude_cruise,5116,50.6,621.7,4.11,47.7,13.2,0.342,14.2,8.0,22.5,73.0,0.202
2026-08-29T09:15:36.676818+00:00,ENG01,high_altitude_cruise,5117,50.6,621.7,4.11,47.6,13.21,0.339,14.2,8.0,22.5,73.0,0.202
2026-08-29T09:15:37.676818+00:00,ENG01,high_altitude_cruise,5118,50.5,621.7,4.11,47.6,13.21,0.351,14.2,8.0,22.5,73.0,0.202
2026-08-29T09:15:38.676818+00:00,ENG01,high_altitude_cruise,5118,50.5,621.7,4.11,47.6,13.21,0.371,14.2,8.0,22.5,73.0,0.202
2026-08-29T09:15:39.676818+00:00,ENG01,high_altitude_cruise,5119,50.5,621.7,4.11,47.6,13.21,0.345,14.2,8.0,22.5,73.0,0.202
2026-08-29T09:15:40.676818+00:00,ENG01,high_altitude_cruise,5120,50.4,621.8,4.11,47.6,13.21,0.362,14.2,8.0,22.5,73.0,0.203
2026-08-29T09:15:41.676818+00:00,ENG01,high_altitude_cruise,5121,50.4,621.8,4.11,47.5,13.21,0.354,14.2,8.0,22.5,73.0,0.203
2026-08-29T09:15:42.676818+00:00,ENG01,high_altitude_cruise,5122,50.4,621.8,4.12,47.5,13.21,0.376,14.2,8.0,22.5,73.0,0.203
2026-08-29T09:15:43.676818+00:00,ENG01,high_altitude_cruise,5122,50.3,621.8,4.12,47.5,13.21,0.339,14.2,8.0,22.5,73.0,0.203
2026-08-29T09:15:44.676818+00:00,ENG01,high_altitude_cruise,5123,50.3,621.8,4.12,47.5,13.22,0.359,14.2,8.0,22.5,73.1,0.203
2026-08-29T09:15:45.676818+00:00,ENG01,high_altitude_cruise,5124,50.3,621.8,4.12,47.5,13.22,0.372,14.2,8.0,22.5,73.1,0.203
2026-08-29T09:15:46.676818+00:00,ENG01,high_altitude_cruise,5125,50.3,621.8,4.12,47.4,13.22,0.341,14.2,8.0,22.5,73.1,0.203
2026-08-29T09:15:47.676818+00:00,ENG01,high_altitude_cruise,5126,50.2,621.8,4.12,47.4,13.22,0.346,14.2,8.0,22.5,73.1,0.203
2026-08-29T09:15:48.676818+00:00,ENG01,high_altitude_cruise,5127,50.2,621.8,4.12,47.4,13.22,0.348,14.2,8.0,22.5,73.1,0.203
2026-08-29T09:15:49.676818+00:00,ENG01,high_altitude_cruise,5128,50.2,621.8,4.12,47.4,13.22,0.349,14.2,8.0,22.5,73.1,0.203
2026-08-29T09:15:50.676818+00:00,ENG01,high_altitude_cruise,5128,50.1,621.8,4.12,47.3,13.22,0.35,14.2,8.0,22.5,73.1,0.204
2026-08-29T09:15:51.676818+00:00,ENG01,high_altitude_cruise,5129,50.1,621.8,4.12,47.3,13.22,0.369,14.2,8.0,22.5,73.1,0.204
2026-08-29T09:15:52.676818+00:00,ENG01,high_altitude_cruise,5130,50.1,621.8,4.13,47.3,13.23,0.35,14.2,8.0,22.5,73.1,0.204
2026-08-29T09:15:53.676818+00:00,ENG01,high_altitude_cruise,5131,50.0,621.8,4.13,47.3,13.23,0.365,14.2,8.0,22.5,73.1,0.204
2026-08-29T09:15:54.676818+00:00,ENG01,high_altitude_cruise,5132,50.0,621.8,4.13,47.3,13.23,0.342,14.2,8.0,22.5,73.1,0.204
2026-08-29T09:15:55.676818+00:00,ENG01,high_altitude_cruise,5132,50.0,621.8,4.13,47.2,13.23,0.345,14.2,8.0,22.5,73.1,0.204
2026-08-29T09:15:56.676818+00:00,ENG01,high_altitude_cruise,5133,50.0,621.8,4.13,47.2,13.23,0.358,14.2,8.0,22.5,73.1,0.204
2026-08-29T09:15:57.676818+00:00,ENG01,high_altitude_cruise,5134,49.9,621.8,4.13,47.2,13.23,0.364,14.2,8.0,22.5,73.1,0.204
2026-08-29T09:15:58.676818+00:00,ENG01,high_altitude_cruise,5135,49.9,621.8,4.13,47.2,13.23,0.351,14.2,8.0,22.5,73.2,0.204
2026-08-29T09:15:59.676818+00:00,ENG01,high_altitude_cruise,5136,49.9,621.8,4.13,47.2,13.23,0.371,14.2,8.0,22.5,73.2,0.204
2026-08-29T09:16:00.676818+00:00,ENG01,high_altitude_cruise,5137,49.8,621.8,4.13,47.1,13.24,0.346,14.2,8.0,22.5,73.2,0.205
2026-08-29T09:16:01.676818+00:00,ENG01,high_altitude_cruise,5138,49.8,621.8,4.14,47.1,13.24,0.352,14.2,8.0,22.5,73.2,0.205
2026-08-29T09:16:02.676818+00:00,ENG01,high_altitude_cruise,5138,49.8,621.8,4.14,47.1,13.24,0.349,14.2,8.0,22.5,73.2,0.205
2026-08-29T09:16:03.676818+00:00,ENG01,high_altitude_cruise,5139,49.8,621.8,4.14,47.1,13.24,0.376,14.2,8.0,22.5,73.2,0.205
2026-08-29T09:16:04.676818+00:00,ENG01,high_altitude_cruise,5140,49.7,621.8,4.14,47.0,13.24,0.378,14.2,8.0,22.5,73.2,0.205
2026-08-29T09:16:05.676818+00:00,ENG01,high_altitude_cruise,5141,49.7,621.8,4.14,47.0,13.24,0.346,14.2,8.0,22.5,73.2,0.205
2026-08-29T09:16:06.676818+00:00,ENG01,high_altitude_cruise,5142,49.7,621.8,4.14,47.0,13.24,0.38,14.2,8.0,22.5,73.2,0.205
2026-08-29T09:16:07.676818+00:00,ENG01,high_altitude_cruise,5142,49.6,621.8,4.14,47.0,13.24,0.363,14.2,8.0,22.5,73.2,0.205
2026-08-29T09:16:08.676818+00:00,ENG01,high_altitude_cruise,5143,49.6,621.8,4.14,47.0,13.25,0.377,14.2,8.0,22.5,73.2,0.205
2026-08-29T09:16:09.676818+00:00,ENG01,high_altitude_cruise,5144,49.6,621.8,4.14,46.9,13.25,0.357,14.2,8.0,22.6,73.2,0.206
2026-08-29T09:16:10.676818+00:00,ENG01,high_altitude_cruise,5145,49.6,621.8,4.15,46.9,13.25,0.379,14.2,8.0,22.6,73.2,0.206
2026-08-29T09:16:11.676818+00:00,ENG01,high_altitude_cruise,5146,49.5,621.8,4.15,46.9,13.25,0.339,14.2,8.0,22.6,73.2,0.206
2026-08-29T09:16:12.676818+00:00,ENG01,high_altitude_cruise,5147,49.5,621.8,4.15,46.9,13.25,0.351,14.2,8.0,22.6,73.2,0.206
2026-08-29T09:16:13.676818+00:00,ENG01,high_altitude_cruise,5148,49.5,621.8,4.15,46.8,13.25,0.35,14.2,8.0,22.6,73.3,0.206
2026-08-29T09:16:14.676818+00:00,ENG01,high_altitude_cruise,5148,49.4,621.8,4.15,46.8,13.25,0.376,14.2,8.0,22.6,73.3,0.206
2026-08-29T09:16:15.676818+00:00,ENG01,high_altitude_cruise,5149,49.4,621.8,4.15,46.8,13.25,0.352,14.2,8.0,22.6,73.3,0.206
2026-08-29T09:16:16.676818+00:00,ENG01,high_altitude_cruise,5150,49.4,621.8,4.15,46.8,13.26,0.348,14.2,8.0,22.6,73.3,0.206
2026-08-29T09:16:17.676818+00:00,ENG01,high_altitude_cruise,5151,49.4,621.8,4.15,46.8,13.26,0.349,14.2,8.0,22.6,73.3,0.206
2026-08-29T09:16:18.676818+00:00,ENG01,high_altitude_cruise,5152,49.3,621.7,4.15,46.7,13.26,0.361,14.2,8.0,22.6,73.3,0.206
2026-08-29T09:16:19.676818+00:00,ENG01,high_altitude_cruise,5152,49.3,621.7,4.16,46.7,13.26,0.353,14.2,8.0,22.6,73.3,0.207
2026-08-29T09:16:20.676818+00:00,ENG01,high_altitude_cruise,5153,49.3,621.7,4.16,46.7,13.26,0.358,14.2,8.0,22.6,73.3,0.207
2026-08-29T09:16:21.676818+00:00,ENG01,high_altitude_cruise,5154,49.3,621.7,4.16,46.7,13.26,0.352,14.2,8.0,22.6,73.3,0.207
2026-08-29T09:16:22.676818+00:00,ENG01,high_altitude_cruise,5155,49.2,621.7,4.16,46.7,13.26,0.352,14.2,8.0,22.6,73.3,0.207
2026-08-29T09:16:23.676818+00:00,ENG01,high_altitude_cruise,5156,49.2,621.7,4.16,46.6,13.26,0.369,14.2,8.0,22.6,73.3,0.207
2026-08-29T09:16:24.676818+00:00,ENG01,high_altitude_cruise,5157,49.2,621.7,4.16,46.6,13.27,0.344,14.2,8.0,22.6,73.3,0.207
2026-08-29T09:16:25.676818+00:00,ENG01,high_altitude_cruise,5158,49.2,621.7,4.16,46.6,13.27,0.362,14.2,8.0,22.6,73.3,0.207
2026-08-29T09:16:26.676818+00:00,ENG01,high_altitude_cruise,5158,49.1,621.7,4.16,46.6,13.27,0.348,14.2,8.0,22.6,73.3,0.207
2026-08-29T09:16:27.676818+00:00,ENG01,high_altitude_cruise,5159,49.1,621.7,4.16,46.5,13.27,0.349,14.2,8.0,22.6,73.4,0.207
2026-08-29T09:16:28.676818+00:00,ENG01,high_altitude_cruise,5160,49.1,621.7,4.17,46.5,13.27,0.341,14.2,8.0,22.6,73.4,0.207
2026-08-29T09:16:29.676818+00:00,ENG01,high_altitude_cruise,5161,49.0,621.7,4.17,46.5,13.27,0.341,14.2,8.0,22.6,73.4,0.208
2026-08-29T09:16:30.676818+00:00,ENG01,high_altitude_cruise,5162,49.0,621.7,4.17,46.5,13.27,0.345,14.2,8.0,22.6,73.4,0.208
2026-08-29T09:16:31.676818+00:00,ENG01,high_altitude_cruise,5162,49.0,621.7,4.17,46.5,13.27,0.374,14.2,8.0,22.6,73.4,0.208
2026-08-29T09:16:32.676818+00:00,ENG01,high_altitude_cruise,5163,49.0,621.7,4.17,46.4,13.27,0.357,14.2,8.0,22.6,73.4,0.208
2026-08-29T09:16:33.676818+00:00,ENG01,high_altitude_cruise,5164,48.9,621.7,4.17,46.4,13.28,0.37,14.2,8.0,22.6,73.4,0.208
2026-08-29T09:16:34.676818+00:00,ENG01,high_altitude_cruise,5165,48.9,621.7,4.17,46.4,13.28,0.374,14.2,8.0,22.6,73.4,0.208
2026-08-29T09:16:35.676818+00:00,ENG01,high_altitude_cruise,5166,48.9,621.7,4.17,46.4,13.28,0.343,14.2,8.0,22.6,73.4,0.208
2026-08-29T09:16:36.676818+00:00,ENG01,high_altitude_cruise,5167,48.9,621.7,4.17,46.3,13.28,0.364,14.2,8.0,22.6,73.4,0.208
2026-08-29T09:16:37.676818+00:00,ENG01,high_altitude_cruise,5168,48.8,621.7,4.17,46.3,13.28,0.355,14.2,8.0,22.6,73.4,0.208
2026-08-29T09:16:38.676818+00:00,ENG01,high_altitude_cruise,5168,48.8,621.7,4.18,46.3,13.28,0.354,14.2,8.0,22.6,73.4,0.209
2026-08-29T09:16:39.676818+00:00,ENG01,high_altitude_cruise,5169,48.8,621.7,4.18,46.3,13.28,0.356,14.2,8.0,22.6,73.4,0.209
2026-08-29T09:16:40.676818+00:00,ENG01,high_altitude_cruise,5170,48.8,621.7,4.18,46.3,13.28,0.36,14.2,8.0,22.6,73.4,0.209
2026-08-29T09:16:41.676818+00:00,ENG01,high_altitude_cruise,5171,48.7,621.7,4.18,46.2,13.28,0.345,14.2,8.0,22.6,73.4,0.209
2026-08-29T09:16:42.676818+00:00,ENG01,high_altitude_cruise,5172,48.7,621.7,4.18,46.2,13.29,0.354,14.2,8.0,22.6,73.5,0.209
2026-08-29T09:16:43.676818+00:00,ENG01,high_altitude_cruise,5172,48.7,621.7,4.18,46.2,13.29,0.344,14.2,8.0,22.6,73.5,0.209
2026-08-29T09:16:44.676818+00:00,ENG01,high_altitude_cruise,5173,48.7,621.7,4.18,46.2,13.29,0.343,14.2,8.0,22.6,73.5,0.209
2026-08-29T09:16:45.676818+00:00,ENG01,high_altitude_cruise,5174,48.6,621.7,4.18,46.1,13.29,0.343,14.2,8.0,22.6,73.5,0.209
2026-08-29T09:16:46.676818+00:00,ENG01,high_altitude_cruise,5175,48.6,621.7,4.18,46.1,13.29,0.358,14.2,8.0,22.6,73.5,0.209
2026-08-29T09:16:47.676818+00:00,ENG01,high_altitude_cruise,5176,48.6,621.7,4.19,46.1,13.29,0.375,14.2,8.0,22.6,73.5,0.209
2026-08-29T09:16:48.676818+00:00,ENG01,high_altitude_cruise,5177,48.6,621.7,4.19,46.1,13.29,0.352,14.2,8.0,22.6,73.5,0.21
2026-08-29T09:16:49.676818+00:00,ENG01,high_altitude_cruise,5178,48.5,621.7,4.19,46.1,13.29,0.369,14.2,8.0,22.6,73.5,0.21
2026-08-29T09:16:50.676818+00:00,ENG01,high_altitude_cruise,5178,48.5,621.7,4.19,46.0,13.29,0.352,14.2,8.0,22.6,73.5,0.21
2026-08-29T09:16:51.676818+00:00,ENG01,high_altitude_cruise,5179,48.5,621.7,4.19,46.0,13.3,0.352,14.2,8.0,22.6,73.5,0.21
2026-08-29T09:16:52.676818+00:00,ENG01,high_altitude_cruise,5180,48.5,621.7,4.19,46.0,13.3,0.348,14.2,8.0,22.6,73.5,0.21
2026-08-29T09:16:53.676818+00:00,ENG01,high_altitude_cruise,5181,48.4,621.7,4.19,46.0,13.3,0.359,14.2,8.0,22.6,73.5,0.21
2026-08-29T09:16:54.676818+00:00,ENG01,high_altitude_cruise,5182,48.4,621.7,4.19,45.9,13.3,0.355,14.2,8.0,22.6,73.5,0.21
2026-08-29T09:16:55.676818+00:00,ENG01,high_altitude_cruise,5182,48.4,621.6,4.19,45.9,13.3,0.356,14.2,8.0,22.6,73.5,0.21
2026-08-29T09:16:56.676818+00:00,ENG01,high_altitude_cruise,5183,48.4,621.6,4.2,45.9,13.3,0.352,14.2,8.0,22.6,73.5,0.21
2026-08-29T09:16:57.676818+00:00,ENG01,high_altitude_cruise,5184,48.4,621.6,4.2,45.9,13.3,0.348,14.2,8.0,22.6,73.6,0.211
2026-08-29T09:16:58.676818+00:00,ENG01,high_altitude_cruise,5185,48.3,621.6,4.2,45.9,13.3,0.349,14.2,8.0,22.6,73.6,0.211
2026-08-29T09:16:59.676818+00:00,ENG01,high_altitude_cruise,5186,48.3,621.6,4.2,45.8,13.3,0.357,14.2,8.0,22.6,73.6,0.211
2026-08-29T09:17:00.676818+00:00,ENG01,high_altitude_cruise,5187,48.3,621.6,4.2,45.8,13.31,0.35,14.2,8.0,22.6,73.6,0.211
2026-08-29T09:17:01.676818+00:00,ENG01,high_altitude_cruise,5188,48.3,621.6,4.2,45.8,13.31,0.373,14.2,8.0,22.6,73.6,0.211
2026-08-29T09:17:02.676818+00:00,ENG01,high_altitude_cruise,5188,48.2,621.6,4.2,45.8,13.31,0.357,14.2,8.0,22.6,73.6,0.211
2026-08-29T09:17:03.676818+00:00,ENG01,high_altitude_cruise,5189,48.2,621.6,4.2,45.7,13.31,0.352,14.2,8.0,22.6,73.6,0.211
2026-08-29T09:17:04.676818+00:00,ENG01,high_altitude_cruise,5190,48.2,621.6,4.2,45.7,13.31,0.392,14.2,8.0,22.6,73.6,0.211
2026-08-29T09:17:05.676818+00:00,ENG01,high_altitude_cruise,5191,48.2,621.6,4.21,45.7,13.31,0.385,14.2,8.0,22.6,73.6,0.211
2026-08-29T09:17:06.676818+00:00,ENG01,high_altitude_cruise,5192,48.1,621.6,4.21,45.7,13.31,0.366,14.2,8.0,22.6,73.6,0.211
2026-08-29T09:17:07.676818+00:00,ENG01,high_altitude_cruise,5192,48.1,621.6,4.21,45.7,13.31,0.378,14.2,8.0,22.6,73.6,0.212
2026-08-29T09:17:08.676818+00:00,ENG01,high_altitude_cruise,5193,48.1,621.6,4.21,45.6,13.31,0.35,14.2,8.0,22.6,73.6,0.212
2026-08-29T09:17:09.676818+00:00,ENG01,high_altitude_cruise,5194,48.1,621.6,4.21,45.6,13.32,0.352,14.2,8.0,22.6,73.6,0.212
2026-08-29T09:17:10.676818+00:00,ENG01,high_altitude_cruise,5195,48.1,621.6,4.21,45.6,13.32,0.385,14.2,8.0,22.6,73.6,0.212
2026-08-29T09:17:11.676818+00:00,ENG01,high_altitude_cruise,5196,48.0,621.6,4.21,45.6,13.32,0.357,14.2,8.0,22.6,73.6,0.212
2026-08-29T09:17:12.676818+00:00,ENG01,high_altitude_cruise,5197,48.0,621.6,4.21,45.5,13.32,0.354,14.2,8.0,22.6,73.7,0.212
2026-08-29T09:17:13.676818+00:00,ENG01,high_altitude_cruise,5198,48.0,621.6,4.21,45.5,13.32,0.351,14.2,8.0,22.7,73.7,0.212
2026-08-29T09:17:14.676818+00:00,ENG01,high_altitude_cruise,5198,48.0,621.6,4.22,45.5,13.32,0.344,14.2,8.0,22.7,73.7,0.212
2026-08-29T09:17:15.676818+00:00,ENG01,high_altitude_cruise,5199,47.9,621.6,4.22,45.5,13.32,0.353,14.2,8.0,22.7,73.7,0.212
2026-08-29T09:17:16.676818+00:00,ENG01,high_altitude_cruise,5200,47.9,621.5,4.22,45.4,13.32,0.345,14.2,8.0,22.7,73.7,0.212
2026-08-29T09:17:17.676818+00:00,ENG01,high_altitude_cruise,5201,47.9,621.5,4.22,45.4,13.32,0.369,14.2,8.0,22.7,73.7,0.213
2026-08-29T09:17:18.676818+00:00,ENG01,high_altitude_cruise,5202,47.9,621.5,4.22,45.4,13.33,0.352,14.2,8.0,22.7,73.7,0.213
2026-08-29T09:17:19.676818+00:00,ENG01,high_altitude_cruise,5202,47.8,621.5,4.22,45.4,13.33,0.359,14.2,8.0,22.7,73.7,0.213
2026-08-29T09:17:20.676818+00:00,ENG01,high_altitude_cruise,5203,47.8,621.5,4.22,45.4,13.33,0.346,14.2,8.0,22.7,73.7,0.213
2026-08-29T09:17:21.676818+00:00,ENG01,high_altitude_cruise,5204,47.8,621.5,4.22,45.3,13.33,0.347,14.2,8.0,22.7,73.7,0.213
2026-08-29T09:17:22.676818+00:00,ENG01,high_altitude_cruise,5205,47.8,621.5,4.22,45.3,13.33,0.354,14.2,8.0,22.7,73.7,0.213
2026-08-29T09:17:23.676818+00:00,ENG01,high_altitude_cruise,5206,47.8,621.5,4.22,45.3,13.33,0.354,14.2,8.0,22.7,73.7,0.213
2026-08-29T09:17:24.676818+00:00,ENG01,high_altitude_cruise,5207,47.7,621.5,4.23,45.3,13.33,0.349,14.2,8.0,22.7,73.7,0.213
2026-08-29T09:17:25.676818+00:00,ENG01,high_altitude_cruise,5208,47.7,621.5,4.23,45.2,13.33,0.344,14.2,8.0,22.7,73.7,0.213
2026-08-29T09:17:26.676818+00:00,ENG01,high_altitude_cruise,5208,47.7,621.5,4.23,45.2,13.33,0.373,14.2,8.0,22.7,73.7,0.214
2026-08-29T09:17:27.676818+00:00,ENG01,high_altitude_cruise,5209,47.7,621.5,4.23,45.2,13.33,0.344,14.2,8.0,22.7,73.7,0.214
2026-08-29T09:17:28.676818+00:00,ENG01,high_altitude_cruise,5210,47.6,621.5,4.23,45.2,13.34,0.346,14.2,8.0,22.7,73.8,0.214
2026-08-29T09:17:29.676818+00:00,ENG01,high_altitude_cruise,5211,47.6,621.5,4.23,45.2,13.34,0.347,14.2,8.0,22.7,73.8,0.214
2026-08-29T09:17:30.676818+00:00,ENG01,high_altitude_cruise,5212,47.6,621.5,4.23,45.1,13.34,0.351,14.2,8.0,22.7,73.8,0.214
2026-08-29T09:17:31.676818+00:00,ENG01,high_altitude_cruise,5212,47.6,621.5,4.23,45.1,13.34,0.363,14.2,8.0,22.7,73.8,0.214
2026-08-29T09:17:32.676818+00:00,ENG01,high_altitude_cruise,5213,47.6,621.4,4.23,45.1,13.34,0.362,14.2,8.0,22.7,73.8,0.214
2026-08-29T09:17:33.676818+00:00,ENG01,high_altitude_cruise,5214,47.5,621.4,4.24,45.1,13.34,0.361,14.2,8.0,22.7,73.8,0.214
2026-08-29T09:17:34.676818+00:00,ENG01,high_altitude_cruise,5215,47.5,621.4,4.24,45.0,13.34,0.355,14.2,8.0,22.7,73.8,0.214
2026-08-29T09:17:35.676818+00:00,ENG01,high_altitude_cruise,5216,47.5,621.4,4.24,45.0,13.34,0.346,14.2,8.0,22.7,73.8,0.214
2026-08-29T09:17:36.676818+00:00,ENG01,high_altitude_cruise,5217,47.5,621.4,4.24,45.0,13.34,0.353,14.2,8.0,22.7,73.8,0.215
2026-08-29T09:17:37.676818+00:00,ENG01,high_altitude_cruise,5218,47.5,621.4,4.24,45.0,13.34,0.37,14.2,8.0,22.7,73.8,0.215
2026-08-29T09:17:38.676818+00:00,ENG01,high_altitude_cruise,5218,47.4,621.4,4.24,45.0,13.35,0.353,14.2,8.0,22.7,73.8,0.215
2026-08-29T09:17:39.676818+00:00,ENG01,high_altitude_cruise,5219,47.4,621.4,4.24,44.9,13.35,0.372,14.2,8.0,22.7,73.8,0.215
2026-08-29T09:17:40.676818+00:00,ENG01,high_altitude_cruise,5220,47.4,621.4,4.24,44.9,13.35,0.352,14.2,8.0,22.7,73.8,0.215
2026-08-29T09:17:41.676818+00:00,ENG01,high_altitude_cruise,5221,47.4,621.4,4.24,44.9,13.35,0.358,14.2,8.0,22.7,73.8,0.215
2026-08-29T09:17:42.676818+00:00,ENG01,high_altitude_cruise,5222,47.4,621.4,4.25,44.9,13.35,0.353,14.2,8.0,22.7,73.8,0.215
2026-08-29T09:17:43.676818+00:00,ENG01,high_altitude_cruise,5222,47.3,621.4,4.25,44.8,13.35,0.351,14.2,8.0,22.7,73.8,0.215
2026-08-29T09:17:44.676818+00:00,ENG01,high_altitude_cruise,5223,47.3,621.4,4.25,44.8,13.35,0.349,14.2,8.0,22.7,73.9,0.215
2026-08-29T09:17:45.676818+00:00,ENG01,high_altitude_cruise,5224,47.3,621.4,4.25,44.8,13.35,0.352,14.2,8.0,22.7,73.9,0.216
2026-08-29T09:17:46.676818+00:00,ENG01,high_altitude_cruise,5225,47.3,621.3,4.25,44.8,13.35,0.346,14.2,8.0,22.7,73.9,0.216
2026-08-29T09:17:47.676818+00:00,ENG01,high_altitude_cruise,5226,47.2,621.3,4.25,44.8,13.35,0.354,14.2,8.0,22.7,73.9,0.216
2026-08-29T09:17:48.676818+00:00,ENG01,high_altitude_cruise,5227,47.2,621.3,4.25,44.7,13.36,0.352,14.2,8.0,22.7,73.9,0.216
2026-08-29T09:17:49.676818+00:00,ENG01,high_altitude_cruise,5228,47.2,621.3,4.25,44.7,13.36,0.351,14.2,8.0,22.7,73.9,0.216
2026-08-29T09:17:50.676818+00:00,ENG01,high_altitude_cruise,5228,47.2,621.3,4.25,44.7,13.36,0.349,14.2,8.0,22.7,73.9,0.216
2026-08-29T09:17:51.676818+00:00,ENG01,high_altitude_cruise,5229,47.2,621.3,4.26,44.7,13.36,0.357,14.2,8.0,22.7,73.9,0.216
2026-08-29T09:17:52.676818+00:00,ENG01,high_altitude_cruise,5230,47.1,621.3,4.26,44.6,13.36,0.347,14.2,8.0,22.7,73.9,0.216
2026-08-29T09:17:53.676818+00:00,ENG01,high_altitude_cruise,5231,47.1,621.3,4.26,44.6,13.36,0.369,14.2,8.0,22.7,73.9,0.216
2026-08-29T09:17:54.676818+00:00,ENG01,high_altitude_cruise,5232,47.1,621.3,4.26,44.6,13.36,0.354,14.2,8.0,22.7,73.9,0.216
2026-08-29T09:17:55.676818+00:00,ENG01,high_altitude_cruise,5232,47.1,621.3,4.26,44.6,13.36,0.375,14.2,8.0,22.7,73.9,0.217
2026-08-29T09:17:56.676818+00:00,ENG01,high_altitude_cruise,5233,47.1,621.3,4.26,44.6,13.36,0.346,14.2,8.0,22.7,73.9,0.217
2026-08-29T09:17:57.676818+00:00,ENG01,high_altitude_cruise,5234,47.0,621.3,4.26,44.5,13.36,0.35,14.2,8.0,22.7,73.9,0.217
2026-08-29T09:17:58.676818+00:00,ENG01,high_altitude_cruise,5235,47.0,621.2,4.26,44.5,13.37,0.359,14.2,8.0,22.7,73.9,0.217
2026-08-29T09:17:59.676818+00:00,ENG01,high_altitude_cruise,5236,47.0,621.2,4.26,44.5,13.37,0.345,14.2,8.0,22.7,73.9,0.217
2026-08-29T09:18:00.676818+00:00,ENG01,high_altitude_cruise,5237,47.0,621.2,4.27,44.5,13.37,0.361,14.2,8.0,22.7,74.0,0.217
2026-08-29T09:18:01.676818+00:00,ENG01,high_altitude_cruise,5238,47.0,621.2,4.27,44.5,13.37,0.352,14.2,8.0,22.7,74.0,0.217
2026-08-29T09:18:02.676818+00:00,ENG01,high_altitude_cruise,5238,46.9,621.2,4.27,44.4,13.37,0.375,14.2,8.0,22.7,74.0,0.217
2026-08-29T09:18:03.676818+00:00,ENG01,high_altitude_cruise,5239,46.9,621.2,4.27,44.4,13.37,0.346,14.2,8.0,22.7,74.0,0.217
2026-08-29T09:18:04.676818+00:00,ENG01,high_altitude_cruise,5240,46.9,621.2,4.27,44.4,13.37,0.377,14.2,8.0,22.7,74.0,0.217
2026-08-29T09:18:05.676818+00:00,ENG01,high_altitude_cruise,5241,46.9,621.2,4.27,44.4,13.37,0.366,14.2,8.0,22.7,74.0,0.218
2026-08-29T09:18:06.676818+00:00,ENG01,high_altitude_cruise,5242,46.9,621.2,4.27,44.3,13.37,0.351,14.2,8.0,22.7,74.0,0.218
2026-08-29T09:18:07.676818+00:00,ENG01,high_altitude_cruise,5242,46.8,621.2,4.27,44.3,13.37,0.355,14.2,8.0,22.7,74.0,0.218
2026-08-29T09:18:08.676818+00:00,ENG01,high_altitude_cruise,5243,46.8,621.2,4.27,44.3,13.38,0.366,14.2,8.0,22.7,74.0,0.218
2026-08-29T09:18:09.676818+00:00,ENG01,high_altitude_cruise,5244,46.8,621.1,4.28,44.3,13.38,0.358,14.2,8.0,22.7,74.0,0.218
2026-08-29T09:18:10.676818+00:00,ENG01,high_altitude_cruise,5245,46.8,621.1,4.28,44.3,13.38,0.347,14.2,8.0,22.7,74.0,0.218
2026-08-29T09:18:11.676818+00:00,ENG01,high_altitude_cruise,5246,46.8,621.1,4.28,44.2,13.38,0.355,14.2,8.0,22.7,74.0,0.218
2026-08-29T09:18:12.676818+00:00,ENG01,high_altitude_cruise,5247,46.7,621.1,4.28,44.2,13.38,0.346,14.2,8.0,22.7,74.0,0.218
2026-08-29T09:18:13.676818+00:00,ENG01,high_altitude_cruise,5248,46.7,621.1,4.28,44.2,13.38,0.36,14.2,8.0,22.7,74.0,0.218
2026-08-29T09:18:14.676818+00:00,ENG01,high_altitude_cruise,5248,46.7,621.1,4.28,44.2,13.38,0.363,14.2,8.0,22.7,74.0,0.219
2026-08-29T09:18:15.676818+00:00,ENG01,high_altitude_cruise,5249,46.7,621.1,4.28,44.1,13.38,0.347,14.2,8.0,22.7,74.0,0.219
2026-08-29T09:18:16.676818+00:00,ENG01,high_altitude_cruise,5250,46.7,621.1,4.28,44.1,13.38,0.355,14.2,8.0,22.8,74.1,0.219
2026-08-29T09:18:17.676818+00:00,ENG01,high_altitude_cruise,5251,46.6,621.1,4.28,44.1,13.38,0.348,14.2,8.0,22.8,74.1,0.219
2026-08-29T09:18:18.676818+00:00,ENG01,high_altitude_cruise,5252,46.6,621.1,4.28,44.1,13.38,0.349,14.2,8.0,22.8,74.1,0.219
2026-08-29T09:18:19.676818+00:00,ENG01,high_altitude_cruise,5252,46.6,621.0,4.29,44.1,13.39,0.351,14.2,8.0,22.8,74.1,0.219
2026-08-29T09:18:20.676818+00:00,ENG01,high_altitude_cruise,5253,46.6,621.0,4.29,44.0,13.39,0.355,14.2,8.0,22.8,74.1,0.219
2026-08-29T09:18:21.676818+00:00,ENG01,high_altitude_cruise,5254,46.6,621.0,4.29,44.0,13.39,0.381,14.2,8.0,22.8,74.1,0.219
2026-08-29T09:18:22.676818+00:00,ENG01,high_altitude_cruise,5255,46.5,621.0,4.29,44.0,13.39,0.359,14.2,8.0,22.8,74.1,0.219
2026-08-29T09:18:23.676818+00:00,ENG01,high_altitude_cruise,5256,46.5,621.0,4.29,44.0,13.39,0.377,14.2,8.0,22.8,74.1,0.219
2026-08-29T09:18:24.676818+00:00,ENG01,high_altitude_cruise,5257,46.5,621.0,4.29,43.9,13.39,0.374,14.2,8.0,22.8,74.1,0.22
2026-08-29T09:18:25.676818+00:00,ENG01,high_altitude_cruise,5258,46.5,621.0,4.29,43.9,13.39,0.365,14.2,8.0,22.8,74.1,0.22
2026-08-29T09:18:26.676818+00:00,ENG01,high_altitude_cruise,5258,46.5,621.0,4.29,43.9,13.39,0.384,14.2,8.0,22.8,74.1,0.22
2026-08-29T09:18:27.676818+00:00,ENG01,high_altitude_cruise,5259,46.5,621.0,4.29,43.9,13.39,0.358,14.2,8.0,22.8,74.1,0.22
2026-08-29T09:18:28.676818+00:00,ENG01,high_altitude_cruise,5260,46.4,621.0,4.3,43.9,13.39,0.353,14.2,8.0,22.8,74.1,0.22
2026-08-29T09:18:29.676818+00:00,ENG01,high_altitude_cruise,5261,46.4,620.9,4.3,43.8,13.39,0.357,14.2,8.0,22.8,74.1,0.22
2026-08-29T09:18:30.676818+00:00,ENG01,high_altitude_cruise,5262,46.4,620.9,4.3,43.8,13.4,0.36,14.2,8.0,22.8,74.1,0.22
2026-08-29T09:18:31.676818+00:00,ENG01,high_altitude_cruise,5262,46.4,620.9,4.3,43.8,13.4,0.364,14.2,8.0,22.8,74.1,0.22
2026-08-29T09:18:32.676818+00:00,ENG01,high_altitude_cruise,5263,46.4,620.9,4.3,43.8,13.4,0.376,14.2,8.0,22.8,74.1,0.22
2026-08-29T09:18:33.676818+00:00,ENG01,high_altitude_cruise,5264,46.3,620.9,4.3,43.8,13.4,0.375,14.2,8.0,22.8,74.2,0.221
2026-08-29T09:18:34.676818+00:00,ENG01,high_altitude_cruise,5265,46.3,620.9,4.3,43.7,13.4,0.378,14.2,8.0,22.8,74.2,0.221
2026-08-29T09:18:35.676818+00:00,ENG01,high_altitude_cruise,5266,46.3,620.9,4.3,43.7,13.4,0.367,14.2,8.0,22.8,74.2,0.221
2026-08-29T09:18:36.676818+00:00,ENG01,high_altitude_cruise,5267,46.3,620.9,4.3,43.7,13.4,0.355,14.2,8.0,22.8,74.2,0.221
2026-08-29T09:18:37.676818+00:00,ENG01,high_altitude_cruise,5268,46.3,620.9,4.31,43.7,13.4,0.366,14.2,8.0,22.8,74.2,0.221
2026-08-29T09:18:38.676818+00:00,ENG01,high_altitude_cruise,5268,46.2,620.8,4.31,43.6,13.4,0.363,14.2,8.0,22.8,74.2,0.221
2026-08-29T09:18:39.676818+00:00,ENG01,high_altitude_cruise,5269,46.2,620.8,4.31,43.6,13.4,0.351,14.2,8.0,22.8,74.2,0.221
2026-08-29T09:18:40.676818+00:00,ENG01,high_altitude_cruise,5270,46.2,620.8,4.31,43.6,13.4,0.377,14.2,8.0,22.8,74.2,0.221
2026-08-29T09:18:41.676818+00:00,ENG01,high_altitude_cruise,5271,46.2,620.8,4.31,43.6,13.41,0.373,14.2,8.0,22.8,74.2,0.221
2026-08-29T09:18:42.676818+00:00,ENG01,high_altitude_cruise,5272,46.2,620.8,4.31,43.6,13.41,0.356,14.2,8.0,22.8,74.2,0.221
2026-08-29T09:18:43.676818+00:00,ENG01,high_altitude_cruise,5272,46.1,620.8,4.31,43.5,13.41,0.375,14.2,8.0,22.8,74.2,0.222
2026-08-29T09:18:44.676818+00:00,ENG01,high_altitude_cruise,5273,46.1,620.8,4.31,43.5,13.41,0.35,14.2,8.0,22.8,74.2,0.222
2026-08-29T09:18:45.676818+00:00,ENG01,high_altitude_cruise,5274,46.1,620.8,4.31,43.5,13.41,0.357,14.2,8.0,22.8,74.2,0.222
2026-08-29T09:18:46.676818+00:00,ENG01,high_altitude_cruise,5275,46.1,620.8,4.32,43.5,13.41,0.35,14.2,8.0,22.8,74.2,0.222
2026-08-29T09:18:47.676818+00:00,ENG01,high_altitude_cruise,5276,46.1,620.7,4.32,43.4,13.41,0.354,14.2,8.0,22.8,74.2,0.222
2026-08-29T09:18:48.676818+00:00,ENG01,high_altitude_cruise,5277,46.1,620.7,4.32,43.4,13.41,0.359,14.2,8.0,22.8,74.2,0.222
2026-08-29T09:18:49.676818+00:00,ENG01,high_altitude_cruise,5278,46.0,620.7,4.32,43.4,13.41,0.352,14.2,8.0,22.8,74.2,0.222
2026-08-29T09:18:50.676818+00:00,ENG01,high_altitude_cruise,5278,46.0,620.7,4.32,43.4,13.41,0.371,14.2,8.0,22.8,74.3,0.222
2026-08-29T09:18:51.676818+00:00,ENG01,high_altitude_cruise,5279,46.0,620.7,4.32,43.4,13.41,0.361,14.2,8.0,22.8,74.3,0.222
2026-08-29T09:18:52.676818+00:00,ENG01,high_altitude_cruise,5280,46.0,620.7,4.32,43.3,13.41,0.358,14.2,8.0,22.8,74.3,0.223
2026-08-29T09:18:53.676818+00:00,ENG01,high_altitude_cruise,5281,46.0,620.7,4.32,43.3,13.42,0.376,14.2,8.0,22.8,74.3,0.223
2026-08-29T09:18:54.676818+00:00,ENG01,high_altitude_cruise,5282,45.9,620.7,4.32,43.3,13.42,0.356,14.2,8.0,22.8,74.3,0.223
2026-08-29T09:18:55.676818+00:00,ENG01,high_altitude_cruise,5282,45.9,620.6,4.33,43.3,13.42,0.366,14.2,8.0,22.8,74.3,0.223
2026-08-29T09:18:56.676818+00:00,ENG01,high_altitude_cruise,5283,45.9,620.6,4.33,43.3,13.42,0.351,14.2,8.0,22.8,74.3,0.223
2026-08-29T09:18:57.676818+00:00,ENG01,high_altitude_cruise,5284,45.9,620.6,4.33,43.2,13.42,0.352,14.2,8.0,22.8,74.3,0.223
2026-08-29T09:18:58.676818+00:00,ENG01,high_altitude_cruise,5285,45.9,620.6,4.33,43.2,13.42,0.363,14.2,8.0,22.8,74.3,0.223
2026-08-29T09:18:59.676818+00:00,ENG01,high_altitude_cruise,5286,45.9,620.6,4.33,43.2,13.42,0.383,14.2,8.0,22.8,74.3,0.223
2026-08-29T09:19:00.676818+00:00,ENG01,high_altitude_cruise,5287,45.8,620.6,4.33,43.2,13.42,0.359,14.2,8.0,22.8,74.3,0.223
2026-08-29T09:19:01.676818+00:00,ENG01,high_altitude_cruise,5288,45.8,620.6,4.33,43.1,13.42,0.35,14.2,8.0,22.8,74.3,0.223
2026-08-29T09:19:02.676818+00:00,ENG01,high_altitude_cruise,5288,45.8,620.5,4.33,43.1,13.42,0.357,14.2,8.0,22.8,74.3,0.224
2026-08-29T09:19:03.676818+00:00,ENG01,high_altitude_cruise,5289,45.8,620.5,4.33,43.1,13.42,0.353,14.2,8.0,22.8,74.3,0.224
2026-08-29T09:19:04.676818+00:00,ENG01,high_altitude_cruise,5290,45.8,620.5,4.33,43.1,13.42,0.354,14.2,8.0,22.8,74.3,0.224
2026-08-29T09:19:05.676818+00:00,ENG01,high_altitude_cruise,5291,45.7,620.5,4.34,43.1,13.43,0.352,14.2,8.0,22.8,74.3,0.224
2026-08-29T09:19:06.676818+00:00,ENG01,high_altitude_cruise,5292,45.7,620.5,4.34,43.0,13.43,0.35,14.2,8.0,22.8,74.3,0.224
2026-08-29T09:19:07.676818+00:00,ENG01,high_altitude_cruise,5292,45.7,620.5,4.34,43.0,13.43,0.366,14.2,8.0,22.8,74.4,0.224
2026-08-29T09:19:08.676818+00:00,ENG01,high_altitude_cruise,5293,45.7,620.5,4.34,43.0,13.43,0.357,14.2,8.0,22.8,74.4,0.224
2026-08-29T09:19:09.676818+00:00,ENG01,high_altitude_cruise,5294,45.7,620.5,4.34,43.0,13.43,0.378,14.2,8.0,22.8,74.4,0.224
2026-08-29T09:19:10.676818+00:00,ENG01,high_altitude_cruise,5295,45.7,620.4,4.34,43.0,13.43,0.352,14.2,8.0,22.8,74.4,0.224
2026-08-29T09:19:11.676818+00:00,ENG01,high_altitude_cruise,5296,45.6,620.4,4.34,42.9,13.43,0.375,14.2,8.0,22.8,74.4,0.224
2026-08-29T09:19:12.676818+00:00,ENG01,high_altitude_cruise,5297,45.6,620.4,4.34,42.9,13.43,0.4,14.2,8.0,22.8,74.4,0.225
2026-08-29T09:19:13.676818+00:00,ENG01,high_altitude_cruise,5298,45.6,620.4,4.34,42.9,13.43,0.371,14.2,8.0,22.8,74.4,0.225
2026-08-29T09:19:14.676818+00:00,ENG01,high_altitude_cruise,5298,45.6,620.4,4.35,42.9,13.43,0.358,14.2,8.0,22.8,74.4,0.225
2026-08-29T09:19:15.676818+00:00,ENG01,high_altitude_cruise,5299,45.6,620.4,4.35,42.9,13.43,0.365,14.2,8.0,22.8,74.4,0.225
2026-08-29T09:19:16.676818+00:00,ENG01,high_altitude_cruise,5300,45.6,620.4,4.35,42.8,13.43,0.38,14.2,8.0,22.8,74.4,0.225
2026-08-29T09:19:17.676818+00:00,ENG01,high_altitude_cruise,5301,45.5,620.3,4.35,42.8,13.44,0.354,14.2,8.0,22.8,74.4,0.225
2026-08-29T09:19:18.676818+00:00,ENG01,high_altitude_cruise,5302,45.5,620.3,4.35,42.8,13.44,0.374,14.2,8.0,22.8,74.4,0.225
2026-08-29T09:19:19.676818+00:00,ENG01,high_altitude_cruise,5302,45.5,620.3,4.35,42.8,13.44,0.366,14.2,8.0,22.8,74.4,0.225
2026-08-29T09:19:20.676818+00:00,ENG01,high_altitude_cruise,5303,45.5,620.3,4.35,42.7,13.44,0.35,14.2,8.0,22.9,74.4,0.225
2026-08-29T09:19:21.676818+00:00,ENG01,high_altitude_cruise,5304,45.5,620.3,4.35,42.7,13.44,0.368,14.2,8.0,22.9,74.4,0.226
2026-08-29T09:19:22.676818+00:00,ENG01,high_altitude_cruise,5305,45.4,620.3,4.35,42.7,13.44,0.358,14.2,8.0,22.9,74.4,0.226
2026-08-29T09:19:23.676818+00:00,ENG01,high_altitude_cruise,5306,45.4,620.3,4.36,42.7,13.44,0.367,14.2,8.0,22.9,74.4,0.226
2026-08-29T09:19:24.676818+00:00,ENG01,high_altitude_cruise,5307,45.4,620.2,4.36,42.7,13.44,0.363,14.2,8.0,22.9,74.5,0.226
2026-08-29T09:19:25.676818+00:00,ENG01,high_altitude_cruise,5308,45.4,620.2,4.36,42.6,13.44,0.371,14.2,8.0,22.9,74.5,0.226
2026-08-29T09:19:26.676818+00:00,ENG01,high_altitude_cruise,5308,45.4,620.2,4.36,42.6,13.44,0.356,14.2,8.0,22.9,74.5,0.226
2026-08-29T09:19:27.676818+00:00,ENG01,high_altitude_cruise,5309,45.4,620.2,4.36,42.6,13.44,0.35,14.2,8.0,22.9,74.5,0.226
2026-08-29T09:19:28.676818+00:00,ENG01,high_altitude_cruise,5310,45.3,620.2,4.36,42.6,13.44,0.357,14.2,8.0,22.9,74.5,0.226
2026-08-29T09:19:29.676818+00:00,ENG01,high_altitude_cruise,5311,45.3,620.2,4.36,42.6,13.44,0.359,14.2,8.0,22.9,74.5,0.226
2026-08-29T09:19:30.676818+00:00,ENG01,high_altitude_cruise,5312,45.3,620.2,4.36,42.5,13.45,0.373,14.2,8.0,22.9,74.5,0.226
2026-08-29T09:19:31.676818+00:00,ENG01,high_altitude_cruise,5312,45.3,620.1,4.36,42.5,13.45,0.382,14.2,8.0,22.9,74.5,0.227
2026-08-29T09:19:32.676818+00:00,ENG01,high_altitude_cruise,5313,45.3,620.1,4.37,42.5,13.45,0.355,14.2,8.0,22.9,74.5,0.227
2026-08-29T09:19:33.676818+00:00,ENG01,high_altitude_cruise,5314,45.3,620.1,4.37,42.5,13.45,0.356,14.2,8.0,22.9,74.5,0.227
2026-08-29T09:19:34.676818+00:00,ENG01,high_altitude_cruise,5315,45.2,620.1,4.37,42.5,13.45,0.365,14.2,8.0,22.9,74.5,0.227
2026-08-29T09:19:35.676818+00:00,ENG01,high_altitude_cruise,5316,45.2,620.1,4.37,42.4,13.45,0.351,14.2,8.0,22.9,74.5,0.227
2026-08-29T09:19:36.676818+00:00,ENG01,high_altitude_cruise,5317,45.2,620.1,4.37,42.4,13.45,0.357,14.2,8.0,22.9,74.5,0.227
2026-08-29T09:19:37.676818+00:00,ENG01,high_altitude_cruise,5318,45.2,620.0,4.37,42.4,13.45,0.351,14.2,8.0,22.9,74.5,0.227
2026-08-29T09:19:38.676818+00:00,ENG01,high_altitude_cruise,5318,45.2,620.0,4.37,42.4,13.45,0.355,14.2,8.0,22.9,74.5,0.227
2026-08-29T09:19:39.676818+00:00,ENG01,high_altitude_cruise,5319,45.1,620.0,4.37,42.3,13.45,0.379,14.2,8.0,22.9,74.5,0.227
2026-08-29T09:19:40.676818+00:00,ENG01,high_altitude_cruise,5320,45.1,620.0,4.37,42.3,13.45,0.362,14.2,8.0,22.9,74.5,0.228
2026-08-29T09:19:41.676818+00:00,ENG01,high_altitude_cruise,5321,45.1,620.0,4.38,42.3,13.45,0.359,14.2,8.0,22.9,74.5,0.228
2026-08-29T09:19:42.676818+00:00,ENG01,high_altitude_cruise,5322,45.1,620.0,4.38,42.3,13.45,0.385,14.2,8.0,22.9,74.6,0.228
2026-08-29T09:19:43.676818+00:00,ENG01,high_altitude_cruise,5322,45.1,620.0,4.38,42.3,13.46,0.36,14.2,8.0,22.9,74.6,0.228
2026-08-29T09:19:44.676818+00:00,ENG01,high_altitude_cruise,5323,45.1,619.9,4.38,42.2,13.46,0.388,14.2,8.0,22.9,74.6,0.228
2026-08-29T09:19:45.676818+00:00,ENG01,high_altitude_cruise,5324,45.0,619.9,4.38,42.2,13.46,0.363,14.2,8.0,22.9,74.6,0.228
2026-08-29T09:19:46.676818+00:00,ENG01,high_altitude_cruise,5325,45.0,619.9,4.38,42.2,13.46,0.36,14.2,8.0,22.9,74.6,0.228
2026-08-29T09:19:47.676818+00:00,ENG01,high_altitude_cruise,5326,45.0,619.9,4.38,42.2,13.46,0.354,14.2,8.0,22.9,74.6,0.228
2026-08-29T09:19:48.676818+00:00,ENG01,high_altitude_cruise,5327,45.0,619.9,4.38,42.2,13.46,0.38,14.2,8.0,22.9,74.6,0.228
2026-08-29T09:19:49.676818+00:00,ENG01,high_altitude_cruise,5328,45.0,619.9,4.38,42.1,13.46,0.351,14.2,8.0,22.9,74.6,0.228
2026-08-29T09:19:50.676818+00:00,ENG01,high_altitude_cruise,5328,45.0,619.8,4.38,42.1,13.46,0.367,14.2,8.0,22.9,74.6,0.229
2026-08-29T09:19:51.676818+00:00,ENG01,high_altitude_cruise,5329,44.9,619.8,4.39,42.1,13.46,0.363,14.2,8.0,22.9,74.6,0.229
2026-08-29T09:19:52.676818+00:00,ENG01,high_altitude_cruise,5330,44.9,619.8,4.39,42.1,13.46,0.351,14.2,8.0,22.9,74.6,0.229
2026-08-29T09:19:53.676818+00:00,ENG01,high_altitude_cruise,5331,44.9,619.8,4.39,42.1,13.46,0.351,14.2,8.0,22.9,74.6,0.229
2026-08-29T09:19:54.676818+00:00,ENG01,high_altitude_cruise,5332,44.9,619.8,4.39,42.0,13.46,0.374,14.2,8.0,22.9,74.6,0.229
2026-08-29T09:19:55.676818+00:00,ENG01,high_altitude_cruise,5332,44.9,619.8,4.39,42.0,13.46,0.366,14.2,8.0,22.9,74.6,0.229
2026-08-29T09:19:56.676818+00:00,ENG01,high_altitude_cruise,5333,44.9,619.7,4.39,42.0,13.46,0.364,14.2,8.0,22.9,74.6,0.229
2026-08-29T09:19:57.676818+00:00,ENG01,high_altitude_cruise,5334,44.8,619.7,4.39,42.0,13.46,0.363,14.2,8.0,22.9,74.6,0.229
2026-08-29T09:19:58.676818+00:00,ENG01,high_altitude_cruise,5335,44.8,619.7,4.39,42.0,13.46,0.365,14.2,8.0,22.9,74.6,0.229
2026-08-29T09:19:59.676818+00:00,ENG01,high_altitude_cruise,5336,44.8,619.7,4.39,41.9,13.46,0.352,14.2,8.0,22.9,74.6,0.229
2026-08-29T09:20:00.676818+00:00,ENG01,high_altitude_cruise,5337,44.8,619.6,4.4,41.9,13.46,0.375,14.2,8.0,22.9,74.6,0.229
2026-08-29T09:20:01.676818+00:00,ENG01,high_altitude_cruise,5338,44.8,619.6,4.4,41.9,13.46,0.395,14.2,8.0,22.9,74.6,0.229
2026-08-29T09:20:02.676818+00:00,ENG01,high_altitude_cruise,5338,44.8,619.6,4.4,41.9,13.46,0.356,14.2,8.0,22.9,74.6,0.229
2026-08-29T09:20:03.676818+00:00,ENG01,high_altitude_cruise,5339,44.7,619.5,4.4,41.9,13.46,0.357,14.2,8.0,22.9,74.6,0.229
2026-08-29T09:20:04.676818+00:00,ENG01,high_altitude_cruise,5340,44.7,619.5,4.4,41.8,13.46,0.355,14.2,8.0,22.9,74.6,0.229
2026-08-29T09:20:05.676818+00:00,ENG01,high_altitude_cruise,5341,44.7,619.5,4.4,41.8,13.46,0.373,14.2,8.0,22.9,74.6,0.229
2026-08-29T09:20:06.676818+00:00,ENG01,high_altitude_cruise,5342,44.7,619.4,4.4,41.8,13.46,0.377,14.2,8.0,22.9,74.6,0.229
2026-08-29T09:20:07.676818+00:00,ENG01,high_altitude_cruise,5342,44.7,619.4,4.4,41.8,13.46,0.362,14.2,8.0,23.0,74.6,0.229
2026-08-29T09:20:08.676818+00:00,ENG01,high_altitude_cruise,5343,44.6,619.3,4.4,41.7,13.46,0.381,14.2,8.0,23.0,74.6,0.229
2026-08-29T09:20:09.676818+00:00,ENG01,high_altitude_cruise,5344,44.6,619.3,4.41,41.7,13.46,0.357,14.2,8.0,23.0,74.6,0.229
2026-08-29T09:20:10.676818+00:00,ENG01,high_altitude_cruise,5345,44.6,619.2,4.41,41.7,13.46,0.354,14.2,8.0,23.0,74.6,0.229
2026-08-29T09:20:11.676818+00:00,ENG01,high_altitude_cruise,5346,44.6,619.2,4.41,41.7,13.46,0.361,14.2,8.0,23.0,74.6,0.229
2026-08-29T09:20:12.676818+00:00,ENG01,high_altitude_cruise,5347,44.6,619.1,4.41,41.7,13.46,0.353,14.2,8.0,23.0,74.6,0.229
2026-08-29T09:20:13.676818+00:00,ENG01,high_altitude_cruise,5348,44.6,619.1,4.41,41.6,13.46,0.366,14.2,8.0,23.0,74.6,0.229
2026-08-29T09:20:14.676818+00:00,ENG01,high_altitude_cruise,5348,44.5,619.1,4.41,41.6,13.46,0.372,14.2,8.0,23.0,74.6,0.229
2026-08-29T09:20:15.676818+00:00,ENG01,high_altitude_cruise,5349,44.5,619.0,4.41,41.6,13.46,0.384,14.2,8.0,23.0,74.6,0.229
2026-08-29T09:20:16.676818+00:00,ENG01,high_altitude_cruise,5350,44.5,619.0,4.41,41.6,13.46,0.368,14.2,8.0,23.0,74.5,0.229
2026-08-29T09:20:17.676818+00:00,ENG01,high_altitude_cruise,5351,44.5,618.9,4.41,41.6,13.46,0.356,14.2,8.0,23.0,74.5,0.229
2026-08-29T09:20:18.676818+00:00,ENG01,high_altitude_cruise,5352,44.5,618.9,4.42,41.5,13.46,0.383,14.2,8.0,23.0,74.5,0.229
2026-08-29T09:20:19.676818+00:00,ENG01,high_altitude_cruise,5352,44.5,618.8,4.42,41.5,13.46,0.356,14.2,8.0,23.0,74.5,0.229
2026-08-29T09:20:20.676818+00:00,ENG01,high_altitude_cruise,5353,44.4,618.8,4.42,41.5,13.46,0.364,14.2,8.0,23.0,74.5,0.229
2026-08-29T09:20:21.676818+00:00,ENG01,high_altitude_cruise,5354,44.4,618.7,4.42,41.5,13.45,0.356,14.2,8.0,23.0,74.5,0.229
2026-08-29T09:20:22.676818+00:00,ENG01,high_altitude_cruise,5355,44.4,618.7,4.42,41.5,13.45,0.372,14.2,8.0,23.0,74.5,0.229
2026-08-29T09:20:23.676818+00:00,ENG01,high_altitude_cruise,5356,44.4,618.6,4.42,41.4,13.45,0.377,14.2,8.0,23.0,74.5,0.229
2026-08-29T09:20:24.676818+00:00,ENG01,high_altitude_cruise,5357,44.4,618.6,4.42,41.4,13.45,0.354,14.2,8.0,23.0,74.5,0.229
2026-08-29T09:20:25.676818+00:00,ENG01,high_altitude_cruise,5358,44.4,618.5,4.42,41.4,13.45,0.362,14.2,8.0,23.0,74.5,0.229
2026-08-29T09:20:26.676818+00:00,ENG01,high_altitude_cruise,5358,44.3,618.4,4.42,41.4,13.45,0.362,14.2,8.0,23.0,74.5,0.229
2026-08-29T09:20:27.676818+00:00,ENG01,high_altitude_cruise,5359,44.3,618.4,4.43,41.4,13.45,0.361,14.2,8.0,23.0,74.5,0.229
2026-08-29T09:20:28.676818+00:00,ENG01,high_altitude_cruise,5360,44.3,618.3,4.43,41.3,13.45,0.37,14.2,8.0,23.0,74.5,0.229
2026-08-29T09:20:29.676818+00:00,ENG01,high_altitude_cruise,5361,44.3,618.3,4.43,41.3,13.45,0.361,14.2,8.0,23.0,74.5,0.23
2026-08-29T09:20:30.676818+00:00,ENG01,high_altitude_cruise,5362,44.3,618.2,4.43,41.3,13.45,0.386,14.2,8.0,23.1,74.5,0.23
2026-08-29T09:20:31.676818+00:00,ENG01,high_altitude_cruise,5362,44.2,618.2,4.43,41.3,13.45,0.362,14.2,8.0,23.1,74.5,0.23
2026-08-29T09:20:32.676818+00:00,ENG01,high_altitude_cruise,5363,44.2,618.1,4.43,41.3,13.45,0.354,14.2,8.0,23.1,74.5,0.23
2026-08-29T09:20:33.676818+00:00,ENG01,high_altitude_cruise,5364,44.2,618.1,4.43,41.2,13.45,0.362,14.2,8.0,23.1,74.5,0.23
2026-08-29T09:20:34.676818+00:00,ENG01,high_altitude_cruise,5365,44.2,618.0,4.43,41.2,13.45,0.392,14.2,8.0,23.1,74.5,0.23
2026-08-29T09:20:35.676818+00:00,ENG01,high_altitude_cruise,5366,44.2,618.0,4.43,41.2,13.45,0.376,14.2,8.0,23.1,74.5,0.23
2026-08-29T09:20:36.676818+00:00,ENG01,high_altitude_cruise,5367,44.2,617.9,4.43,41.2,13.45,0.367,14.2,8.0,23.1,74.5,0.23
2026-08-29T09:20:37.676818+00:00,ENG01,high_altitude_cruise,5368,44.1,617.9,4.44,41.2,13.45,0.375,14.2,8.0,23.1,74.5,0.23
2026-08-29T09:20:38.676818+00:00,ENG01,high_altitude_cruise,5368,44.1,617.8,4.44,41.1,13.45,0.356,14.2,8.0,23.1,74.5,0.23
2026-08-29T09:20:39.676818+00:00,ENG01,high_altitude_cruise,5369,44.1,617.8,4.44,41.1,13.45,0.374,14.2,8.0,23.1,74.5,0.23
2026-08-29T09:20:40.676818+00:00,ENG01,high_altitude_cruise,5370,44.1,617.7,4.44,41.1,13.45,0.38,14.2,8.0,23.1,74.4,0.23
2026-08-29T09:20:41.676818+00:00,ENG01,high_altitude_cruise,5371,44.1,617.7,4.44,41.1,13.45,0.395,14.2,8.0,23.1,74.4,0.23
2026-08-29T09:20:42.676818+00:00,ENG01,high_altitude_cruise,5372,44.1,617.6,4.44,41.1,13.45,0.368,14.2,8.0,23.1,74.4,0.23
2026-08-29T09:20:43.676818+00:00,ENG01,high_altitude_cruise,5372,44.0,617.5,4.44,41.0,13.44,0.37,14.2,8.0,23.1,74.4,0.23
2026-08-29T09:20:44.676818+00:00,ENG01,high_altitude_cruise,5373,44.0,617.5,4.44,41.0,13.44,0.359,14.2,8.0,23.1,74.4,0.23
2026-08-29T09:20:45.676818+00:00,ENG01,high_altitude_cruise,5374,44.0,617.4,4.44,41.0,13.44,0.354,14.2,8.0,23.1,74.4,0.23
2026-08-29T09:20:46.676818+00:00,ENG01,high_altitude_cruise,5375,44.0,617.4,4.45,41.0,13.44,0.388,14.2,8.0,23.1,74.4,0.23
2026-08-29T09:20:47.676818+00:00,ENG01,high_altitude_cruise,5376,44.0,617.3,4.45,41.0,13.44,0.368,14.2,8.0,23.1,74.4,0.23
2026-08-29T09:20:48.676818+00:00,ENG01,high_altitude_cruise,5377,43.9,617.3,4.45,40.9,13.44,0.377,14.2,8.0,23.1,74.4,0.23
2026-08-29T09:20:49.676818+00:00,ENG01,high_altitude_cruise,5378,43.9,617.2,4.45,40.9,13.44,0.356,14.2,8.0,23.1,74.4,0.23
2026-08-29T09:20:50.676818+00:00,ENG01,high_altitude_cruise,5378,43.9,617.2,4.45,40.9,13.44,0.364,14.2,8.0,23.1,74.4,0.23
2026-08-29T09:20:51.676818+00:00,ENG01,high_altitude_cruise,5379,43.9,617.1,4.45,40.9,13.44,0.359,14.2,8.0,23.1,74.4,0.23
2026-08-29T09:20:52.676818+00:00,ENG01,high_altitude_cruise,5380,43.9,617.1,4.45,40.9,13.44,0.382,14.2,8.0,23.1,74.4,0.23
2026-08-29T09:20:53.676818+00:00,ENG01,high_altitude_cruise,5381,43.9,617.0,4.45,40.8,13.44,0.369,14.2,8.0,23.2,74.4,0.23
2026-08-29T09:20:54.676818+00:00,ENG01,high_altitude_cruise,5382,43.8,617.0,4.45,40.8,13.44,0.367,14.2,8.0,23.2,74.4,0.23
2026-08-29T09:20:55.676818+00:00,ENG01,high_altitude_cruise,5382,43.8,616.9,4.46,40.8,13.44,0.368,14.2,8.0,23.2,74.4,0.23
2026-08-29T09:20:56.676818+00:00,ENG01,high_altitude_cruise,5383,43.8,616.8,4.46,40.8,13.44,0.387,14.2,8.0,23.2,74.4,0.23
2026-08-29T09:20:57.676818+00:00,ENG01,high_altitude_cruise,5384,43.8,616.8,4.46,40.8,13.44,0.378,14.2,8.0,23.2,74.4,0.23
2026-08-29T09:20:58.676818+00:00,ENG01,high_altitude_cruise,5385,43.8,616.7,4.46,40.7,13.44,0.373,14.2,8.0,23.2,74.4,0.23
2026-08-29T09:20:59.676818+00:00,ENG01,high_altitude_cruise,5386,43.8,616.7,4.46,40.7,13.44,0.354,14.2,8.0,23.2,74.4,0.23
2026-08-29T09:21:00.676818+00:00,ENG01,high_altitude_cruise,5387,43.7,616.6,4.46,40.7,13.44,0.398,14.2,8.0,23.2,74.4,0.23
2026-08-29T09:21:01.676818+00:00,ENG01,high_altitude_cruise,5388,43.7,616.6,4.46,40.7,13.44,0.359,14.2,8.0,23.2,74.4,0.23
2026-08-29T09:21:02.676818+00:00,ENG01,high_altitude_cruise,5388,43.7,616.5,4.46,40.7,13.44,0.355,14.2,8.0,23.2,74.3,0.23
2026-08-29T09:21:03.676818+00:00,ENG01,high_altitude_cruise,5389,43.7,616.5,4.46,40.6,13.43,0.369,14.2,8.0,23.2,74.3,0.23
2026-08-29T09:21:04.676818+00:00,ENG01,high_altitude_cruise,5390,43.7,616.4,4.47,40.6,13.43,0.405,14.2,8.0,23.2,74.3,0.23
2026-08-29T09:21:05.676818+00:00,ENG01,high_altitude_cruise,5391,43.6,616.3,4.47,40.6,13.43,0.366,14.2,8.0,23.2,74.3,0.23
2026-08-29T09:21:06.676818+00:00,ENG01,high_altitude_cruise,5392,43.6,616.3,4.47,40.6,13.43,0.364,14.2,8.0,23.2,74.3,0.23
2026-08-29T09:21:07.676818+00:00,ENG01,high_altitude_cruise,5392,43.6,616.2,4.47,40.6,13.43,0.357,14.2,8.0,23.2,74.3,0.23
2026-08-29T09:21:08.676818+00:00,ENG01,high_altitude_cruise,5393,43.6,616.2,4.47,40.5,13.43,0.38,14.2,8.0,23.2,74.3,0.23
2026-08-29T09:21:09.676818+00:00,ENG01,high_altitude_cruise,5394,43.6,616.1,4.47,40.5,13.43,0.37,14.2,8.0,23.2,74.3,0.23
2026-08-29T09:21:10.676818+00:00,ENG01,high_altitude_cruise,5395,43.6,616.1,4.47,40.5,13.43,0.354,14.2,8.0,23.2,74.3,0.23
2026-08-29T09:21:11.676818+00:00,ENG01,high_altitude_cruise,5396,43.5,616.0,4.47,40.5,13.43,0.371,14.2,8.0,23.2,74.3,0.23
2026-08-29T09:21:12.676818+00:00,ENG01,high_altitude_cruise,5397,43.5,616.0,4.47,40.5,13.43,0.366,14.2,8.0,23.2,74.3,0.23
2026-08-29T09:21:13.676818+00:00,ENG01,high_altitude_cruise,5398,43.5,615.9,4.47,40.4,13.43,0.392,14.2,8.0,23.2,74.3,0.23
2026-08-29T09:21:14.676818+00:00,ENG01,high_altitude_cruise,5398,43.5,615.8,4.48,40.4,13.43,0.365,14.2,8.0,23.2,74.3,0.23
2026-08-29T09:21:15.676818+00:00,ENG01,high_altitude_cruise,5399,43.5,615.8,4.48,40.4,13.43,0.399,14.2,8.0,23.2,74.3,0.23
2026-08-29T09:21:16.676818+00:00,ENG01,high_altitude_cruise,5400,43.4,615.7,4.48,40.4,13.43,0.363,14.2,8.0,23.3,74.3,0.23
2026-08-29T09:21:17.676818+00:00,ENG01,high_altitude_cruise,5401,43.4,615.7,4.48,40.4,13.43,0.364,14.2,8.0,23.3,74.3,0.23
2026-08-29T09:21:18.676818+00:00,ENG01,high_altitude_cruise,5402,43.4,615.6,4.48,40.3,13.43,0.366,14.2,8.0,23.3,74.3,0.23
2026-08-29T09:21:19.676818+00:00,ENG01,high_altitude_cruise,5402,43.4,615.6,4.48,40.3,13.43,0.366,14.2,8.0,23.3,74.3,0.23
2026-08-29T09:21:20.676818+00:00,ENG01,high_altitude_cruise,5403,43.4,615.5,4.48,40.3,13.43,0.371,14.2,8.0,23.3,74.3,0.23
2026-08-29T09:21:21.676818+00:00,ENG01,high_altitude_cruise,5404,43.4,615.4,4.48,40.3,13.42,0.379,14.2,8.0,23.3,74.3,0.23
2026-08-29T09:21:22.676818+00:00,ENG01,high_altitude_cruise,5405,43.3,615.4,4.48,40.3,13.42,0.383,14.2,8.0,23.3,74.3,0.23
2026-08-29T09:21:23.676818+00:00,ENG01,high_altitude_cruise,5406,43.3,615.3,4.49,40.2,13.42,0.358,14.2,8.0,23.3,74.2,0.23
2026-08-29T09:21:24.676818+00:00,ENG01,high_altitude_cruise,5407,43.3,615.3,4.49,40.2,13.42,0.377,14.2,8.0,23.3,74.2,0.23
2026-08-29T09:21:25.676818+00:00,ENG01,high_altitude_cruise,5408,43.3,615.2,4.49,40.2,13.42,0.36,14.2,8.0,23.3,74.2,0.23
2026-08-29T09:21:26.676818+00:00,ENG01,high_altitude_cruise,5408,43.3,615.2,4.49,40.2,13.42,0.36,14.2,8.0,23.3,74.2,0.23
2026-08-29T09:21:27.676818+00:00,ENG01,high_altitude_cruise,5409,43.2,615.1,4.49,40.2,13.42,0.371,14.2,8.0,23.3,74.2,0.23
2026-08-29T09:21:28.676818+00:00,ENG01,high_altitude_cruise,5410,43.2,615.0,4.49,40.1,13.42,0.368,14.2,8.0,23.3,74.2,0.23
2026-08-29T09:21:29.676818+00:00,ENG01,high_altitude_cruise,5411,43.2,615.0,4.49,40.1,13.42,0.367,14.2,8.0,23.3,74.2,0.23
2026-08-29T09:21:30.676818+00:00,ENG01,high_altitude_cruise,5412,43.2,614.9,4.49,40.1,13.42,0.38,14.2,8.0,23.3,74.2,0.23
2026-08-29T09:21:31.676818+00:00,ENG01,high_altitude_cruise,5412,43.2,614.9,4.49,40.1,13.42,0.358,14.2,8.0,23.3,74.2,0.23
2026-08-29T09:21:32.676818+00:00,ENG01,high_altitude_cruise,5413,43.2,614.8,4.5,40.1,13.42,0.365,14.2,8.0,23.3,74.2,0.23
2026-08-29T09:21:33.676818+00:00,ENG01,high_altitude_cruise,5414,43.1,614.7,4.5,40.0,13.42,0.373,14.2,8.0,23.3,74.2,0.23
2026-08-29T09:21:34.676818+00:00,ENG01,high_altitude_cruise,5415,43.1,614.7,4.5,40.0,13.42,0.355,14.2,8.0,23.3,74.2,0.23
2026-08-29T09:21:35.676818+00:00,ENG01,high_altitude_cruise,5416,43.1,614.6,4.5,40.0,13.42,0.393,14.2,8.0,23.3,74.2,0.23
2026-08-29T09:21:36.676818+00:00,ENG01,high_altitude_cruise,5417,43.1,614.6,4.5,40.0,13.42,0.363,14.2,8.0,23.3,74.2,0.23
2026-08-29T09:21:37.676818+00:00,ENG01,high_altitude_cruise,5418,43.1,614.5,4.5,40.0,13.42,0.392,14.2,8.0,23.3,74.2,0.23
2026-08-29T09:21:38.676818+00:00,ENG01,high_altitude_cruise,5418,43.0,614.5,4.5,39.9,13.41,0.363,14.2,8.0,23.3,74.2,0.23
2026-08-29T09:21:39.676818+00:00,ENG01,high_altitude_cruise,5419,43.0,614.4,4.5,39.9,13.41,0.377,14.2,8.0,23.4,74.2,0.23
2026-08-29T09:21:40.676818+00:00,ENG01,high_altitude_cruise,5420,43.0,614.3,4.5,39.9,13.41,0.366,14.2,8.0,23.4,74.2,0.23
2026-08-29T09:21:41.676818+00:00,ENG01,high_altitude_cruise,5421,43.0,614.3,4.51,39.9,13.41,0.357,14.2,8.0,23.4,74.2,0.23
2026-08-29T09:21:42.676818+00:00,ENG01,high_altitude_cruise,5422,43.0,614.2,4.51,39.9,13.41,0.361,14.2,8.0,23.4,74.2,0.23
2026-08-29T09:21:43.676818+00:00,ENG01,high_altitude_cruise,5422,43.0,614.2,4.51,39.8,13.41,0.367,14.2,8.0,23.4,74.1,0.23
2026-08-29T09:21:44.676818+00:00,ENG01,high_altitude_cruise,5423,42.9,614.1,4.51,39.8,13.41,0.355,14.2,8.0,23.4,74.1,0.23
2026-08-29T09:21:45.676818+00:00,ENG01,high_altitude_cruise,5424,42.9,614.0,4.51,39.8,13.41,0.367,14.2,8.0,23.4,74.1,0.23
2026-08-29T09:21:46.676818+00:00,ENG01,high_altitude_cruise,5425,42.9,614.0,4.51,39.8,13.41,0.358,14.2,8.0,23.4,74.1,0.23
2026-08-29T09:21:47.676818+00:00,ENG01,high_altitude_cruise,5426,42.9,613.9,4.51,39.8,13.41,0.37,14.2,8.0,23.4,74.1,0.23
2026-08-29T09:21:48.676818+00:00,ENG01,high_altitude_cruise,5427,42.9,613.9,4.51,39.7,13.41,0.371,14.2,8.0,23.4,74.1,0.23
2026-08-29T09:21:49.676818+00:00,ENG01,high_altitude_cruise,5428,42.8,613.8,4.51,39.7,13.41,0.381,14.2,8.0,23.4,74.1,0.23
2026-08-29T09:21:50.676818+00:00,ENG01,high_altitude_cruise,5428,42.8,613.7,4.52,39.7,13.41,0.364,14.2,8.0,23.4,74.1,0.23
2026-08-29T09:21:51.676818+00:00,ENG01,high_altitude_cruise,5429,42.8,613.7,4.52,39.7,13.41,0.387,14.2,8.0,23.4,74.1,0.23
2026-08-29T09:21:52.676818+00:00,ENG01,high_altitude_cruise,5430,42.8,613.6,4.52,39.7,13.41,0.391,14.2,8.0,23.4,74.1,0.23
2026-08-29T09:21:53.676818+00:00,ENG01,high_altitude_cruise,5431,42.8,613.6,4.52,39.6,13.4,0.363,14.2,8.0,23.4,74.1,0.23
2026-08-29T09:21:54.676818+00:00,ENG01,high_altitude_cruise,5432,42.7,613.5,4.52,39.6,13.4,0.387,14.2,8.0,23.4,74.1,0.23
2026-08-29T09:21:55.676818+00:00,ENG01,high_altitude_cruise,5432,42.7,613.4,4.52,39.6,13.4,0.379,14.2,8.0,23.4,74.1,0.23
2026-08-29T09:21:56.676818+00:00,ENG01,high_altitude_cruise,5433,42.7,613.4,4.52,39.6,13.4,0.358,14.2,8.0,23.4,74.1,0.23
2026-08-29T09:21:57.676818+00:00,ENG01,high_altitude_cruise,5434,42.7,613.3,4.52,39.6,13.4,0.395,14.2,8.0,23.4,74.1,0.23
2026-08-29T09:21:58.676818+00:00,ENG01,high_altitude_cruise,5435,42.7,613.3,4.52,39.5,13.4,0.357,14.2,8.0,23.4,74.1,0.23
2026-08-29T09:21:59.676818+00:00,ENG01,high_altitude_cruise,5436,42.7,613.2,4.52,39.5,13.4,0.381,14.2,8.0,23.4,74.1,0.23
2026-08-29T09:22:00.676818+00:00,ENG01,high_altitude_cruise,5437,42.6,613.1,4.53,39.5,13.4,0.358,14.2,8.0,23.4,74.1,0.23
2026-08-29T09:22:01.676818+00:00,ENG01,high_altitude_cruise,5438,42.6,613.1,4.53,39.5,13.4,0.39,14.2,8.0,23.4,74.1,0.23
2026-08-29T09:22:02.676818+00:00,ENG01,high_altitude_cruise,5438,42.6,613.0,4.53,39.5,13.4,0.36,14.2,8.0,23.5,74.1,0.23
2026-08-29T09:22:03.676818+00:00,ENG01,high_altitude_cruise,5439,42.6,613.0,4.53,39.4,13.4,0.371,14.2,8.0,23.5,74.0,0.23
2026-08-29T09:22:04.676818+00:00,ENG01,high_altitude_cruise,5440,42.6,612.9,4.53,39.4,13.4,0.379,14.2,8.0,23.5,74.0,0.23
2026-08-29T09:22:05.676818+00:00,ENG01,high_altitude_cruise,5441,42.5,612.8,4.53,39.4,13.4,0.395,14.2,8.0,23.5,74.0,0.23
2026-08-29T09:22:06.676818+00:00,ENG01,high_altitude_cruise,5442,42.5,612.8,4.53,39.4,13.4,0.394,14.2,8.0,23.5,74.0,0.23
2026-08-29T09:22:07.676818+00:00,ENG01,high_altitude_cruise,5442,42.5,612.7,4.53,39.4,13.4,0.388,14.2,8.0,23.5,74.0,0.23
2026-08-29T09:22:08.676818+00:00,ENG01,high_altitude_cruise,5443,42.5,612.7,4.53,39.4,13.39,0.373,14.2,8.0,23.5,74.0,0.23
2026-08-29T09:22:09.676818+00:00,ENG01,high_altitude_cruise,5444,42.5,612.6,4.54,39.3,13.39,0.358,14.2,8.0,23.5,74.0,0.23
2026-08-29T09:22:10.676818+00:00,ENG01,high_altitude_cruise,5445,42.5,612.5,4.54,39.3,13.39,0.359,14.2,8.0,23.5,74.0,0.23
2026-08-29T09:22:11.676818+00:00,ENG01,high_altitude_cruise,5446,42.4,612.5,4.54,39.3,13.39,0.357,14.2,8.0,23.5,74.0,0.23
2026-08-29T09:22:12.676818+00:00,ENG01,high_altitude_cruise,5447,42.4,612.4,4.54,39.3,13.39,0.356,14.2,8.0,23.5,74.0,0.23
2026-08-29T09:22:13.676818+00:00,ENG01,high_altitude_cruise,5448,42.4,612.4,4.54,39.3,13.39,0.384,14.2,8.0,23.5,74.0,0.23
2026-08-29T09:22:14.676818+00:00,ENG01,high_altitude_cruise,5448,42.4,612.3,4.54,39.2,13.39,0.364,14.2,8.0,23.5,74.0,0.23
2026-08-29T09:22:15.676818+00:00,ENG01,high_altitude_cruise,5449,42.4,612.2,4.54,39.2,13.39,0.395,14.2,8.0,23.5,74.0,0.23
2026-08-29T09:22:16.676818+00:00,ENG01,high_altitude_cruise,5450,42.3,612.2,4.54,39.2,13.39,0.377,14.2,8.0,23.5,74.0,0.23
2026-08-29T09:22:17.676818+00:00,ENG01,high_altitude_cruise,5451,42.3,612.1,4.54,39.2,13.39,0.394,14.2,8.0,23.5,74.0,0.23
2026-08-29T09:22:18.676818+00:00,ENG01,high_altitude_cruise,5452,42.3,612.0,4.55,39.2,13.39,0.364,14.2,8.0,23.5,74.0,0.23
2026-08-29T09:22:19.676818+00:00,ENG01,high_altitude_cruise,5452,42.3,612.0,4.55,39.1,13.39,0.384,14.2,8.0,23.5,74.0,0.23
2026-08-29T09:22:20.676818+00:00,ENG01,high_altitude_cruise,5453,42.3,611.9,4.55,39.1,13.39,0.357,14.2,8.0,23.5,74.0,0.23
2026-08-29T09:22:21.676818+00:00,ENG01,high_altitude_cruise,5454,42.2,611.9,4.55,39.1,13.39,0.381,14.2,8.0,23.5,74.0,0.23
2026-08-29T09:22:22.676818+00:00,ENG01,high_altitude_cruise,5455,42.2,611.8,4.55,39.1,13.38,0.384,14.2,8.0,23.5,73.9,0.23
2026-08-29T09:22:23.676818+00:00,ENG01,high_altitude_cruise,5456,42.2,611.7,4.55,39.1,13.38,0.377,14.2,8.0,23.5,73.9,0.23
2026-08-29T09:22:24.676818+00:00,ENG01,high_altitude_cruise,5457,42.2,611.7,4.55,39.0,13.38,0.372,14.2,8.0,23.5,73.9,0.23
2026-08-29T09:22:25.676818+00:00,ENG01,high_altitude_cruise,5458,42.2,611.6,4.55,39.0,13.38,0.36,14.2,8.0,23.6,73.9,0.23
2026-08-29T09:22:26.676818+00:00,ENG01,high_altitude_cruise,5458,42.2,611.5,4.55,39.0,13.38,0.369,14.2,8.0,23.6,73.9,0.23
2026-08-29T09:22:27.676818+00:00,ENG01,high_altitude_cruise,5459,42.1,611.5,4.56,39.0,13.38,0.383,14.2,8.0,23.6,73.9,0.23
2026-08-29T09:22:28.676818+00:00,ENG01,high_altitude_cruise,5460,42.1,611.4,4.56,39.0,13.38,0.361,14.2,8.0,23.6,73.9,0.23
2026-08-29T09:22:29.676818+00:00,ENG01,high_altitude_cruise,5461,42.1,611.4,4.56,38.9,13.38,0.368,14.2,8.0,23.6,73.9,0.23
2026-08-29T09:22:30.676818+00:00,ENG01,high_altitude_cruise,5462,42.1,611.3,4.56,38.9,13.38,0.376,14.2,8.0,23.6,73.9,0.23
2026-08-29T09:22:31.676818+00:00,ENG01,high_altitude_cruise,5462,42.1,611.2,4.56,38.9,13.38,0.358,14.2,8.0,23.6,73.9,0.23
2026-08-29T09:22:32.676818+00:00,ENG01,high_altitude_cruise,5463,42.0,611.2,4.56,38.9,13.38,0.379,14.2,8.0,23.6,73.9,0.23
2026-08-29T09:22:33.676818+00:00,ENG01,high_altitude_cruise,5464,42.0,611.1,4.56,38.9,13.38,0.367,14.2,8.0,23.6,73.9,0.23
2026-08-29T09:22:34.676818+00:00,ENG01,high_altitude_cruise,5465,42.0,611.0,4.56,38.8,13.38,0.375,14.2,8.0,23.6,73.9,0.23
2026-08-29T09:22:35.676818+00:00,ENG01,high_altitude_cruise,5466,42.0,611.0,4.56,38.8,13.37,0.376,14.2,8.0,23.6,73.9,0.23
2026-08-29T09:22:36.676818+00:00,ENG01,high_altitude_cruise,5467,42.0,610.9,4.57,38.8,13.37,0.357,14.2,8.0,23.6,73.9,0.23
2026-08-29T09:22:37.676818+00:00,ENG01,high_altitude_cruise,5468,41.9,610.9,4.57,38.8,13.37,0.374,14.2,8.0,23.6,73.9,0.23
2026-08-29T09:22:38.676818+00:00,ENG01,high_altitude_cruise,5468,41.9,610.8,4.57,38.8,13.37,0.359,14.2,8.0,23.6,73.9,0.23
2026-08-29T09:22:39.676818+00:00,ENG01,high_altitude_cruise,5469,41.9,610.7,4.57,38.7,13.37,0.368,14.2,8.0,23.6,73.9,0.23
2026-08-29T09:22:40.676818+00:00,ENG01,high_altitude_cruise,5470,41.9,610.7,4.57,38.7,13.37,0.367,14.2,8.0,23.6,73.8,0.23
2026-08-29T09:22:41.676818+00:00,ENG01,high_altitude_cruise,5471,41.9,610.6,4.57,38.7,13.37,0.371,14.2,8.0,23.6,73.8,0.23
2026-08-29T09:22:42.676818+00:00,ENG01,high_altitude_cruise,5472,41.8,610.5,4.57,38.7,13.37,0.401,14.2,8.0,23.6,73.8,0.23
2026-08-29T09:22:43.676818+00:00,ENG01,high_altitude_cruise,5472,41.8,610.5,4.57,38.7,13.37,0.371,14.2,8.0,23.6,73.8,0.23
2026-08-29T09:22:44.676818+00:00,ENG01,high_altitude_cruise,5473,41.8,610.4,4.57,38.6,13.37,0.379,14.2,8.0,23.6,73.8,0.23
2026-08-29T09:22:45.676818+00:00,ENG01,high_altitude_cruise,5474,41.8,610.3,4.58,38.6,13.37,0.376,14.2,8.0,23.6,73.8,0.23
2026-08-29T09:22:46.676818+00:00,ENG01,high_altitude_cruise,5475,41.8,610.3,4.58,38.6,13.37,0.383,14.2,8.0,23.6,73.8,0.23
2026-08-29T09:22:47.676818+00:00,ENG01,high_altitude_cruise,5476,41.8,610.2,4.58,38.6,13.37,0.358,14.2,8.0,23.7,73.8,0.23
2026-08-29T09:22:48.676818+00:00,ENG01,high_altitude_cruise,5477,41.7,610.2,4.58,38.6,13.36,0.379,14.2,8.0,23.7,73.8,0.23
2026-08-29T09:22:49.676818+00:00,ENG01,high_altitude_cruise,5478,41.7,610.1,4.58,38.5,13.36,0.384,14.2,8.0,23.7,73.8,0.23
2026-08-29T09:22:50.676818+00:00,ENG01,high_altitude_cruise,5478,41.7,610.0,4.58,38.5,13.36,0.363,14.2,8.0,23.7,73.8,0.23
2026-08-29T09:22:51.676818+00:00,ENG01,high_altitude_cruise,5479,41.7,610.0,4.58,38.5,13.36,0.37,14.2,8.0,23.7,73.8,0.23
2026-08-29T09:22:52.676818+00:00,ENG01,high_altitude_cruise,5480,41.7,609.9,4.58,38.5,13.36,0.36,14.2,8.0,23.7,73.8,0.23
2026-08-29T09:22:53.676818+00:00,ENG01,high_altitude_cruise,5481,41.6,609.8,4.58,38.5,13.36,0.364,14.2,8.0,23.7,73.8,0.23
2026-08-29T09:22:54.676818+00:00,ENG01,high_altitude_cruise,5482,41.6,609.8,4.58,38.4,13.36,0.378,14.2,8.0,23.7,73.8,0.23
2026-08-29T09:22:55.676818+00:00,ENG01,high_altitude_cruise,5482,41.6,609.7,4.59,38.4,13.36,0.358,14.2,8.0,23.7,73.8,0.23
2026-08-29T09:22:56.676818+00:00,ENG01,high_altitude_cruise,5483,41.6,609.6,4.59,38.4,13.36,0.366,14.2,8.0,23.7,73.8,0.23
2026-08-29T09:22:57.676818+00:00,ENG01,high_altitude_cruise,5484,41.6,609.6,4.59,38.4,13.36,0.359,14.2,8.0,23.7,73.7,0.23
2026-08-29T09:22:58.676818+00:00,ENG01,high_altitude_cruise,5485,41.5,609.5,4.59,38.4,13.36,0.36,14.2,8.0,23.7,73.7,0.23
2026-08-29T09:22:59.676818+00:00,ENG01,high_altitude_cruise,5486,41.5,609.4,4.59,38.4,13.36,0.371,14.2,8.0,23.7,73.7,0.23
2026-08-29T09:23:00.676818+00:00,ENG01,high_altitude_cruise,5487,41.5,609.4,4.59,38.3,13.35,0.366,14.2,8.0,23.7,73.7,0.23
2026-08-29T09:23:01.676818+00:00,ENG01,high_altitude_cruise,5488,41.5,609.3,4.59,38.3,13.35,0.374,14.2,8.0,23.7,73.7,0.23
2026-08-29T09:23:02.676818+00:00,ENG01,high_altitude_cruise,5488,41.5,609.2,4.59,38.3,13.35,0.364,14.2,8.0,23.7,73.7,0.23
2026-08-29T09:23:03.676818+00:00,ENG01,high_altitude_cruise,5489,41.4,609.2,4.59,38.3,13.35,0.39,14.2,8.0,23.7,73.7,0.23
2026-08-29T09:23:04.676818+00:00,ENG01,high_altitude_cruise,5490,41.4,609.1,4.6,38.3,13.35,0.423,14.2,8.0,23.7,73.7,0.23
2026-08-29T09:23:05.676818+00:00,ENG01,high_altitude_cruise,5491,41.4,609.0,4.6,38.2,13.35,0.37,14.2,8.0,23.7,73.7,0.23
2026-08-29T09:23:06.676818+00:00,ENG01,high_altitude_cruise,5492,41.4,609.0,4.6,38.2,13.35,0.382,14.2,8.0,23.7,73.7,0.23
2026-08-29T09:23:07.676818+00:00,ENG01,high_altitude_cruise,5492,41.4,608.9,4.6,38.2,13.35,0.408,14.2,8.0,23.7,73.7,0.23
2026-08-29T09:23:08.676818+00:00,ENG01,high_altitude_cruise,5493,41.3,608.9,4.6,38.2,13.35,0.387,14.2,8.0,23.7,73.7,0.23
2026-08-29T09:23:09.676818+00:00,ENG01,high_altitude_cruise,5494,41.3,608.8,4.6,38.2,13.35,0.359,14.2,8.0,23.8,73.7,0.23
2026-08-29T09:23:10.676818+00:00,ENG01,high_altitude_cruise,5495,41.3,608.7,4.6,38.1,13.35,0.398,14.2,8.0,23.8,73.7,0.23
2026-08-29T09:23:11.676818+00:00,ENG01,high_altitude_cruise,5496,41.3,608.7,4.6,38.1,13.35,0.372,14.2,8.0,23.8,73.7,0.23
2026-08-29T09:23:12.676818+00:00,ENG01,high_altitude_cruise,5497,41.3,608.6,4.6,38.1,13.34,0.379,14.2,8.0,23.8,73.7,0.23
2026-08-29T09:23:13.676818+00:00,ENG01,high_altitude_cruise,5498,41.2,608.5,4.61,38.1,13.34,0.376,14.2,8.0,23.8,73.7,0.23
2026-08-29T09:23:14.676818+00:00,ENG01,high_altitude_cruise,5498,41.2,608.5,4.61,38.1,13.34,0.387,14.2,8.0,23.8,73.6,0.23
2026-08-29T09:23:15.676818+00:00,ENG01,high_altitude_cruise,5499,41.2,608.4,4.61,38.0,13.34,0.365,14.2,8.0,23.8,73.6,0.23
2026-08-29T09:23:16.676818+00:00,ENG01,high_altitude_cruise,5500,41.2,608.3,4.61,38.0,13.34,0.377,14.2,8.0,23.8,73.6,0.23
2026-08-29T09:23:17.676818+00:00,ENG01,high_altitude_cruise,5500,41.2,608.3,4.61,38.0,13.34,0.398,14.2,8.0,23.8,73.6,0.23
2026-08-29T09:23:18.676818+00:00,ENG01,high_altitude_cruise,5500,41.2,608.2,4.61,38.0,13.34,0.376,14.2,8.0,23.8,73.6,0.23
2026-08-29T09:23:19.676818+00:00,ENG01,high_altitude_cruise,5500,41.1,608.2,4.61,38.0,13.34,0.364,14.2,8.0,23.8,73.6,0.23
2026-08-29T09:23:20.676818+00:00,ENG01,high_altitude_cruise,5500,41.1,608.1,4.61,37.9,13.34,0.373,14.2,8.0,23.8,73.6,0.23
2026-08-29T09:23:21.676818+00:00,ENG01,high_altitude_cruise,5500,41.1,608.1,4.61,37.9,13.34,0.362,14.2,8.0,23.8,73.6,0.23
2026-08-29T09:23:22.676818+00:00,ENG01,high_altitude_cruise,5500,41.1,608.1,4.61,37.9,13.34,0.389,14.2,8.0,23.8,73.6,0.23
2026-08-29T09:23:23.676818+00:00,ENG01,high_altitude_cruise,5500,41.1,608.0,4.61,37.9,13.34,0.377,14.2,8.0,23.8,73.6,0.23
2026-08-29T09:23:24.676818+00:00,ENG01,high_altitude_cruise,5500,41.0,608.0,4.61,37.9,13.34,0.383,14.2,8.0,23.8,73.6,0.23
2026-08-29T09:23:25.676818+00:00,ENG01,high_altitude_cruise,5500,41.0,608.0,4.61,37.8,13.34,0.383,14.2,8.0,23.8,73.6,0.23
2026-08-29T09:23:26.676818+00:00,ENG01,high_altitude_cruise,5500,41.0,608.0,4.61,37.8,13.34,0.363,14.2,8.0,23.8,73.6,0.23
2026-08-29T09:23:27.676818+00:00,ENG01,high_altitude_cruise,5500,41.0,607.9,4.61,37.8,13.34,0.36,14.2,8.0,23.8,73.6,0.23
2026-08-29T09:23:28.676818+00:00,ENG01,high_altitude_cruise,5500,41.0,607.9,4.61,37.8,13.34,0.368,14.2,8.0,23.8,73.6,0.23
2026-08-29T09:23:29.676818+00:00,ENG01,high_altitude_cruise,5500,41.0,607.9,4.61,37.8,13.34,0.365,14.2,8.0,23.8,73.6,0.23
2026-08-29T09:23:30.676818+00:00,ENG01,high_altitude_cruise,5500,40.9,607.9,4.61,37.7,13.34,0.406,14.2,8.0,23.8,73.6,0.23
2026-08-29T09:23:31.676818+00:00,ENG01,high_altitude_cruise,5500,40.9,607.9,4.61,37.7,13.34,0.362,14.2,8.0,23.8,73.6,0.23
2026-08-29T09:23:32.676818+00:00,ENG01,high_altitude_cruise,5500,40.9,607.9,4.61,37.7,13.34,0.382,14.2,8.0,23.8,73.6,0.23
2026-08-29T09:23:33.676818+00:00,ENG01,high_altitude_cruise,5500,40.9,607.9,4.61,37.7,13.34,0.401,14.2,8.0,23.8,73.6,0.23
2026-08-29T09:23:34.676818+00:00,ENG01,high_altitude_cruise,5500,40.9,607.9,4.61,37.7,13.34,0.36,14.2,8.0,23.8,73.6,0.23
2026-08-29T09:23:35.676818+00:00,ENG01,high_altitude_cruise,5500,40.8,607.9,4.61,37.7,13.34,0.358,14.2,8.0,23.8,73.6,0.23
2026-08-29T09:23:36.676818+00:00,ENG01,high_altitude_cruise,5500,40.8,607.9,4.61,37.6,13.34,0.385,14.2,8.0,23.8,73.6,0.23
2026-08-29T09:23:37.676818+00:00,ENG01,high_altitude_cruise,5500,40.8,607.9,4.61,37.6,13.34,0.369,14.2,8.0,23.8,73.6,0.23
2026-08-29T09:23:38.676818+00:00,ENG01,high_altitude_cruise,5500,40.8,607.9,4.61,37.6,13.34,0.363,14.2,8.0,23.8,73.6,0.23
2026-08-29T09:23:39.676818+00:00,ENG01,high_altitude_cruise,5500,40.8,607.9,4.61,37.6,13.34,0.397,14.2,8.0,23.8,73.6,0.23
2026-08-29T09:23:40.676818+00:00,ENG01,high_altitude_cruise,5500,40.8,607.8,4.61,37.6,13.34,0.366,14.2,8.0,23.8,73.6,0.23
2026-08-29T09:23:41.676818+00:00,ENG01,high_altitude_cruise,5500,40.7,607.8,4.61,37.5,13.34,0.362,14.2,8.0,23.8,73.6,0.23
2026-08-29T09:23:42.676818+00:00,ENG01,high_altitude_cruise,5500,40.7,607.8,4.61,37.5,13.34,0.388,14.2,8.0,23.8,73.6,0.23
2026-08-29T09:23:43.676818+00:00,ENG01,high_altitude_cruise,5500,40.7,607.8,4.61,37.5,13.34,0.365,14.2,8.0,23.8,73.6,0.23
2026-08-29T09:23:44.676818+00:00,ENG01,high_altitude_cruise,5500,40.7,607.8,4.61,37.5,13.34,0.392,14.2,8.0,23.8,73.6,0.23
2026-08-29T09:23:45.676818+00:00,ENG01,high_altitude_cruise,5500,40.7,607.8,4.61,37.5,13.34,0.363,14.2,8.0,23.8,73.6,0.23
2026-08-29T09:23:46.676818+00:00,ENG01,high_altitude_cruise,5500,40.7,607.8,4.61,37.4,13.34,0.386,14.2,8.0,23.8,73.6,0.23
2026-08-29T09:23:47.676818+00:00,ENG01,high_altitude_cruise,5500,40.7,607.8,4.61,37.4,13.34,0.395,14.2,8.0,23.8,73.6,0.23
2026-08-29T09:23:48.676818+00:00,ENG01,high_altitude_cruise,5500,40.6,607.8,4.61,37.4,13.34,0.358,14.2,8.0,23.8,73.6,0.23
2026-08-29T09:23:49.676818+00:00,ENG01,high_altitude_cruise,5500,40.6,607.8,4.61,37.4,13.34,0.369,14.2,8.0,23.8,73.6,0.23
2026-08-29T09:23:50.676818+00:00,ENG01,high_altitude_cruise,5500,40.6,607.8,4.61,37.4,13.34,0.375,14.2,8.0,23.8,73.6,0.23
2026-08-29T09:23:51.676818+00:00,ENG01,high_altitude_cruise,5500,40.6,607.8,4.61,37.4,13.34,0.362,14.2,8.0,23.8,73.6,0.23
2026-08-29T09:23:52.676818+00:00,ENG01,high_altitude_cruise,5500,40.6,607.8,4.61,37.3,13.34,0.363,14.2,8.0,23.8,73.6,0.23
2026-08-29T09:23:53.676818+00:00,ENG01,high_altitude_cruise,5500,40.6,607.8,4.61,37.3,13.34,0.361,14.2,8.0,23.8,73.6,0.23
2026-08-29T09:23:54.676818+00:00,ENG01,high_altitude_cruise,5500,40.5,607.8,4.61,37.3,13.34,0.365,14.2,8.0,23.8,73.6,0.23
2026-08-29T09:23:55.676818+00:00,ENG01,high_altitude_cruise,5500,40.5,607.8,4.61,37.3,13.34,0.382,14.2,8.0,23.8,73.6,0.23
2026-08-29T09:23:56.676818+00:00,ENG01,high_altitude_cruise,5500,40.5,607.8,4.61,37.3,13.34,0.37,14.2,8.0,23.8,73.6,0.23
2026-08-29T09:23:57.676818+00:00,ENG01,high_altitude_cruise,5500,40.5,607.8,4.61,37.2,13.34,0.364,14.2,8.0,23.8,73.6,0.23
2026-08-29T09:23:58.676818+00:00,ENG01,high_altitude_cruise,5500,40.5,607.8,4.61,37.2,13.34,0.359,14.2,8.0,23.8,73.6,0.23
2026-08-29T09:23:59.676818+00:00,ENG01,high_altitude_cruise,5500,40.5,607.8,4.61,37.2,13.34,0.377,14.2,8.0,23.8,73.6,0.23
2026-08-29T09:24:00.676818+00:00,ENG01,high_altitude_cruise,5500,40.5,607.8,4.61,37.2,13.34,0.372,14.2,8.0,23.8,73.6,0.23
2026-08-29T09:24:01.676818+00:00,ENG01,high_altitude_cruise,5500,40.4,607.8,4.61,37.2,13.34,0.373,14.2,8.0,23.8,73.6,0.23
2026-08-29T09:24:02.676818+00:00,ENG01,high_altitude_cruise,5500,40.4,607.8,4.61,37.2,13.34,0.387,14.2,8.0,23.8,73.6,0.23
2026-08-29T09:24:03.676818+00:00,ENG01,high_altitude_cruise,5500,40.4,607.8,4.61,37.1,13.34,0.361,14.2,8.0,23.8,73.6,0.23
2026-08-29T09:24:04.676818+00:00,ENG01,high_altitude_cruise,5500,40.4,607.8,4.61,37.1,13.34,0.386,14.2,8.0,23.8,73.6,0.23
2026-08-29T09:24:05.676818+00:00,ENG01,high_altitude_cruise,5500,40.4,607.8,4.61,37.1,13.34,0.364,14.2,8.0,23.8,73.6,0.23
2026-08-29T09:24:06.676818+00:00,ENG01,high_altitude_cruise,5500,40.4,607.8,4.61,37.1,13.34,0.382,14.2,8.0,23.8,73.6,0.23
2026-08-29T09:24:07.676818+00:00,ENG01,high_altitude_cruise,5500,40.4,607.8,4.61,37.1,13.34,0.38,14.2,8.0,23.8,73.6,0.23
2026-08-29T09:24:08.676818+00:00,ENG01,high_altitude_cruise,5500,40.3,607.8,4.61,37.0,13.34,0.384,14.2,8.0,23.8,73.6,0.23
2026-08-29T09:24:09.676818+00:00,ENG01,high_altitude_cruise,5500,40.3,607.8,4.61,37.0,13.34,0.373,14.2,8.0,23.8,73.6,0.23
2026-08-29T09:24:10.676818+00:00,ENG01,high_altitude_cruise,5500,40.3,607.8,4.61,37.0,13.34,0.399,14.2,8.0,23.8,73.6,0.23
2026-08-29T09:24:11.676818+00:00,ENG01,high_altitude_cruise,5500,40.3,607.8,4.61,37.0,13.34,0.378,14.2,8.0,23.8,73.6,0.23
2026-08-29T09:24:12.676818+00:00,ENG01,high_altitude_cruise,5500,40.3,607.8,4.61,37.0,13.34,0.385,14.2,8.0,23.8,73.6,0.23
2026-08-29T09:24:13.676818+00:00,ENG01,high_altitude_cruise,5500,40.3,607.8,4.61,37.0,13.34,0.379,14.2,8.0,23.8,73.6,0.23
2026-08-29T09:24:14.676818+00:00,ENG01,high_altitude_cruise,5500,40.3,607.8,4.61,36.9,13.34,0.36,14.2,8.0,23.8,73.6,0.23
2026-08-29T09:24:15.676818+00:00,ENG01,high_altitude_cruise,5500,40.3,607.8,4.61,36.9,13.34,0.366,14.2,8.0,23.8,73.6,0.23
2026-08-29T09:24:16.676818+00:00,ENG01,high_altitude_cruise,5500,40.2,607.8,4.61,36.9,13.34,0.36,14.2,8.0,23.8,73.6,0.23
2026-08-29T09:24:17.676818+00:00,ENG01,high_altitude_cruise,5500,40.2,607.8,4.61,36.9,13.34,0.379,14.2,8.0,23.8,73.6,0.23
2026-08-29T09:24:18.676818+00:00,ENG01,high_altitude_cruise,5500,40.2,607.8,4.61,36.9,13.34,0.381,14.2,8.0,23.8,73.6,0.23
2026-08-29T09:24:19.676818+00:00,ENG01,high_altitude_cruise,5500,40.2,607.8,4.61,36.8,13.34,0.376,14.2,8.0,23.8,73.6,0.23
2026-08-29T09:24:20.676818+00:00,ENG01,high_altitude_cruise,5500,40.2,607.8,4.61,36.8,13.34,0.382,14.2,8.0,23.8,73.6,0.23
2026-08-29T09:24:21.676818+00:00,ENG01,high_altitude_cruise,5500,40.2,607.8,4.61,36.8,13.34,0.362,14.2,8.0,23.8,73.6,0.23
2026-08-29T09:24:22.676818+00:00,ENG01,high_altitude_cruise,5500,40.2,607.8,4.61,36.8,13.34,0.371,14.2,8.0,23.8,73.6,0.23
2026-08-29T09:24:23.676818+00:00,ENG01,high_altitude_cruise,5500,40.2,607.8,4.61,36.8,13.34,0.373,14.2,8.0,23.8,73.6,0.23
2026-08-29T09:24:24.676818+00:00,ENG01,high_altitude_cruise,5500,40.1,607.8,4.61,36.8,13.34,0.365,14.2,8.0,23.8,73.6,0.23
2026-08-29T09:24:25.676818+00:00,ENG01,high_altitude_cruise,5500,40.1,607.8,4.61,36.7,13.34,0.382,14.2,8.0,23.8,73.6,0.23
2026-08-29T09:24:26.676818+00:00,ENG01,high_altitude_cruise,5500,40.1,607.8,4.61,36.7,13.34,0.368,14.2,8.0,23.8,73.6,0.23
2026-08-29T09:24:27.676818+00:00,ENG01,high_altitude_cruise,5500,40.1,607.8,4.61,36.7,13.34,0.36,14.2,8.0,23.8,73.6,0.23
2026-08-29T09:24:28.676818+00:00,ENG01,high_altitude_cruise,5500,40.1,607.8,4.61,36.7,13.34,0.377,14.2,8.0,23.8,73.6,0.23
2026-08-29T09:24:29.676818+00:00,ENG01,high_altitude_cruise,5500,40.1,607.8,4.61,36.7,13.34,0.397,14.2,8.0,23.8,73.6,0.23
2026-08-29T09:24:30.676818+00:00,ENG01,high_altitude_cruise,5500,40.1,607.8,4.61,36.7,13.34,0.367,14.2,8.0,23.8,73.6,0.23
2026-08-29T09:24:31.676818+00:00,ENG01,high_altitude_cruise,5500,40.1,607.8,4.61,36.6,13.34,0.389,14.2,8.0,23.8,73.6,0.23
2026-08-29T09:24:32.676818+00:00,ENG01,high_altitude_cruise,5500,40.1,607.8,4.61,36.6,13.34,0.392,14.2,8.0,23.8,73.6,0.23
2026-08-29T09:24:33.676818+00:00,ENG01,high_altitude_cruise,5500,40.0,607.8,4.61,36.6,13.34,0.393,14.2,8.0,23.8,73.6,0.23
2026-08-29T09:24:34.676818+00:00,ENG01,high_altitude_cruise,5500,40.0,607.8,4.61,36.6,13.34,0.382,14.2,8.0,23.8,73.6,0.23
2026-08-29T09:24:35.676818+00:00,ENG01,high_altitude_cruise,5500,40.0,607.8,4.61,36.6,13.34,0.366,14.2,8.0,23.8,73.6,0.23
2026-08-29T09:24:36.676818+00:00,ENG01,high_altitude_cruise,5500,40.0,607.8,4.61,36.6,13.34,0.359,14.2,8.0,23.8,73.6,0.23
2026-08-29T09:24:37.676818+00:00,ENG01,high_altitude_cruise,5500,40.0,607.8,4.61,36.5,13.34,0.359,14.2,8.0,23.8,73.6,0.23
2026-08-29T09:24:38.676818+00:00,ENG01,high_altitude_cruise,5500,40.0,607.8,4.61,36.5,13.34,0.378,14.2,8.0,23.8,73.6,0.23
2026-08-29T09:24:39.676818+00:00,ENG01,high_altitude_cruise,5500,40.0,607.8,4.61,36.5,13.34,0.372,14.2,8.0,23.8,73.6,0.23
2026-08-29T09:24:40.676818+00:00,ENG01,high_altitude_cruise,5500,40.0,607.8,4.61,36.5,13.34,0.374,14.2,8.0,23.8,73.6,0.23
2026-08-29T09:24:41.676818+00:00,ENG01,high_altitude_cruise,5500,40.0,607.8,4.61,36.5,13.34,0.363,14.2,8.0,23.8,73.6,0.23
2026-08-29T09:24:42.676818+00:00,ENG01,high_altitude_cruise,5500,39.9,607.8,4.61,36.5,13.34,0.358,14.2,8.0,23.8,73.6,0.23
2026-08-29T09:24:43.676818+00:00,ENG01,high_altitude_cruise,5500,39.9,607.8,4.61,36.4,13.34,0.401,14.2,8.0,23.8,73.6,0.23
2026-08-29T09:24:44.676818+00:00,ENG01,high_altitude_cruise,5500,39.9,607.8,4.61,36.4,13.34,0.369,14.2,8.0,23.8,73.6,0.23
2026-08-29T09:24:45.676818+00:00,ENG01,high_altitude_cruise,5500,39.9,607.8,4.61,36.4,13.34,0.375,14.2,8.0,23.8,73.6,0.23
2026-08-29T09:24:46.676818+00:00,ENG01,high_altitude_cruise,5500,39.9,607.8,4.61,36.4,13.34,0.372,14.2,8.0,23.8,73.6,0.23
2026-08-29T09:24:47.676818+00:00,ENG01,high_altitude_cruise,5500,39.9,607.8,4.61,36.4,13.34,0.377,14.2,8.0,23.8,73.6,0.23
2026-08-29T09:24:48.676818+00:00,ENG01,high_altitude_cruise,5500,39.9,607.8,4.61,36.4,13.34,0.365,14.2,8.0,23.8,73.6,0.23
2026-08-29T09:24:49.676818+00:00,ENG01,high_altitude_cruise,5500,39.9,607.8,4.61,36.3,13.34,0.37,14.2,8.0,23.8,73.6,0.23
2026-08-29T09:24:50.676818+00:00,ENG01,high_altitude_cruise,5500,39.9,607.8,4.61,36.3,13.34,0.364,14.2,8.0,23.8,73.6,0.23
2026-08-29T09:24:51.676818+00:00,ENG01,high_altitude_cruise,5500,39.9,607.8,4.61,36.3,13.34,0.369,14.2,8.0,23.8,73.6,0.23
2026-08-29T09:24:52.676818+00:00,ENG01,high_altitude_cruise,5500,39.8,607.8,4.61,36.3,13.34,0.373,14.2,8.0,23.8,73.6,0.23
2026-08-29T09:24:53.676818+00:00,ENG01,high_altitude_cruise,5500,39.8,607.8,4.61,36.3,13.34,0.39,14.2,8.0,23.8,73.6,0.23
2026-08-29T09:24:54.676818+00:00,ENG01,high_altitude_cruise,5500,39.8,607.8,4.61,36.3,13.34,0.381,14.2,8.0,23.8,73.6,0.23
2026-08-29T09:24:55.676818+00:00,ENG01,high_altitude_cruise,5500,39.8,607.8,4.61,36.2,13.34,0.389,14.2,8.0,23.8,73.6,0.23
2026-08-29T09:24:56.676818+00:00,ENG01,high_altitude_cruise,5500,39.8,607.8,4.61,36.2,13.34,0.416,14.2,8.0,23.8,73.6,0.23
2026-08-29T09:24:57.676818+00:00,ENG01,high_altitude_cruise,5500,39.8,607.8,4.61,36.2,13.34,0.384,14.2,8.0,23.8,73.6,0.23
2026-08-29T09:24:58.676818+00:00,ENG01,high_altitude_cruise,5500,39.8,607.8,4.61,36.2,13.34,0.382,14.2,8.0,23.8,73.6,0.23
2026-08-29T09:24:59.676818+00:00,ENG01,high_altitude_cruise,5500,39.8,607.8,4.61,36.2,13.34,0.364,14.2,8.0,23.8,73.6,0.23
2026-08-29T09:25:00.676818+00:00,ENG01,high_altitude_cruise,5500,39.8,607.8,4.61,36.2,13.34,0.359,14.2,8.0,23.8,73.6,0.23
2026-08-29T09:25:01.676818+00:00,ENG01,high_altitude_cruise,5500,39.8,607.8,4.61,36.1,13.34,0.365,14.2,8.0,23.8,73.6,0.23
2026-08-29T09:25:02.676818+00:00,ENG01,high_altitude_cruise,5500,39.8,607.8,4.61,36.1,13.34,0.384,14.2,8.0,23.8,73.6,0.23
2026-08-29T09:25:03.676818+00:00,ENG01,high_altitude_cruise,5500,39.7,607.8,4.61,36.1,13.34,0.376,14.2,8.0,23.8,73.6,0.23
2026-08-29T09:25:04.676818+00:00,ENG01,high_altitude_cruise,5500,39.7,607.8,4.61,36.1,13.34,0.375,14.2,8.0,23.8,73.6,0.23
2026-08-29T09:25:05.676818+00:00,ENG01,high_altitude_cruise,5500,39.7,607.8,4.61,36.1,13.34,0.359,14.2,8.0,23.8,73.6,0.23
2026-08-29T09:25:06.676818+00:00,ENG01,high_altitude_cruise,5500,39.7,607.8,4.61,36.1,13.34,0.378,14.2,8.0,23.8,73.6,0.23
2026-08-29T09:25:07.676818+00:00,ENG01,high_altitude_cruise,5500,39.7,607.8,4.61,36.0,13.34,0.379,14.2,8.0,23.8,73.6,0.23
2026-08-29T09:25:08.676818+00:00,ENG01,high_altitude_cruise,5500,39.7,607.8,4.61,36.0,13.34,0.38,14.2,8.0,23.8,73.6,0.23
2026-08-29T09:25:09.676818+00:00,ENG01,high_altitude_cruise,5500,39.7,607.8,4.61,36.0,13.34,0.374,14.2,8.0,23.8,73.6,0.23
2026-08-29T09:25:10.676818+00:00,ENG01,high_altitude_cruise,5500,39.7,607.8,4.61,36.0,13.34,0.372,14.2,8.0,23.8,73.6,0.23
2026-08-29T09:25:11.676818+00:00,ENG01,high_altitude_cruise,5500,39.7,607.8,4.61,36.0,13.34,0.368,14.2,8.0,23.8,73.6,0.23
2026-08-29T09:25:12.676818+00:00,ENG01,high_altitude_cruise,5500,39.7,607.8,4.61,36.0,13.34,0.384,14.2,8.0,23.8,73.6,0.23
2026-08-29T09:25:13.676818+00:00,ENG01,high_altitude_cruise,5500,39.7,607.8,4.61,36.0,13.34,0.366,14.2,8.0,23.8,73.6,0.23
2026-08-29T09:25:14.676818+00:00,ENG01,high_altitude_cruise,5500,39.6,607.8,4.61,35.9,13.34,0.367,14.2,8.0,23.8,73.6,0.23
2026-08-29T09:25:15.676818+00:00,ENG01,high_altitude_cruise,5500,39.6,607.8,4.61,35.9,13.34,0.382,14.2,8.0,23.8,73.6,0.23
2026-08-29T09:25:16.676818+00:00,ENG01,high_altitude_cruise,5500,39.6,607.8,4.61,35.9,13.34,0.375,14.2,8.0,23.8,73.6,0.23
2026-08-29T09:25:17.676818+00:00,ENG01,high_altitude_cruise,5500,39.6,607.8,4.61,35.9,13.34,0.365,14.2,8.0,23.8,73.6,0.23
2026-08-29T09:25:18.676818+00:00,ENG01,high_altitude_cruise,5500,39.6,607.8,4.61,35.9,13.34,0.366,14.2,8.0,23.8,73.6,0.23
2026-08-29T09:25:19.676818+00:00,ENG01,high_altitude_cruise,5500,39.6,607.8,4.61,35.9,13.34,0.377,14.2,8.0,23.8,73.6,0.23
2026-08-29T09:25:20.676818+00:00,ENG01,high_altitude_cruise,5500,39.6,607.8,4.61,35.8,13.34,0.373,14.2,8.0,23.8,73.6,0.23
2026-08-29T09:25:21.676818+00:00,ENG01,high_altitude_cruise,5500,39.6,607.8,4.61,35.8,13.34,0.358,14.2,8.0,23.8,73.6,0.23
2026-08-29T09:25:22.676818+00:00,ENG01,high_altitude_cruise,5500,39.6,607.8,4.61,35.8,13.34,0.363,14.2,8.0,23.8,73.6,0.23
2026-08-29T09:25:23.676818+00:00,ENG01,high_altitude_cruise,5500,39.6,607.8,4.61,35.8,13.34,0.39,14.2,8.0,23.8,73.6,0.23
2026-08-29T09:25:24.676818+00:00,ENG01,high_altitude_cruise,5500,39.6,607.8,4.61,35.8,13.34,0.393,14.2,8.0,23.8,73.6,0.23
2026-08-29T09:25:25.676818+00:00,ENG01,high_altitude_cruise,5500,39.6,607.8,4.61,35.8,13.34,0.373,14.2,8.0,23.8,73.6,0.23
2026-08-29T09:25:26.676818+00:00,ENG01,high_altitude_cruise,5500,39.6,607.8,4.61,35.8,13.34,0.379,14.2,8.0,23.8,73.6,0.23
2026-08-29T09:25:27.676818+00:00,ENG01,high_altitude_cruise,5500,39.5,607.8,4.61,35.7,13.34,0.382,14.2,8.0,23.8,73.6,0.23
2026-08-29T09:25:28.676818+00:00,ENG01,high_altitude_cruise,5500,39.5,607.8,4.61,35.7,13.34,0.374,14.2,8.0,23.8,73.6,0.23
2026-08-29T09:25:29.676818+00:00,ENG01,high_altitude_cruise,5500,39.5,607.8,4.61,35.7,13.34,0.373,14.2,8.0,23.8,73.6,0.23
2026-08-29T09:25:30.676818+00:00,ENG01,high_altitude_cruise,5500,39.5,607.8,4.61,35.7,13.34,0.368,14.2,8.0,23.8,73.6,0.23
2026-08-29T09:25:31.676818+00:00,ENG01,high_altitude_cruise,5500,39.5,607.8,4.61,35.7,13.34,0.371,14.2,8.0,23.8,73.6,0.23
2026-08-29T09:25:32.676818+00:00,ENG01,high_altitude_cruise,5500,39.5,607.8,4.61,35.7,13.34,0.369,14.2,8.0,23.8,73.6,0.23
2026-08-29T09:25:33.676818+00:00,ENG01,high_altitude_cruise,5500,39.5,607.8,4.61,35.7,13.34,0.362,14.2,8.0,23.8,73.6,0.23
2026-08-29T09:25:34.676818+00:00,ENG01,high_altitude_cruise,5500,39.5,607.8,4.61,35.6,13.34,0.388,14.2,8.0,23.8,73.6,0.23
2026-08-29T09:25:35.676818+00:00,ENG01,high_altitude_cruise,5500,39.5,607.8,4.61,35.6,13.34,0.381,14.2,8.0,23.8,73.6,0.23
2026-08-29T09:25:36.676818+00:00,ENG01,high_altitude_cruise,5500,39.5,607.8,4.61,35.6,13.34,0.365,14.2,8.0,23.8,73.6,0.23
2026-08-29T09:25:37.676818+00:00,ENG01,high_altitude_cruise,5500,39.5,607.8,4.61,35.6,13.34,0.366,14.2,8.0,23.8,73.6,0.23
2026-08-29T09:25:38.676818+00:00,ENG01,high_altitude_cruise,5500,39.5,607.8,4.61,35.6,13.34,0.373,14.2,8.0,23.8,73.6,0.23
2026-08-29T09:25:39.676818+00:00,ENG01,high_altitude_cruise,5500,39.5,607.8,4.61,35.6,13.34,0.361,14.2,8.0,23.8,73.6,0.23
2026-08-29T09:25:40.676818+00:00,ENG01,high_altitude_cruise,5500,39.4,607.8,4.61,35.6,13.34,0.364,14.2,8.0,23.8,73.6,0.23
2026-08-29T09:25:41.676818+00:00,ENG01,high_altitude_cruise,5500,39.4,607.8,4.61,35.5,13.34,0.363,14.2,8.0,23.8,73.6,0.23
2026-08-29T09:25:42.676818+00:00,ENG01,high_altitude_cruise,5500,39.4,607.8,4.61,35.5,13.34,0.361,14.2,8.0,23.8,73.6,0.23
2026-08-29T09:25:43.676818+00:00,ENG01,high_altitude_cruise,5500,39.4,607.8,4.61,35.5,13.34,0.359,14.2,8.0,23.8,73.6,0.23
2026-08-29T09:25:44.676818+00:00,ENG01,high_altitude_cruise,5500,39.4,607.8,4.61,35.5,13.34,0.363,14.2,8.0,23.8,73.6,0.23
2026-08-29T09:25:45.676818+00:00,ENG01,high_altitude_cruise,5500,39.4,607.8,4.61,35.5,13.34,0.358,14.2,8.0,23.8,73.6,0.23
2026-08-29T09:25:46.676818+00:00,ENG01,high_altitude_cruise,5500,39.4,607.8,4.61,35.5,13.34,0.375,14.2,8.0,23.8,73.6,0.23
2026-08-29T09:25:47.676818+00:00,ENG01,high_altitude_cruise,5500,39.4,607.8,4.61,35.5,13.34,0.368,14.2,8.0,23.8,73.6,0.23
2026-08-29T09:25:48.676818+00:00,ENG01,high_altitude_cruise,5500,39.4,607.8,4.61,35.4,13.34,0.394,14.2,8.0,23.8,73.6,0.23
2026-08-29T09:25:49.676818+00:00,ENG01,high_altitude_cruise,5500,39.4,607.8,4.61,35.4,13.34,0.381,14.2,8.0,23.8,73.6,0.23
2026-08-29T09:25:50.676818+00:00,ENG01,high_altitude_cruise,5500,39.4,607.8,4.61,35.4,13.34,0.381,14.2,8.0,23.8,73.6,0.23
2026-08-29T09:25:51.676818+00:00,ENG01,high_altitude_cruise,5500,39.4,607.8,4.61,35.4,13.34,0.366,14.2,8.0,23.8,73.6,0.23
2026-08-29T09:25:52.676818+00:00,ENG01,high_altitude_cruise,5500,39.4,607.8,4.61,35.4,13.34,0.38,14.2,8.0,23.8,73.6,0.23
2026-08-29T09:25:53.676818+00:00,ENG01,high_altitude_cruise,5500,39.4,607.8,4.61,35.4,13.34,0.358,14.2,8.0,23.8,73.6,0.23
2026-08-29T09:25:54.676818+00:00,ENG01,high_altitude_cruise,5500,39.4,607.8,4.61,35.4,13.34,0.361,14.2,8.0,23.8,73.6,0.23
2026-08-29T09:25:55.676818+00:00,ENG01,high_altitude_cruise,5500,39.3,607.8,4.61,35.3,13.34,0.376,14.2,8.0,23.8,73.6,0.23
2026-08-29T09:25:56.676818+00:00,ENG01,high_altitude_cruise,5500,39.3,607.8,4.61,35.3,13.34,0.363,14.2,8.0,23.8,73.6,0.23
2026-08-29T09:25:57.676818+00:00,ENG01,high_altitude_cruise,5500,39.3,607.8,4.61,35.3,13.34,0.391,14.2,8.0,23.8,73.6,0.23
2026-08-29T09:25:58.676818+00:00,ENG01,high_altitude_cruise,5500,39.3,607.8,4.61,35.3,13.34,0.359,14.2,8.0,23.8,73.6,0.23
2026-08-29T09:25:59.676818+00:00,ENG01,high_altitude_cruise,5500,39.3,607.8,4.61,35.3,13.34,0.374,14.2,8.0,23.8,73.6,0.23
2026-08-29T09:26:00.676818+00:00,ENG01,high_altitude_cruise,5500,39.3,607.8,4.61,35.3,13.34,0.381,14.2,8.0,23.8,73.6,0.23
2026-08-29T09:26:01.676818+00:00,ENG01,high_altitude_cruise,5500,39.3,607.8,4.61,35.3,13.34,0.363,14.2,8.0,23.8,73.6,0.23
2026-08-29T09:26:02.676818+00:00,ENG01,high_altitude_cruise,5500,39.3,607.8,4.61,35.3,13.34,0.376,14.2,8.0,23.8,73.6,0.23
2026-08-29T09:26:03.676818+00:00,ENG01,high_altitude_cruise,5500,39.3,607.8,4.61,35.2,13.34,0.372,14.2,8.0,23.8,73.6,0.23
2026-08-29T09:26:04.676818+00:00,ENG01,high_altitude_cruise,5500,39.3,607.8,4.61,35.2,13.34,0.378,14.2,8.0,23.8,73.6,0.23
2026-08-29T09:26:05.676818+00:00,ENG01,high_altitude_cruise,5500,39.3,607.8,4.61,35.2,13.34,0.391,14.2,8.0,23.8,73.6,0.23
2026-08-29T09:26:06.676818+00:00,ENG01,high_altitude_cruise,5500,39.3,607.8,4.61,35.2,13.34,0.367,14.2,8.0,23.8,73.6,0.23
2026-08-29T09:26:07.676818+00:00,ENG01,high_altitude_cruise,5500,39.3,607.8,4.61,35.2,13.34,0.383,14.2,8.0,23.8,73.6,0.23
2026-08-29T09:26:08.676818+00:00,ENG01,high_altitude_cruise,5500,39.3,607.8,4.61,35.2,13.34,0.37,14.2,8.0,23.8,73.6,0.23
2026-08-29T09:26:09.676818+00:00,ENG01,high_altitude_cruise,5500,39.3,607.8,4.61,35.2,13.34,0.378,14.2,8.0,23.8,73.6,0.23
2026-08-29T09:26:10.676818+00:00,ENG01,high_altitude_cruise,5500,39.3,607.8,4.61,35.1,13.34,0.369,14.2,8.0,23.8,73.6,0.23
2026-08-29T09:26:11.676818+00:00,ENG01,high_altitude_cruise,5500,39.3,607.8,4.61,35.1,13.34,0.362,14.2,8.0,23.8,73.6,0.23
2026-08-29T09:26:12.676818+00:00,ENG01,high_altitude_cruise,5500,39.3,607.8,4.61,35.1,13.34,0.385,14.2,8.0,23.8,73.6,0.23
2026-08-29T09:26:13.676818+00:00,ENG01,high_altitude_cruise,5500,39.2,607.8,4.61,35.1,13.34,0.367,14.2,8.0,23.8,73.6,0.23
2026-08-29T09:26:14.676818+00:00,ENG01,high_altitude_cruise,5500,39.2,607.8,4.61,35.1,13.34,0.39,14.2,8.0,23.8,73.6,0.23
2026-08-29T09:26:15.676818+00:00,ENG01,high_altitude_cruise,5500,39.2,607.8,4.61,35.1,13.34,0.364,14.2,8.0,23.8,73.6,0.23
2026-08-29T09:26:16.676818+00:00,ENG01,high_altitude_cruise,5500,39.2,607.8,4.61,35.1,13.34,0.376,14.2,8.0,23.8,73.6,0.23
2026-08-29T09:26:17.676818+00:00,ENG01,high_altitude_cruise,5500,39.2,607.8,4.61,35.1,13.34,0.36,14.2,8.0,23.8,73.6,0.23
2026-08-29T09:26:18.676818+00:00,ENG01,high_altitude_cruise,5500,39.2,607.8,4.61,35.0,13.34,0.362,14.2,8.0,23.8,73.6,0.23
2026-08-29T09:26:19.676818+00:00,ENG01,high_altitude_cruise,5500,39.2,607.8,4.61,35.0,13.34,0.38,14.2,8.0,23.8,73.6,0.23
2026-08-29T09:26:20.676818+00:00,ENG01,high_altitude_cruise,5500,39.2,607.8,4.61,35.0,13.34,0.375,14.2,8.0,23.8,73.6,0.23
2026-08-29T09:26:21.676818+00:00,ENG01,high_altitude_cruise,5500,39.2,607.8,4.61,35.0,13.34,0.365,14.2,8.0,23.8,73.6,0.23
2026-08-29T09:26:22.676818+00:00,ENG01,high_altitude_cruise,5500,39.2,607.8,4.61,35.0,13.34,0.371,14.2,8.0,23.8,73.6,0.23
2026-08-29T09:26:23.676818+00:00,ENG01,high_altitude_cruise,5500,39.2,607.8,4.61,35.0,13.34,0.361,14.2,8.0,23.8,73.6,0.23
2026-08-29T09:26:24.676818+00:00,ENG01,high_altitude_cruise,5500,39.2,607.8,4.61,35.0,13.34,0.373,14.2,8.0,23.8,73.6,0.23
2026-08-29T09:26:25.676818+00:00,ENG01,high_altitude_cruise,5500,39.2,607.8,4.61,35.0,13.34,0.368,14.2,8.0,23.8,73.6,0.23
2026-08-29T09:26:26.676818+00:00,ENG01,high_altitude_cruise,5500,39.2,607.8,4.61,34.9,13.34,0.379,14.2,8.0,23.8,73.6,0.23
2026-08-29T09:26:27.676818+00:00,ENG01,high_altitude_cruise,5500,39.2,607.8,4.61,34.9,13.34,0.362,14.2,8.0,23.8,73.6,0.23
2026-08-29T09:26:28.676818+00:00,ENG01,high_altitude_cruise,5500,39.2,607.8,4.61,34.9,13.34,0.411,14.2,8.0,23.8,73.6,0.23
2026-08-29T09:26:29.676818+00:00,ENG01,high_altitude_cruise,5500,39.2,607.8,4.61,34.9,13.34,0.374,14.2,8.0,23.8,73.6,0.23
2026-08-29T09:26:30.676818+00:00,ENG01,high_altitude_cruise,5500,39.2,607.8,4.61,34.9,13.34,0.372,14.2,8.0,23.8,73.6,0.23
2026-08-29T09:26:31.676818+00:00,ENG01,high_altitude_cruise,5500,39.2,607.8,4.61,34.9,13.34,0.385,14.2,8.0,23.8,73.6,0.23
2026-08-29T09:26:32.676818+00:00,ENG01,high_altitude_cruise,5500,39.1,607.8,4.61,34.9,13.34,0.395,14.2,8.0,23.8,73.6,0.23
2026-08-29T09:26:33.676818+00:00,ENG01,high_altitude_cruise,5500,39.1,607.8,4.61,34.9,13.34,0.363,14.2,8.0,23.8,73.6,0.23
2026-08-29T09:26:34.676818+00:00,ENG01,high_altitude_cruise,5500,39.1,607.8,4.61,34.8,13.34,0.366,14.2,8.0,23.8,73.6,0.23
2026-08-29T09:26:35.676818+00:00,ENG01,high_altitude_cruise,5500,39.1,607.8,4.61,34.8,13.34,0.371,14.2,8.0,23.8,73.6,0.23
2026-08-29T09:26:36.676818+00:00,ENG01,high_altitude_cruise,5500,39.1,607.8,4.61,34.8,13.34,0.369,14.2,8.0,23.8,73.6,0.23
2026-08-29T09:26:37.676818+00:00,ENG01,high_altitude_cruise,5500,39.1,607.8,4.61,34.8,13.34,0.361,14.2,8.0,23.8,73.6,0.23
2026-08-29T09:26:38.676818+00:00,ENG01,high_altitude_cruise,5500,39.1,607.8,4.61,34.8,13.34,0.368,14.2,8.0,23.8,73.6,0.23
2026-08-29T09:26:39.676818+00:00,ENG01,high_altitude_cruise,5500,39.1,607.8,4.61,34.8,13.34,0.373,14.2,8.0,23.8,73.6,0.23
2026-08-29T09:26:40.676818+00:00,ENG01,high_altitude_cruise,5500,39.1,607.8,4.61,34.8,13.34,0.379,14.2,8.0,23.8,73.6,0.23
2026-08-29T09:26:41.676818+00:00,ENG01,high_altitude_cruise,5500,39.1,607.8,4.61,34.8,13.34,0.389,14.2,8.0,23.8,73.6,0.23
2026-08-29T09:26:42.676818+00:00,ENG01,high_altitude_cruise,5500,39.1,607.8,4.61,34.7,13.34,0.377,14.2,8.0,23.8,73.6,0.23
2026-08-29T09:26:43.676818+00:00,ENG01,high_altitude_cruise,5500,39.1,607.8,4.61,34.7,13.34,0.36,14.2,8.0,23.8,73.6,0.23
2026-08-29T09:26:44.676818+00:00,ENG01,high_altitude_cruise,5500,39.1,607.8,4.61,34.7,13.34,0.378,14.2,8.0,23.8,73.6,0.23
2026-08-29T09:26:45.676818+00:00,ENG01,high_altitude_cruise,5500,39.1,607.8,4.61,34.7,13.34,0.371,14.2,8.0,23.8,73.6,0.23
2026-08-29T09:26:46.676818+00:00,ENG01,high_altitude_cruise,5500,39.1,607.8,4.61,34.7,13.34,0.382,14.2,8.0,23.8,73.6,0.23
2026-08-29T09:26:47.676818+00:00,ENG01,high_altitude_cruise,5500,39.1,607.8,4.61,34.7,13.34,0.39,14.2,8.0,23.8,73.6,0.23
2026-08-29T09:26:48.676818+00:00,ENG01,high_altitude_cruise,5500,39.1,607.8,4.61,34.7,13.34,0.38,14.2,8.0,23.8,73.6,0.23
2026-08-29T09:26:49.676818+00:00,ENG01,high_altitude_cruise,5500,39.1,607.8,4.61,34.7,13.34,0.359,14.2,8.0,23.8,73.6,0.23
2026-08-29T09:26:50.676818+00:00,ENG01,high_altitude_cruise,5500,39.1,607.8,4.61,34.7,13.34,0.376,14.2,8.0,23.8,73.6,0.23
2026-08-29T09:26:51.676818+00:00,ENG01,high_altitude_cruise,5500,39.1,607.8,4.61,34.6,13.34,0.372,14.2,8.0,23.8,73.6,0.23
2026-08-29T09:26:52.676818+00:00,ENG01,high_altitude_cruise,5500,39.1,607.8,4.61,34.6,13.34,0.365,14.2,8.0,23.8,73.6,0.23
2026-08-29T09:26:53.676818+00:00,ENG01,high_altitude_cruise,5500,39.1,607.8,4.61,34.6,13.34,0.367,14.2,8.0,23.8,73.6,0.23
2026-08-29T09:26:54.676818+00:00,ENG01,high_altitude_cruise,5500,39.1,607.8,4.61,34.6,13.34,0.383,14.2,8.0,23.8,73.6,0.23
2026-08-29T09:26:55.676818+00:00,ENG01,high_altitude_cruise,5500,39.0,607.8,4.61,34.6,13.34,0.371,14.2,8.0,23.8,73.6,0.23
2026-08-29T09:26:56.676818+00:00,ENG01,high_altitude_cruise,5500,39.0,607.8,4.61,34.6,13.34,0.361,14.2,8.0,23.8,73.6,0.23
2026-08-29T09:26:57.676818+00:00,ENG01,high_altitude_cruise,5500,39.0,607.8,4.61,34.6,13.34,0.37,14.2,8.0,23.8,73.6,0.23
2026-08-29T09:26:58.676818+00:00,ENG01,high_altitude_cruise,5500,39.0,607.8,4.61,34.6,13.34,0.378,14.2,8.0,23.8,73.6,0.23
2026-08-29T09:26:59.676818+00:00,ENG01,high_altitude_cruise,5500,39.0,607.8,4.61,34.6,13.34,0.382,14.2,8.0,23.8,73.6,0.23
2026-08-29T09:27:00.676818+00:00,ENG01,high_altitude_cruise,5500,39.0,607.8,4.61,34.5,13.34,0.368,14.2,8.0,23.8,73.6,0.23
2026-08-29T09:27:01.676818+00:00,ENG01,high_altitude_cruise,5500,39.0,607.8,4.61,34.5,13.34,0.367,14.2,8.0,23.8,73.6,0.23
2026-08-29T09:27:02.676818+00:00,ENG01,high_altitude_cruise,5500,39.0,607.8,4.61,34.5,13.34,0.37,14.2,8.0,23.8,73.6,0.23
2026-08-29T09:27:03.676818+00:00,ENG01,high_altitude_cruise,5500,39.0,607.8,4.61,34.5,13.34,0.387,14.2,8.0,23.8,73.6,0.23
2026-08-29T09:27:04.676818+00:00,ENG01,high_altitude_cruise,5500,39.0,607.8,4.61,34.5,13.34,0.38,14.2,8.0,23.8,73.6,0.23
2026-08-29T09:27:05.676818+00:00,ENG01,high_altitude_cruise,5500,39.0,607.8,4.61,34.5,13.34,0.36,14.2,8.0,23.8,73.6,0.23
2026-08-29T09:27:06.676818+00:00,ENG01,high_altitude_cruise,5500,39.0,607.8,4.61,34.5,13.34,0.36,14.2,8.0,23.8,73.6,0.23
2026-08-29T09:27:07.676818+00:00,ENG01,high_altitude_cruise,5500,39.0,607.8,4.61,34.5,13.34,0.369,14.2,8.0,23.8,73.6,0.23
2026-08-29T09:27:08.676818+00:00,ENG01,high_altitude_cruise,5500,39.0,607.8,4.61,34.5,13.34,0.36,14.2,8.0,23.8,73.6,0.23
2026-08-29T09:27:09.676818+00:00,ENG01,high_altitude_cruise,5500,39.0,607.8,4.61,34.4,13.34,0.361,14.2,8.0,23.8,73.6,0.23
2026-08-29T09:27:10.676818+00:00,ENG01,high_altitude_cruise,5500,39.0,607.8,4.61,34.4,13.34,0.383,14.2,8.0,23.8,73.6,0.23
2026-08-29T09:27:11.676818+00:00,ENG01,high_altitude_cruise,5500,39.0,607.8,4.61,34.4,13.34,0.365,14.2,8.0,23.8,73.6,0.23
2026-08-29T09:27:12.676818+00:00,ENG01,high_altitude_cruise,5500,39.0,607.8,4.61,34.4,13.34,0.373,14.2,8.0,23.8,73.6,0.23
2026-08-29T09:27:13.676818+00:00,ENG01,high_altitude_cruise,5500,39.0,607.8,4.61,34.4,13.34,0.381,14.2,8.0,23.8,73.6,0.23
2026-08-29T09:27:14.676818+00:00,ENG01,high_altitude_cruise,5500,39.0,607.8,4.61,34.4,13.34,0.383,14.2,8.0,23.8,73.6,0.23
2026-08-29T09:27:15.676818+00:00,ENG01,high_altitude_cruise,5500,39.0,607.8,4.61,34.4,13.34,0.364,14.2,8.0,23.8,73.6,0.23
2026-08-29T09:27:16.676818+00:00,ENG01,high_altitude_cruise,5500,39.0,607.8,4.61,34.4,13.34,0.372,14.2,8.0,23.8,73.6,0.23
2026-08-29T09:27:17.676818+00:00,ENG01,high_altitude_cruise,5500,39.0,607.8,4.61,34.4,13.34,0.363,14.2,8.0,23.8,73.6,0.23
2026-08-29T09:27:18.676818+00:00,ENG01,high_altitude_cruise,5500,39.0,607.8,4.61,34.4,13.34,0.379,14.2,8.0,23.8,73.6,0.23
2026-08-29T09:27:19.676818+00:00,ENG01,high_altitude_cruise,5500,39.0,607.8,4.61,34.3,13.34,0.403,14.2,8.0,23.8,73.6,0.23
2026-08-29T09:27:20.676818+00:00,ENG01,high_altitude_cruise,5500,39.0,607.8,4.61,34.3,13.34,0.378,14.2,8.0,23.8,73.6,0.23
2026-08-29T09:27:21.676818+00:00,ENG01,high_altitude_cruise,5500,38.9,607.8,4.61,34.3,13.34,0.373,14.2,8.0,23.8,73.6,0.23
2026-08-29T09:27:22.676818+00:00,ENG01,high_altitude_cruise,5500,38.9,607.8,4.61,34.3,13.34,0.389,14.2,8.0,23.8,73.6,0.23
2026-08-29T09:27:23.676818+00:00,ENG01,high_altitude_cruise,5500,38.9,607.8,4.61,34.3,13.34,0.361,14.2,8.0,23.8,73.6,0.23
2026-08-29T09:27:24.676818+00:00,ENG01,high_altitude_cruise,5500,38.9,607.8,4.61,34.3,13.34,0.366,14.2,8.0,23.8,73.6,0.23
2026-08-29T09:27:25.676818+00:00,ENG01,high_altitude_cruise,5500,38.9,607.8,4.61,34.3,13.34,0.371,14.2,8.0,23.8,73.6,0.23
2026-08-29T09:27:26.676818+00:00,ENG01,high_altitude_cruise,5500,38.9,607.8,4.61,34.3,13.34,0.376,14.2,8.0,23.8,73.6,0.23
2026-08-29T09:27:27.676818+00:00,ENG01,high_altitude_cruise,5500,38.9,607.8,4.61,34.3,13.34,0.369,14.2,8.0,23.8,73.6,0.23
2026-08-29T09:27:28.676818+00:00,ENG01,high_altitude_cruise,5500,38.9,607.8,4.61,34.2,13.34,0.398,14.2,8.0,23.8,73.6,0.23
2026-08-29T09:27:29.676818+00:00,ENG01,high_altitude_cruise,5500,38.9,607.8,4.61,34.2,13.34,0.359,14.2,8.0,23.8,73.6,0.23
2026-08-29T09:27:30.676818+00:00,ENG01,high_altitude_cruise,5500,38.9,607.8,4.61,34.2,13.34,0.376,14.2,8.0,23.8,73.6,0.23
2026-08-29T09:27:31.676818+00:00,ENG01,high_altitude_cruise,5500,38.9,607.8,4.61,34.2,13.34,0.391,14.2,8.0,23.8,73.6,0.23
2026-08-29T09:27:32.676818+00:00,ENG01,high_altitude_cruise,5500,38.9,607.8,4.61,34.2,13.34,0.386,14.2,8.0,23.8,73.6,0.23
2026-08-29T09:27:33.676818+00:00,ENG01,high_altitude_cruise,5500,38.9,607.8,4.61,34.2,13.34,0.379,14.2,8.0,23.8,73.6,0.23
2026-08-29T09:27:34.676818+00:00,ENG01,high_altitude_cruise,5500,38.9,607.8,4.61,34.2,13.34,0.363,14.2,8.0,23.8,73.6,0.23
2026-08-29T09:27:35.676818+00:00,ENG01,high_altitude_cruise,5500,38.9,607.8,4.61,34.2,13.34,0.369,14.2,8.0,23.8,73.6,0.23
2026-08-29T09:27:36.676818+00:00,ENG01,high_altitude_cruise,5500,38.9,607.8,4.61,34.2,13.34,0.366,14.2,8.0,23.8,73.6,0.23
2026-08-29T09:27:37.676818+00:00,ENG01,high_altitude_cruise,5500,38.9,607.8,4.61,34.2,13.34,0.371,14.2,8.0,23.8,73.6,0.23
2026-08-29T09:27:38.676818+00:00,ENG01,high_altitude_cruise,5500,38.9,607.8,4.61,34.1,13.34,0.361,14.2,8.0,23.8,73.6,0.23
2026-08-29T09:27:39.676818+00:00,ENG01,high_altitude_cruise,5500,38.9,607.8,4.61,34.1,13.34,0.376,14.2,8.0,23.8,73.6,0.23
2026-08-29T09:27:40.676818+00:00,ENG01,high_altitude_cruise,5500,38.9,607.8,4.61,34.1,13.34,0.383,14.2,8.0,23.8,73.6,0.23
2026-08-29T09:27:41.676818+00:00,ENG01,high_altitude_cruise,5500,38.9,607.8,4.61,34.1,13.34,0.365,14.2,8.0,23.8,73.6,0.23
2026-08-29T09:27:42.676818+00:00,ENG01,high_altitude_cruise,5500,38.9,607.8,4.61,34.1,13.34,0.36,14.2,8.0,23.8,73.6,0.23
2026-08-29T09:27:43.676818+00:00,ENG01,high_altitude_cruise,5500,38.9,607.8,4.61,34.1,13.34,0.377,14.2,8.0,23.8,73.6,0.23
2026-08-29T09:27:44.676818+00:00,ENG01,high_altitude_cruise,5500,38.9,607.8,4.61,34.1,13.34,0.368,14.2,8.0,23.8,73.6,0.23
2026-08-29T09:27:45.676818+00:00,ENG01,high_altitude_cruise,5500,38.9,607.8,4.61,34.1,13.34,0.366,14.2,8.0,23.8,73.6,0.23
2026-08-29T09:27:46.676818+00:00,ENG01,high_altitude_cruise,5500,38.9,607.8,4.61,34.1,13.34,0.373,14.2,8.0,23.8,73.6,0.23
2026-08-29T09:27:47.676818+00:00,ENG01,high_altitude_cruise,5500,38.9,607.8,4.61,34.1,13.34,0.376,14.2,8.0,23.8,73.6,0.23
2026-08-29T09:27:48.676818+00:00,ENG01,high_altitude_cruise,5500,38.9,607.8,4.61,34.1,13.34,0.368,14.2,8.0,23.8,73.6,0.23
2026-08-29T09:27:49.676818+00:00,ENG01,high_altitude_cruise,5500,38.9,607.8,4.61,34.0,13.34,0.363,14.2,8.0,23.8,73.6,0.23
2026-08-29T09:27:50.676818+00:00,ENG01,high_altitude_cruise,5500,38.9,607.8,4.61,34.0,13.34,0.376,14.2,8.0,23.8,73.6,0.23
2026-08-29T09:27:51.676818+00:00,ENG01,high_altitude_cruise,5500,38.9,607.8,4.61,34.0,13.34,0.371,14.2,8.0,23.8,73.6,0.23
2026-08-29T09:27:52.676818+00:00,ENG01,high_altitude_cruise,5500,38.9,607.8,4.61,34.0,13.34,0.362,14.2,8.0,23.8,73.6,0.23
2026-08-29T09:27:53.676818+00:00,ENG01,high_altitude_cruise,5500,38.9,607.8,4.61,34.0,13.34,0.361,14.2,8.0,23.8,73.6,0.23
2026-08-29T09:27:54.676818+00:00,ENG01,high_altitude_cruise,5500,38.9,607.8,4.61,34.0,13.34,0.363,14.2,8.0,23.8,73.6,0.23
2026-08-29T09:27:55.676818+00:00,ENG01,high_altitude_cruise,5500,38.8,607.8,4.61,34.0,13.34,0.381,14.2,8.0,23.8,73.6,0.23
2026-08-29T09:27:56.676818+00:00,ENG01,high_altitude_cruise,5500,38.8,607.8,4.61,34.0,13.34,0.375,14.2,8.0,23.8,73.6,0.23
2026-08-29T09:27:57.676818+00:00,ENG01,high_altitude_cruise,5500,38.8,607.8,4.61,34.0,13.34,0.373,14.2,8.0,23.8,73.6,0.23
2026-08-29T09:27:58.676818+00:00,ENG01,high_altitude_cruise,5500,38.8,607.8,4.61,34.0,13.34,0.376,14.2,8.0,23.8,73.6,0.23
2026-08-29T09:27:59.676818+00:00,ENG01,high_altitude_cruise,5500,38.8,607.8,4.61,34.0,13.34,0.377,14.2,8.0,23.8,73.6,0.23
2026-08-29T09:28:00.676818+00:00,ENG01,high_altitude_cruise,5500,38.8,607.8,4.61,33.9,13.34,0.378,14.2,8.0,23.8,73.6,0.23
2026-08-29T09:28:01.676818+00:00,ENG01,high_altitude_cruise,5500,38.8,607.8,4.61,33.9,13.34,0.395,14.2,8.0,23.8,73.6,0.23
2026-08-29T09:28:02.676818+00:00,ENG01,high_altitude_cruise,5500,38.8,607.8,4.61,33.9,13.34,0.362,14.2,8.0,23.8,73.6,0.23
2026-08-29T09:28:03.676818+00:00,ENG01,high_altitude_cruise,5500,38.8,607.8,4.61,33.9,13.34,0.386,14.2,8.0,23.8,73.6,0.23
2026-08-29T09:28:04.676818+00:00,ENG01,high_altitude_cruise,5500,38.8,607.8,4.61,33.9,13.34,0.377,14.2,8.0,23.8,73.6,0.23
2026-08-29T09:28:05.676818+00:00,ENG01,high_altitude_cruise,5500,38.8,607.8,4.61,33.9,13.34,0.36,14.2,8.0,23.8,73.6,0.23
2026-08-29T09:28:06.676818+00:00,ENG01,high_altitude_cruise,5500,38.8,607.8,4.61,33.9,13.34,0.381,14.2,8.0,23.8,73.6,0.23
2026-08-29T09:28:07.676818+00:00,ENG01,high_altitude_cruise,5500,38.8,607.8,4.61,33.9,13.34,0.364,14.2,8.0,23.8,73.6,0.23
2026-08-29T09:28:08.676818+00:00,ENG01,high_altitude_cruise,5500,38.8,607.8,4.61,33.9,13.34,0.362,14.2,8.0,23.8,73.6,0.23
2026-08-29T09:28:09.676818+00:00,ENG01,high_altitude_cruise,5500,38.8,607.8,4.61,33.9,13.34,0.393,14.2,8.0,23.8,73.6,0.23
2026-08-29T09:28:10.676818+00:00,ENG01,high_altitude_cruise,5500,38.8,607.8,4.61,33.9,13.34,0.362,14.2,8.0,23.8,73.6,0.23
2026-08-29T09:28:11.676818+00:00,ENG01,high_altitude_cruise,5500,38.8,607.8,4.61,33.8,13.34,0.377,14.2,8.0,23.8,73.6,0.23
2026-08-29T09:28:12.676818+00:00,ENG01,high_altitude_cruise,5500,38.8,607.8,4.61,33.8,13.34,0.385,14.2,8.0,23.8,73.6,0.23
2026-08-29T09:28:13.676818+00:00,ENG01,high_altitude_cruise,5500,38.8,607.8,4.61,33.8,13.34,0.375,14.2,8.0,23.8,73.6,0.23
2026-08-29T09:28:14.676818+00:00,ENG01,high_altitude_cruise,5500,38.8,607.8,4.61,33.8,13.34,0.36,14.2,8.0,23.8,73.6,0.23
2026-08-29T09:28:15.676818+00:00,ENG01,high_altitude_cruise,5500,38.8,607.8,4.61,33.8,13.34,0.388,14.2,8.0,23.8,73.6,0.23
2026-08-29T09:28:16.676818+00:00,ENG01,high_altitude_cruise,5500,38.8,607.8,4.61,33.8,13.34,0.366,14.2,8.0,23.8,73.6,0.23
2026-08-29T09:28:17.676818+00:00,ENG01,high_altitude_cruise,5500,38.8,607.8,4.61,33.8,13.34,0.364,14.2,8.0,23.8,73.6,0.23
2026-08-29T09:28:18.676818+00:00,ENG01,high_altitude_cruise,5500,38.8,607.8,4.61,33.8,13.34,0.372,14.2,8.0,23.8,73.6,0.23
2026-08-29T09:28:19.676818+00:00,ENG01,high_altitude_cruise,5500,38.8,607.8,4.61,33.8,13.34,0.36,14.2,8.0,23.8,73.6,0.23
2026-08-29T09:28:20.676818+00:00,ENG01,high_altitude_cruise,5500,38.8,607.8,4.61,33.8,13.34,0.368,14.2,8.0,23.8,73.6,0.23
2026-08-29T09:28:21.676818+00:00,ENG01,high_altitude_cruise,5500,38.8,607.8,4.61,33.8,13.34,0.37,14.2,8.0,23.8,73.6,0.23
2026-08-29T09:28:22.676818+00:00,ENG01,high_altitude_cruise,5500,38.8,607.8,4.61,33.8,13.34,0.372,14.2,8.0,23.8,73.6,0.23
2026-08-29T09:28:23.676818+00:00,ENG01,high_altitude_cruise,5500,38.8,607.8,4.61,33.7,13.34,0.372,14.2,8.0,23.8,73.6,0.23
2026-08-29T09:28:24.676818+00:00,ENG01,high_altitude_cruise,5500,38.8,607.8,4.61,33.7,13.34,0.369,14.2,8.0,23.8,73.6,0.23
2026-08-29T09:28:25.676818+00:00,ENG01,high_altitude_cruise,5500,38.8,607.8,4.61,33.7,13.34,0.387,14.2,8.0,23.8,73.6,0.23
2026-08-29T09:28:26.676818+00:00,ENG01,high_altitude_cruise,5500,38.8,607.8,4.61,33.7,13.34,0.364,14.2,8.0,23.8,73.6,0.23
2026-08-29T09:28:27.676818+00:00,ENG01,high_altitude_cruise,5500,38.8,607.8,4.61,33.7,13.34,0.383,14.2,8.0,23.8,73.6,0.23
2026-08-29T09:28:28.676818+00:00,ENG01,high_altitude_cruise,5500,38.8,607.8,4.61,33.7,13.34,0.359,14.2,8.0,23.8,73.6,0.23
2026-08-29T09:28:29.676818+00:00,ENG01,high_altitude_cruise,5500,38.8,607.8,4.61,33.7,13.34,0.359,14.2,8.0,23.8,73.6,0.23
2026-08-29T09:28:30.676818+00:00,ENG01,high_altitude_cruise,5500,38.8,607.8,4.61,33.7,13.34,0.375,14.2,8.0,23.8,73.6,0.23
2026-08-29T09:28:31.676818+00:00,ENG01,high_altitude_cruise,5500,38.8,607.8,4.61,33.7,13.34,0.383,14.2,8.0,23.8,73.6,0.23
2026-08-29T09:28:32.676818+00:00,ENG01,high_altitude_cruise,5500,38.8,607.8,4.61,33.7,13.34,0.365,14.2,8.0,23.8,73.6,0.23
2026-08-29T09:28:33.676818+00:00,ENG01,high_altitude_cruise,5500,38.8,607.8,4.61,33.7,13.34,0.375,14.2,8.0,23.8,73.6,0.23
2026-08-29T09:28:34.676818+00:00,ENG01,high_altitude_cruise,5500,38.8,607.8,4.61,33.7,13.34,0.374,14.2,8.0,23.8,73.6,0.23
2026-08-29T09:28:35.676818+00:00,ENG01,high_altitude_cruise,5500,38.8,607.8,4.61,33.6,13.34,0.382,14.2,8.0,23.8,73.6,0.23
2026-08-29T09:28:36.676818+00:00,ENG01,high_altitude_cruise,5500,38.8,607.8,4.61,33.6,13.34,0.358,14.2,8.0,23.8,73.6,0.23
2026-08-29T09:28:37.676818+00:00,ENG01,high_altitude_cruise,5500,38.8,607.8,4.61,33.6,13.34,0.397,14.2,8.0,23.8,73.6,0.23
2026-08-29T09:28:38.676818+00:00,ENG01,high_altitude_cruise,5500,38.8,607.8,4.61,33.6,13.34,0.374,14.2,8.0,23.8,73.6,0.23
2026-08-29T09:28:39.676818+00:00,ENG01,high_altitude_cruise,5500,38.7,607.8,4.61,33.6,13.34,0.366,14.2,8.0,23.8,73.6,0.23
2026-08-29T09:28:40.676818+00:00,ENG01,high_altitude_cruise,5500,38.7,607.8,4.61,33.6,13.34,0.362,14.2,8.0,23.8,73.6,0.23
2026-08-29T09:28:41.676818+00:00,ENG01,high_altitude_cruise,5500,38.7,607.8,4.61,33.6,13.34,0.387,14.2,8.0,23.8,73.6,0.23
2026-08-29T09:28:42.676818+00:00,ENG01,high_altitude_cruise,5500,38.7,607.8,4.61,33.6,13.34,0.358,14.2,8.0,23.8,73.6,0.23
2026-08-29T09:28:43.676818+00:00,ENG01,high_altitude_cruise,5500,38.7,607.8,4.61,33.6,13.34,0.378,14.2,8.0,23.8,73.6,0.23
2026-08-29T09:28:44.676818+00:00,ENG01,high_altitude_cruise,5500,38.7,607.8,4.61,33.6,13.34,0.362,14.2,8.0,23.8,73.6,0.23
2026-08-29T09:28:45.676818+00:00,ENG01,high_altitude_cruise,5500,38.7,607.8,4.61,33.6,13.34,0.38,14.2,8.0,23.8,73.6,0.23
2026-08-29T09:28:46.676818+00:00,ENG01,high_altitude_cruise,5500,38.7,607.8,4.61,33.6,13.34,0.375,14.2,8.0,23.8,73.6,0.23
2026-08-29T09:28:47.676818+00:00,ENG01,high_altitude_cruise,5500,38.7,607.8,4.61,33.6,13.34,0.376,14.2,8.0,23.8,73.6,0.23
2026-08-29T09:28:48.676818+00:00,ENG01,high_altitude_cruise,5500,38.7,607.8,4.61,33.5,13.34,0.358,14.2,8.0,23.8,73.6,0.23
2026-08-29T09:28:49.676818+00:00,ENG01,high_altitude_cruise,5500,38.7,607.8,4.61,33.5,13.34,0.375,14.2,8.0,23.8,73.6,0.23
2026-08-29T09:28:50.676818+00:00,ENG01,high_altitude_cruise,5500,38.7,607.8,4.61,33.5,13.34,0.375,14.2,8.0,23.8,73.6,0.23
2026-08-29T09:28:51.676818+00:00,ENG01,high_altitude_cruise,5500,38.7,607.8,4.61,33.5,13.34,0.384,14.2,8.0,23.8,73.6,0.23
2026-08-29T09:28:52.676818+00:00,ENG01,high_altitude_cruise,5500,38.7,607.8,4.61,33.5,13.34,0.361,14.2,8.0,23.8,73.6,0.23
2026-08-29T09:28:53.676818+00:00,ENG01,high_altitude_cruise,5500,38.7,607.8,4.61,33.5,13.34,0.397,14.2,8.0,23.8,73.6,0.23
2026-08-29T09:28:54.676818+00:00,ENG01,high_altitude_cruise,5500,38.7,607.8,4.61,33.5,13.34,0.375,14.2,8.0,23.8,73.6,0.23
2026-08-29T09:28:55.676818+00:00,ENG01,high_altitude_cruise,5500,38.7,607.8,4.61,33.5,13.34,0.386,14.2,8.0,23.8,73.6,0.23
2026-08-29T09:28:56.676818+00:00,ENG01,high_altitude_cruise,5500,38.7,607.8,4.61,33.5,13.34,0.387,14.2,8.0,23.8,73.6,0.23
2026-08-29T09:28:57.676818+00:00,ENG01,high_altitude_cruise,5500,38.7,607.8,4.61,33.5,13.34,0.368,14.2,8.0,23.8,73.6,0.23
2026-08-29T09:28:58.676818+00:00,ENG01,high_altitude_cruise,5500,38.7,607.8,4.61,33.5,13.34,0.365,14.2,8.0,23.8,73.6,0.23
2026-08-29T09:28:59.676818+00:00,ENG01,high_altitude_cruise,5500,38.7,607.8,4.61,33.5,13.34,0.369,14.2,8.0,23.8,73.6,0.23
2026-08-29T09:29:00.676818+00:00,ENG01,high_altitude_cruise,5500,38.7,607.8,4.61,33.5,13.34,0.372,14.2,8.0,23.8,73.6,0.23
2026-08-29T09:29:01.676818+00:00,ENG01,high_altitude_cruise,5500,38.7,607.8,4.61,33.4,13.34,0.368,14.2,8.0,23.8,73.6,0.23
2026-08-29T09:29:02.676818+00:00,ENG01,high_altitude_cruise,5500,38.7,607.8,4.61,33.4,13.34,0.387,14.2,8.0,23.8,73.6,0.23
2026-08-29T09:29:03.676818+00:00,ENG01,high_altitude_cruise,5500,38.7,607.8,4.61,33.4,13.34,0.367,14.2,8.0,23.8,73.6,0.23
2026-08-29T09:29:04.676818+00:00,ENG01,high_altitude_cruise,5500,38.7,607.8,4.61,33.4,13.34,0.361,14.2,8.0,23.8,73.6,0.23
2026-08-29T09:29:05.676818+00:00,ENG01,high_altitude_cruise,5500,38.7,607.8,4.61,33.4,13.34,0.369,14.2,8.0,23.8,73.6,0.23
2026-08-29T09:29:06.676818+00:00,ENG01,high_altitude_cruise,5500,38.7,607.8,4.61,33.4,13.34,0.36,14.2,8.0,23.8,73.6,0.23
2026-08-29T09:29:07.676818+00:00,ENG01,high_altitude_cruise,5500,38.7,607.8,4.61,33.4,13.34,0.358,14.2,8.0,23.8,73.6,0.23
2026-08-29T09:29:08.676818+00:00,ENG01,high_altitude_cruise,5500,38.7,607.8,4.61,33.4,13.34,0.367,14.2,8.0,23.8,73.6,0.23
2026-08-29T09:29:09.676818+00:00,ENG01,high_altitude_cruise,5500,38.7,607.8,4.61,33.4,13.34,0.364,14.2,8.0,23.8,73.6,0.23
2026-08-29T09:29:10.676818+00:00,ENG01,high_altitude_cruise,5500,38.7,607.8,4.61,33.4,13.34,0.377,14.2,8.0,23.8,73.6,0.23
2026-08-29T09:29:11.676818+00:00,ENG01,high_altitude_cruise,5500,38.7,607.8,4.61,33.4,13.34,0.367,14.2,8.0,23.8,73.6,0.23
2026-08-29T09:29:12.676818+00:00,ENG01,high_altitude_cruise,5500,38.7,607.8,4.61,33.4,13.34,0.371,14.2,8.0,23.8,73.6,0.23
2026-08-29T09:29:13.676818+00:00,ENG01,high_altitude_cruise,5500,38.7,607.8,4.61,33.4,13.34,0.363,14.2,8.0,23.8,73.6,0.23
2026-08-29T09:29:14.676818+00:00,ENG01,high_altitude_cruise,5500,38.7,607.8,4.61,33.4,13.34,0.362,14.2,8.0,23.8,73.6,0.23
2026-08-29T09:29:15.676818+00:00,ENG01,high_altitude_cruise,5500,38.7,607.8,4.61,33.4,13.34,0.36,14.2,8.0,23.8,73.6,0.23
2026-08-29T09:29:16.676818+00:00,ENG01,high_altitude_cruise,5500,38.7,607.8,4.61,33.3,13.34,0.401,14.2,8.0,23.8,73.6,0.23
2026-08-29T09:29:17.676818+00:00,ENG01,high_altitude_cruise,5500,38.7,607.8,4.61,33.3,13.34,0.396,14.2,8.0,23.8,73.6,0.23
2026-08-29T09:29:18.676818+00:00,ENG01,high_altitude_cruise,5500,38.7,607.8,4.61,33.3,13.34,0.376,14.2,8.0,23.8,73.6,0.23
2026-08-29T09:29:19.676818+00:00,ENG01,high_altitude_cruise,5500,38.7,607.8,4.61,33.3,13.34,0.374,14.2,8.0,23.8,73.6,0.23
2026-08-29T09:29:20.676818+00:00,ENG01,high_altitude_cruise,5500,38.7,607.8,4.61,33.3,13.34,0.364,14.2,8.0,23.8,73.6,0.23
2026-08-29T09:29:21.676818+00:00,ENG01,high_altitude_cruise,5500,38.7,607.8,4.61,33.3,13.34,0.384,14.2,8.0,23.8,73.6,0.23
2026-08-29T09:29:22.676818+00:00,ENG01,high_altitude_cruise,5500,38.7,607.8,4.61,33.3,13.34,0.392,14.2,8.0,23.8,73.6,0.23
2026-08-29T09:29:23.676818+00:00,ENG01,high_altitude_cruise,5500,38.7,607.8,4.61,33.3,13.34,0.37,14.2,8.0,23.8,73.6,0.23
2026-08-29T09:29:24.676818+00:00,ENG01,high_altitude_cruise,5500,38.7,607.8,4.61,33.3,13.34,0.371,14.2,8.0,23.8,73.6,0.23
2026-08-29T09:29:25.676818+00:00,ENG01,high_altitude_cruise,5500,38.7,607.8,4.61,33.3,13.34,0.374,14.2,8.0,23.8,73.6,0.23
2026-08-29T09:29:26.676818+00:00,ENG01,high_altitude_cruise,5500,38.7,607.8,4.61,33.3,13.34,0.366,14.2,8.0,23.8,73.6,0.23
2026-08-29T09:29:27.676818+00:00,ENG01,high_altitude_cruise,5500,38.7,607.8,4.61,33.3,13.34,0.385,14.2,8.0,23.8,73.6,0.23
2026-08-29T09:29:28.676818+00:00,ENG01,high_altitude_cruise,5500,38.7,607.8,4.61,33.3,13.34,0.363,14.2,8.0,23.8,73.6,0.23
2026-08-29T09:29:29.676818+00:00,ENG01,high_altitude_cruise,5500,38.7,607.8,4.61,33.3,13.34,0.373,14.2,8.0,23.8,73.6,0.23
2026-08-29T09:29:30.676818+00:00,ENG01,high_altitude_cruise,5500,38.7,607.8,4.61,33.3,13.34,0.384,14.2,8.0,23.8,73.6,0.23
2026-08-29T09:29:31.676818+00:00,ENG01,high_altitude_cruise,5500,38.7,607.8,4.61,33.2,13.34,0.363,14.2,8.0,23.8,73.6,0.23
2026-08-29T09:29:32.676818+00:00,ENG01,high_altitude_cruise,5500,38.7,607.8,4.61,33.2,13.34,0.372,14.2,8.0,23.8,73.6,0.23
2026-08-29T09:29:33.676818+00:00,ENG01,high_altitude_cruise,5500,38.7,607.8,4.61,33.2,13.34,0.359,14.2,8.0,23.8,73.6,0.23
2026-08-29T09:29:34.676818+00:00,ENG01,high_altitude_cruise,5500,38.7,607.8,4.61,33.2,13.34,0.36,14.2,8.0,23.8,73.6,0.23
2026-08-29T09:29:35.676818+00:00,ENG01,high_altitude_cruise,5500,38.7,607.8,4.61,33.2,13.34,0.362,14.2,8.0,23.8,73.6,0.23
2026-08-29T09:29:36.676818+00:00,ENG01,high_altitude_cruise,5500,38.7,607.8,4.61,33.2,13.34,0.358,14.2,8.0,23.8,73.6,0.23
2026-08-29T09:29:37.676818+00:00,ENG01,high_altitude_cruise,5500,38.7,607.8,4.61,33.2,13.34,0.358,14.2,8.0,23.8,73.6,0.23
2026-08-29T09:29:38.676818+00:00,ENG01,high_altitude_cruise,5500,38.7,607.8,4.61,33.2,13.34,0.395,14.2,8.0,23.8,73.6,0.23
2026-08-29T09:29:39.676818+00:00,ENG01,high_altitude_cruise,5500,38.7,607.8,4.61,33.2,13.34,0.414,14.2,8.0,23.8,73.6,0.23
2026-08-29T09:29:40.676818+00:00,ENG01,high_altitude_cruise,5500,38.7,607.8,4.61,33.2,13.34,0.361,14.2,8.0,23.8,73.6,0.23
2026-08-29T09:29:41.676818+00:00,ENG01,high_altitude_cruise,5500,38.7,607.8,4.61,33.2,13.34,0.376,14.2,8.0,23.8,73.6,0.23
2026-08-29T09:29:42.676818+00:00,ENG01,high_altitude_cruise,5500,38.7,607.8,4.61,33.2,13.34,0.379,14.2,8.0,23.8,73.6,0.23
2026-08-29T09:29:43.676818+00:00,ENG01,high_altitude_cruise,5500,38.6,607.8,4.61,33.2,13.34,0.374,14.2,8.0,23.8,73.6,0.23
2026-08-29T09:29:44.676818+00:00,ENG01,high_altitude_cruise,5500,38.6,607.8,4.61,33.2,13.34,0.39,14.2,8.0,23.8,73.6,0.23
2026-08-29T09:29:45.676818+00:00,ENG01,high_altitude_cruise,5500,38.6,607.8,4.61,33.2,13.34,0.361,14.2,8.0,23.8,73.6,0.23
2026-08-29T09:29:46.676818+00:00,ENG01,high_altitude_cruise,5500,38.6,607.8,4.61,33.2,13.34,0.365,14.2,8.0,23.8,73.6,0.23
2026-08-29T09:29:47.676818+00:00,ENG01,high_altitude_cruise,5500,38.6,607.8,4.61,33.1,13.34,0.361,14.2,8.0,23.8,73.6,0.23
2026-08-29T09:29:48.676818+00:00,ENG01,high_altitude_cruise,5500,38.6,607.8,4.61,33.1,13.34,0.366,14.2,8.0,23.8,73.6,0.23
2026-08-29T09:29:49.676818+00:00,ENG01,high_altitude_cruise,5500,38.6,607.8,4.61,33.1,13.34,0.394,14.2,8.0,23.8,73.6,0.23
2026-08-29T09:29:50.676818+00:00,ENG01,high_altitude_cruise,5500,38.6,607.8,4.61,33.1,13.34,0.374,14.2,8.0,23.8,73.6,0.23
2026-08-29T09:29:51.676818+00:00,ENG01,high_altitude_cruise,5500,38.6,607.8,4.61,33.1,13.34,0.367,14.2,8.0,23.8,73.6,0.23
2026-08-29T09:29:52.676818+00:00,ENG01,high_altitude_cruise,5500,38.6,607.8,4.61,33.1,13.34,0.373,14.2,8.0,23.8,73.6,0.23
2026-08-29T09:29:53.676818+00:00,ENG01,high_altitude_cruise,5500,38.6,607.8,4.61,33.1,13.34,0.361,14.2,8.0,23.8,73.6,0.23
2026-08-29T09:29:54.676818+00:00,ENG01,high_altitude_cruise,5500,38.6,607.8,4.61,33.1,13.34,0.368,14.2,8.0,23.8,73.6,0.23
2026-08-29T09:29:55.676818+00:00,ENG01,high_altitude_cruise,5500,38.6,607.8,4.61,33.1,13.34,0.366,14.2,8.0,23.8,73.6,0.23
2026-08-29T09:29:56.676818+00:00,ENG01,high_altitude_cruise,5500,38.6,607.8,4.61,33.1,13.34,0.381,14.2,8.0,23.8,73.6,0.23
2026-08-29T09:29:57.676818+00:00,ENG01,high_altitude_cruise,5500,38.6,607.8,4.61,33.1,13.34,0.369,14.2,8.0,23.8,73.6,0.23
2026-08-29T09:29:58.676818+00:00,ENG01,high_altitude_cruise,5500,38.6,607.8,4.61,33.1,13.34,0.359,14.2,8.0,23.8,73.6,0.23
2026-08-29T09:29:59.676818+00:00,ENG01,high_altitude_cruise,5500,38.6,607.8,4.61,33.1,13.34,0.378,14.2,8.0,23.8,73.6,0.23
2026-08-29T09:30:00.676818+00:00,ENG01,high_altitude_cruise,5500,38.6,607.8,4.61,33.1,13.34,0.364,14.2,8.0,23.8,73.6,0.23
2026-08-29T09:30:01.676818+00:00,ENG01,high_altitude_cruise,5500,38.6,607.8,4.61,33.1,13.34,0.362,14.2,8.0,23.8,73.6,0.23
2026-08-29T09:30:02.676818+00:00,ENG01,high_altitude_cruise,5500,38.6,607.8,4.61,33.1,13.34,0.371,14.2,8.0,23.8,73.6,0.23
2026-08-29T09:30:03.676818+00:00,ENG01,high_altitude_cruise,5500,38.6,607.8,4.61,33.1,13.34,0.404,14.2,8.0,23.8,73.6,0.23
2026-08-29T09:30:04.676818+00:00,ENG01,high_altitude_cruise,5500,38.6,607.8,4.61,33.0,13.34,0.374,14.2,8.0,23.8,73.6,0.23
2026-08-29T09:30:05.676818+00:00,ENG01,high_altitude_cruise,5500,38.6,607.8,4.61,33.0,13.34,0.405,14.2,8.0,23.8,73.6,0.23
2026-08-29T09:30:06.676818+00:00,ENG01,high_altitude_cruise,5500,38.6,607.8,4.61,33.0,13.34,0.384,14.2,8.0,23.8,73.6,0.23
2026-08-29T09:30:07.676818+00:00,ENG01,high_altitude_cruise,5500,38.6,607.8,4.61,33.0,13.34,0.383,14.2,8.0,23.8,73.6,0.23
2026-08-29T09:30:08.676818+00:00,ENG01,high_altitude_cruise,5500,38.6,607.8,4.61,33.0,13.34,0.385,14.2,8.0,23.8,73.6,0.23
2026-08-29T09:30:09.676818+00:00,ENG01,high_altitude_cruise,5500,38.6,607.8,4.61,33.0,13.34,0.372,14.2,8.0,23.8,73.6,0.23
2026-08-29T09:30:10.676818+00:00,ENG01,high_altitude_cruise,5500,38.6,607.8,4.61,33.0,13.34,0.383,14.2,8.0,23.8,73.6,0.23
2026-08-29T09:30:11.676818+00:00,ENG01,high_altitude_cruise,5500,38.6,607.8,4.61,33.0,13.34,0.363,14.2,8.0,23.8,73.6,0.23
2026-08-29T09:30:12.676818+00:00,ENG01,high_altitude_cruise,5500,38.6,607.8,4.61,33.0,13.34,0.362,14.2,8.0,23.8,73.6,0.23
2026-08-29T09:30:13.676818+00:00,ENG01,high_altitude_cruise,5500,38.6,607.8,4.61,33.0,13.34,0.391,14.2,8.0,23.8,73.6,0.23
2026-08-29T09:30:14.676818+00:00,ENG01,high_altitude_cruise,5500,38.6,607.8,4.61,33.0,13.34,0.379,14.2,8.0,23.8,73.6,0.23
2026-08-29T09:30:15.676818+00:00,ENG01,high_altitude_cruise,5500,38.6,607.8,4.61,33.0,13.34,0.363,14.2,8.0,23.8,73.6,0.23
2026-08-29T09:30:16.676818+00:00,ENG01,high_altitude_cruise,5500,38.6,607.8,4.61,33.0,13.34,0.383,14.2,8.0,23.8,73.6,0.23
2026-08-29T09:30:17.676818+00:00,ENG01,high_altitude_cruise,5500,38.6,607.8,4.61,33.0,13.34,0.364,14.2,8.0,23.8,73.6,0.23
2026-08-29T09:30:18.676818+00:00,ENG01,high_altitude_cruise,5500,38.6,607.8,4.61,33.0,13.34,0.367,14.2,8.0,23.8,73.6,0.23
2026-08-29T09:30:19.676818+00:00,ENG01,high_altitude_cruise,5500,38.6,607.8,4.61,33.0,13.34,0.359,14.2,8.0,23.8,73.6,0.23
2026-08-29T09:30:20.676818+00:00,ENG01,high_altitude_cruise,5500,38.6,607.8,4.61,33.0,13.34,0.383,14.2,8.0,23.8,73.6,0.23
2026-08-29T09:30:21.676818+00:00,ENG01,high_altitude_cruise,5500,38.6,607.8,4.61,33.0,13.34,0.369,14.2,8.0,23.8,73.6,0.23
2026-08-29T09:30:22.676818+00:00,ENG01,high_altitude_cruise,5500,38.6,607.8,4.61,32.9,13.34,0.388,14.2,8.0,23.8,73.6,0.23
2026-08-29T09:30:23.676818+00:00,ENG01,high_altitude_cruise,5500,38.6,607.8,4.61,32.9,13.34,0.359,14.2,8.0,23.8,73.6,0.23
2026-08-29T09:30:24.676818+00:00,ENG01,high_altitude_cruise,5500,38.6,607.8,4.61,32.9,13.34,0.36,14.2,8.0,23.8,73.6,0.23
2026-08-29T09:30:25.676818+00:00,ENG01,high_altitude_cruise,5500,38.6,607.8,4.61,32.9,13.34,0.375,14.2,8.0,23.8,73.6,0.23
2026-08-29T09:30:26.676818+00:00,ENG01,high_altitude_cruise,5500,38.6,607.8,4.61,32.9,13.34,0.381,14.2,8.0,23.8,73.6,0.23
2026-08-29T09:30:27.676818+00:00,ENG01,high_altitude_cruise,5500,38.6,607.8,4.61,32.9,13.34,0.364,14.2,8.0,23.8,73.6,0.23
2026-08-29T09:30:28.676818+00:00,ENG01,high_altitude_cruise,5500,38.6,607.8,4.61,32.9,13.34,0.395,14.2,8.0,23.8,73.6,0.23
2026-08-29T09:30:29.676818+00:00,ENG01,high_altitude_cruise,5500,38.6,607.8,4.61,32.9,13.34,0.36,14.2,8.0,23.8,73.6,0.23
2026-08-29T09:30:30.676818+00:00,ENG01,high_altitude_cruise,5500,38.6,607.8,4.61,32.9,13.34,0.358,14.2,8.0,23.8,73.6,0.23
2026-08-29T09:30:31.676818+00:00,ENG01,high_altitude_cruise,5500,38.6,607.8,4.61,32.9,13.34,0.366,14.2,8.0,23.8,73.6,0.23
2026-08-29T09:30:32.676818+00:00,ENG01,high_altitude_cruise,5500,38.6,607.8,4.61,32.9,13.34,0.375,14.2,8.0,23.8,73.6,0.23
2026-08-29T09:30:33.676818+00:00,ENG01,high_altitude_cruise,5500,38.6,607.8,4.61,32.9,13.34,0.39,14.2,8.0,23.8,73.6,0.23
2026-08-29T09:30:34.676818+00:00,ENG01,high_altitude_cruise,5500,38.6,607.8,4.61,32.9,13.34,0.399,14.2,8.0,23.8,73.6,0.23
2026-08-29T09:30:35.676818+00:00,ENG01,high_altitude_cruise,5500,38.6,607.8,4.61,32.9,13.34,0.379,14.2,8.0,23.8,73.6,0.23
2026-08-29T09:30:36.676818+00:00,ENG01,high_altitude_cruise,5500,38.6,607.8,4.61,32.9,13.34,0.376,14.2,8.0,23.8,73.6,0.23
2026-08-29T09:30:37.676818+00:00,ENG01,high_altitude_cruise,5500,38.6,607.8,4.61,32.9,13.34,0.36,14.2,8.0,23.8,73.6,0.23
2026-08-29T09:30:38.676818+00:00,ENG01,high_altitude_cruise,5500,38.6,607.8,4.61,32.9,13.34,0.37,14.2,8.0,23.8,73.6,0.23
2026-08-29T09:30:39.676818+00:00,ENG01,high_altitude_cruise,5500,38.6,607.8,4.61,32.9,13.34,0.367,14.2,8.0,23.8,73.6,0.23
2026-08-29T09:30:40.676818+00:00,ENG01,high_altitude_cruise,5500,38.6,607.8,4.61,32.9,13.34,0.386,14.2,8.0,23.8,73.6,0.23
2026-08-29T09:30:41.676818+00:00,ENG01,high_altitude_cruise,5500,38.6,607.8,4.61,32.9,13.34,0.367,14.2,8.0,23.8,73.6,0.23
2026-08-29T09:30:42.676818+00:00,ENG01,high_altitude_cruise,5500,38.6,607.8,4.61,32.8,13.34,0.377,14.2,8.0,23.8,73.6,0.23
2026-08-29T09:30:43.676818+00:00,ENG01,high_altitude_cruise,5500,38.6,607.8,4.61,32.8,13.34,0.37,14.2,8.0,23.8,73.6,0.23
2026-08-29T09:30:44.676818+00:00,ENG01,high_altitude_cruise,5500,38.6,607.8,4.61,32.8,13.34,0.368,14.2,8.0,23.8,73.6,0.23
2026-08-29T09:30:45.676818+00:00,ENG01,high_altitude_cruise,5500,38.6,607.8,4.61,32.8,13.34,0.389,14.2,8.0,23.8,73.6,0.23
2026-08-29T09:30:46.676818+00:00,ENG01,high_altitude_cruise,5500,38.6,607.8,4.61,32.8,13.34,0.367,14.2,8.0,23.8,73.6,0.23
2026-08-29T09:30:47.676818+00:00,ENG01,high_altitude_cruise,5500,38.6,607.8,4.61,32.8,13.34,0.367,14.2,8.0,23.8,73.6,0.23
2026-08-29T09:30:48.676818+00:00,ENG01,high_altitude_cruise,5500,38.6,607.8,4.61,32.8,13.34,0.362,14.2,8.0,23.8,73.6,0.23
2026-08-29T09:30:49.676818+00:00,ENG01,high_altitude_cruise,5500,38.6,607.8,4.61,32.8,13.34,0.372,14.2,8.0,23.8,73.6,0.23
2026-08-29T09:30:50.676818+00:00,ENG01,high_altitude_cruise,5500,38.6,607.8,4.61,32.8,13.34,0.366,14.2,8.0,23.8,73.6,0.23
2026-08-29T09:30:51.676818+00:00,ENG01,high_altitude_cruise,5500,38.6,607.8,4.61,32.8,13.34,0.365,14.2,8.0,23.8,73.6,0.23
2026-08-29T09:30:52.676818+00:00,ENG01,high_altitude_cruise,5500,38.6,607.8,4.61,32.8,13.34,0.393,14.2,8.0,23.8,73.6,0.23
2026-08-29T09:30:53.676818+00:00,ENG01,high_altitude_cruise,5500,38.6,607.8,4.61,32.8,13.34,0.386,14.2,8.0,23.8,73.6,0.23
2026-08-29T09:30:54.676818+00:00,ENG01,high_altitude_cruise,5500,38.6,607.8,4.61,32.8,13.34,0.371,14.2,8.0,23.8,73.6,0.23
2026-08-29T09:30:55.676818+00:00,ENG01,high_altitude_cruise,5500,38.6,607.8,4.61,32.8,13.34,0.384,14.2,8.0,23.8,73.6,0.23
2026-08-29T09:30:56.676818+00:00,ENG01,high_altitude_cruise,5500,38.6,607.8,4.61,32.8,13.34,0.383,14.2,8.0,23.8,73.6,0.23
2026-08-29T09:30:57.676818+00:00,ENG01,high_altitude_cruise,5500,38.6,607.8,4.61,32.8,13.34,0.38,14.2,8.0,23.8,73.6,0.23
2026-08-29T09:30:58.676818+00:00,ENG01,high_altitude_cruise,5500,38.6,607.8,4.61,32.8,13.34,0.363,14.2,8.0,23.8,73.6,0.23
2026-08-29T09:30:59.676818+00:00,ENG01,high_altitude_cruise,5500,38.6,607.8,4.61,32.8,13.34,0.359,14.2,8.0,23.8,73.6,0.23
2026-08-29T09:31:00.676818+00:00,ENG01,high_altitude_cruise,5500,38.6,607.8,4.61,32.8,13.34,0.385,14.2,8.0,23.8,73.6,0.23
2026-08-29T09:31:01.676818+00:00,ENG01,high_altitude_cruise,5500,38.6,607.8,4.61,32.8,13.34,0.361,14.2,8.0,23.8,73.6,0.23
2026-08-29T09:31:02.676818+00:00,ENG01,high_altitude_cruise,5500,38.6,607.8,4.61,32.8,13.34,0.416,14.2,8.0,23.8,73.6,0.23
2026-08-29T09:31:03.676818+00:00,ENG01,high_altitude_cruise,5500,38.6,607.8,4.61,32.7,13.34,0.36,14.2,8.0,23.8,73.6,0.23
2026-08-29T09:31:04.676818+00:00,ENG01,high_altitude_cruise,5500,38.6,607.8,4.61,32.7,13.34,0.39,14.2,8.0,23.8,73.6,0.23
2026-08-29T09:31:05.676818+00:00,ENG01,high_altitude_cruise,5500,38.6,607.8,4.61,32.7,13.34,0.382,14.2,8.0,23.8,73.6,0.23
2026-08-29T09:31:06.676818+00:00,ENG01,high_altitude_cruise,5500,38.6,607.8,4.61,32.7,13.34,0.415,14.2,8.0,23.8,73.6,0.23
2026-08-29T09:31:07.676818+00:00,ENG01,high_altitude_cruise,5500,38.6,607.8,4.61,32.7,13.34,0.361,14.2,8.0,23.8,73.6,0.23
2026-08-29T09:31:08.676818+00:00,ENG01,high_altitude_cruise,5500,38.6,607.8,4.61,32.7,13.34,0.372,14.2,8.0,23.8,73.6,0.23
2026-08-29T09:31:09.676818+00:00,ENG01,high_altitude_cruise,5500,38.6,607.8,4.61,32.7,13.34,0.366,14.2,8.0,23.8,73.6,0.23
2026-08-29T09:31:10.676818+00:00,ENG01,high_altitude_cruise,5500,38.6,607.8,4.61,32.7,13.34,0.362,14.2,8.0,23.8,73.6,0.23
2026-08-29T09:31:11.676818+00:00,ENG01,high_altitude_cruise,5500,38.6,607.8,4.61,32.7,13.34,0.383,14.2,8.0,23.8,73.6,0.23
2026-08-29T09:31:12.676818+00:00,ENG01,high_altitude_cruise,5500,38.6,607.8,4.61,32.7,13.34,0.391,14.2,8.0,23.8,73.6,0.23
2026-08-29T09:31:13.676818+00:00,ENG01,high_altitude_cruise,5500,38.6,607.8,4.61,32.7,13.34,0.37,14.2,8.0,23.8,73.6,0.23
2026-08-29T09:31:14.676818+00:00,ENG01,high_altitude_cruise,5500,38.6,607.8,4.61,32.7,13.34,0.382,14.2,8.0,23.8,73.6,0.23
2026-08-29T09:31:15.676818+00:00,ENG01,high_altitude_cruise,5500,38.6,607.8,4.61,32.7,13.34,0.361,14.2,8.0,23.8,73.6,0.23
2026-08-29T09:31:16.676818+00:00,ENG01,high_altitude_cruise,5500,38.6,607.8,4.61,32.7,13.34,0.378,14.2,8.0,23.8,73.6,0.23
2026-08-29T09:31:17.676818+00:00,ENG01,high_altitude_cruise,5500,38.6,607.8,4.61,32.7,13.34,0.358,14.2,8.0,23.8,73.6,0.23
2026-08-29T09:31:18.676818+00:00,ENG01,high_altitude_cruise,5500,38.6,607.8,4.61,32.7,13.34,0.362,14.2,8.0,23.8,73.6,0.23
2026-08-29T09:31:19.676818+00:00,ENG01,high_altitude_cruise,5500,38.6,607.8,4.61,32.7,13.34,0.369,14.2,8.0,23.8,73.6,0.23
2026-08-29T09:31:20.676818+00:00,ENG01,high_altitude_cruise,5500,38.6,607.8,4.61,32.7,13.34,0.388,14.2,8.0,23.8,73.6,0.23
2026-08-29T09:31:21.676818+00:00,ENG01,high_altitude_cruise,5500,38.6,607.8,4.61,32.7,13.34,0.362,14.2,8.0,23.8,73.6,0.23
2026-08-29T09:31:22.676818+00:00,ENG01,high_altitude_cruise,5500,38.6,607.8,4.61,32.7,13.34,0.387,14.2,8.0,23.8,73.6,0.23
2026-08-29T09:31:23.676818+00:00,ENG01,high_altitude_cruise,5500,38.6,607.8,4.61,32.7,13.34,0.365,14.2,8.0,23.8,73.6,0.23
2026-08-29T09:31:24.676818+00:00,ENG01,high_altitude_cruise,5500,38.6,607.8,4.61,32.7,13.34,0.371,14.2,8.0,23.8,73.6,0.23
2026-08-29T09:31:25.676818+00:00,ENG01,high_altitude_cruise,5500,38.6,607.8,4.61,32.7,13.34,0.359,14.2,8.0,23.8,73.6,0.23
2026-08-29T09:31:26.676818+00:00,ENG01,high_altitude_cruise,5500,38.6,607.8,4.61,32.7,13.34,0.373,14.2,8.0,23.8,73.6,0.23
2026-08-29T09:31:27.676818+00:00,ENG01,high_altitude_cruise,5500,38.6,607.8,4.61,32.6,13.34,0.366,14.2,8.0,23.8,73.6,0.23
2026-08-29T09:31:28.676818+00:00,ENG01,high_altitude_cruise,5500,38.6,607.8,4.61,32.6,13.34,0.369,14.2,8.0,23.8,73.6,0.23
2026-08-29T09:31:29.676818+00:00,ENG01,high_altitude_cruise,5500,38.6,607.8,4.61,32.6,13.34,0.368,14.2,8.0,23.8,73.6,0.23
2026-08-29T09:31:30.676818+00:00,ENG01,high_altitude_cruise,5500,38.6,607.8,4.61,32.6,13.34,0.372,14.2,8.0,23.8,73.6,0.23
2026-08-29T09:31:31.676818+00:00,ENG01,high_altitude_cruise,5500,38.6,607.8,4.61,32.6,13.34,0.362,14.2,8.0,23.8,73.6,0.23
2026-08-29T09:31:32.676818+00:00,ENG01,high_altitude_cruise,5500,38.6,607.8,4.61,32.6,13.34,0.385,14.2,8.0,23.8,73.6,0.23
2026-08-29T09:31:33.676818+00:00,ENG01,high_altitude_cruise,5500,38.6,607.8,4.61,32.6,13.34,0.363,14.2,8.0,23.8,73.6,0.23
2026-08-29T09:31:34.676818+00:00,ENG01,high_altitude_cruise,5500,38.6,607.8,4.61,32.6,13.34,0.373,14.2,8.0,23.8,73.6,0.23
2026-08-29T09:31:35.676818+00:00,ENG01,high_altitude_cruise,5500,38.6,607.8,4.61,32.6,13.34,0.375,14.2,8.0,23.8,73.6,0.23
2026-08-29T09:31:36.676818+00:00,ENG01,high_altitude_cruise,5500,38.6,607.8,4.61,32.6,13.34,0.365,14.2,8.0,23.8,73.6,0.23
2026-08-29T09:31:37.676818+00:00,ENG01,high_altitude_cruise,5500,38.6,607.8,4.61,32.6,13.34,0.388,14.2,8.0,23.8,73.6,0.23
2026-08-29T09:31:38.676818+00:00,ENG01,high_altitude_cruise,5500,38.6,607.8,4.61,32.6,13.34,0.385,14.2,8.0,23.8,73.6,0.23
2026-08-29T09:31:39.676818+00:00,ENG01,high_altitude_cruise,5500,38.6,607.8,4.61,32.6,13.34,0.386,14.2,8.0,23.8,73.6,0.23
2026-08-29T09:31:40.676818+00:00,ENG01,high_altitude_cruise,5500,38.6,607.8,4.61,32.6,13.34,0.36,14.2,8.0,23.8,73.6,0.23
2026-08-29T09:31:41.676818+00:00,ENG01,high_altitude_cruise,5500,38.6,607.8,4.61,32.6,13.34,0.37,14.2,8.0,23.8,73.6,0.23
2026-08-29T09:31:42.676818+00:00,ENG01,high_altitude_cruise,5500,38.6,607.8,4.61,32.6,13.34,0.375,14.2,8.0,23.8,73.6,0.23
2026-08-29T09:31:43.676818+00:00,ENG01,high_altitude_cruise,5500,38.6,607.8,4.61,32.6,13.34,0.377,14.2,8.0,23.8,73.6,0.23
2026-08-29T09:31:44.676818+00:00,ENG01,high_altitude_cruise,5500,38.6,607.8,4.61,32.6,13.34,0.359,14.2,8.0,23.8,73.6,0.23
2026-08-29T09:31:45.676818+00:00,ENG01,high_altitude_cruise,5500,38.5,607.8,4.61,32.6,13.34,0.367,14.2,8.0,23.8,73.6,0.23
2026-08-29T09:31:46.676818+00:00,ENG01,high_altitude_cruise,5500,38.5,607.8,4.61,32.6,13.34,0.359,14.2,8.0,23.8,73.6,0.23
2026-08-29T09:31:47.676818+00:00,ENG01,high_altitude_cruise,5500,38.5,607.8,4.61,32.6,13.34,0.372,14.2,8.0,23.8,73.6,0.23
2026-08-29T09:31:48.676818+00:00,ENG01,high_altitude_cruise,5500,38.5,607.8,4.61,32.6,13.34,0.375,14.2,8.0,23.8,73.6,0.23
2026-08-29T09:31:49.676818+00:00,ENG01,high_altitude_cruise,5500,38.5,607.8,4.61,32.6,13.34,0.366,14.2,8.0,23.8,73.6,0.23
2026-08-29T09:31:50.676818+00:00,ENG01,high_altitude_cruise,5500,38.5,607.8,4.61,32.6,13.34,0.388,14.2,8.0,23.8,73.6,0.23
2026-08-29T09:31:51.676818+00:00,ENG01,high_altitude_cruise,5500,38.5,607.8,4.61,32.6,13.34,0.398,14.2,8.0,23.8,73.6,0.23
2026-08-29T09:31:52.676818+00:00,ENG01,high_altitude_cruise,5500,38.5,607.8,4.61,32.6,13.34,0.379,14.2,8.0,23.8,73.6,0.23
2026-08-29T09:31:53.676818+00:00,ENG01,high_altitude_cruise,5500,38.5,607.8,4.61,32.5,13.34,0.387,14.2,8.0,23.8,73.6,0.23
2026-08-29T09:31:54.676818+00:00,ENG01,high_altitude_cruise,5500,38.5,607.8,4.61,32.5,13.34,0.368,14.2,8.0,23.8,73.6,0.23
2026-08-29T09:31:55.676818+00:00,ENG01,high_altitude_cruise,5500,38.5,607.8,4.61,32.5,13.34,0.379,14.2,8.0,23.8,73.6,0.23
2026-08-29T09:31:56.676818+00:00,ENG01,high_altitude_cruise,5500,38.5,607.8,4.61,32.5,13.34,0.396,14.2,8.0,23.8,73.6,0.23
2026-08-29T09:31:57.676818+00:00,ENG01,high_altitude_cruise,5500,38.5,607.8,4.61,32.5,13.34,0.359,14.2,8.0,23.8,73.6,0.23
2026-08-29T09:31:58.676818+00:00,ENG01,high_altitude_cruise,5500,38.5,607.8,4.61,32.5,13.34,0.389,14.2,8.0,23.8,73.6,0.23
2026-08-29T09:31:59.676818+00:00,ENG01,high_altitude_cruise,5500,38.5,607.8,4.61,32.5,13.34,0.361,14.2,8.0,23.8,73.6,0.23
2026-08-29T09:32:00.676818+00:00,ENG01,high_altitude_cruise,5500,38.5,607.8,4.61,32.5,13.34,0.361,14.2,8.0,23.8,73.6,0.23
2026-08-29T09:32:01.676818+00:00,ENG01,high_altitude_cruise,5500,38.5,607.8,4.61,32.5,13.34,0.374,14.2,8.0,23.8,73.6,0.23
2026-08-29T09:32:02.676818+00:00,ENG01,high_altitude_cruise,5500,38.5,607.8,4.61,32.5,13.34,0.382,14.2,8.0,23.8,73.6,0.23
2026-08-29T09:32:03.676818+00:00,ENG01,high_altitude_cruise,5500,38.5,607.8,4.61,32.5,13.34,0.367,14.2,8.0,23.8,73.6,0.23
2026-08-29T09:32:04.676818+00:00,ENG01,high_altitude_cruise,5500,38.5,607.8,4.61,32.5,13.34,0.382,14.2,8.0,23.8,73.6,0.23
2026-08-29T09:32:05.676818+00:00,ENG01,high_altitude_cruise,5500,38.5,607.8,4.61,32.5,13.34,0.376,14.2,8.0,23.8,73.6,0.23
2026-08-29T09:32:06.676818+00:00,ENG01,high_altitude_cruise,5500,38.5,607.8,4.61,32.5,13.34,0.392,14.2,8.0,23.8,73.6,0.23
2026-08-29T09:32:07.676818+00:00,ENG01,high_altitude_cruise,5500,38.5,607.8,4.61,32.5,13.34,0.371,14.2,8.0,23.8,73.6,0.23
2026-08-29T09:32:08.676818+00:00,ENG01,high_altitude_cruise,5500,38.5,607.8,4.61,32.5,13.34,0.385,14.2,8.0,23.8,73.6,0.23
2026-08-29T09:32:09.676818+00:00,ENG01,high_altitude_cruise,5500,38.5,607.8,4.61,32.5,13.34,0.362,14.2,8.0,23.8,73.6,0.23
2026-08-29T09:32:10.676818+00:00,ENG01,high_altitude_cruise,5500,38.5,607.8,4.61,32.5,13.34,0.375,14.2,8.0,23.8,73.6,0.23
2026-08-29T09:32:11.676818+00:00,ENG01,high_altitude_cruise,5500,38.5,607.8,4.61,32.5,13.34,0.363,14.2,8.0,23.8,73.6,0.23
2026-08-29T09:32:12.676818+00:00,ENG01,high_altitude_cruise,5500,38.5,607.8,4.61,32.5,13.34,0.374,14.2,8.0,23.8,73.6,0.23
2026-08-29T09:32:13.676818+00:00,ENG01,high_altitude_cruise,5500,38.5,607.8,4.61,32.5,13.34,0.377,14.2,8.0,23.8,73.6,0.23
2026-08-29T09:32:14.676818+00:00,ENG01,high_altitude_cruise,5500,38.5,607.8,4.61,32.5,13.34,0.372,14.2,8.0,23.8,73.6,0.23
2026-08-29T09:32:15.676818+00:00,ENG01,high_altitude_cruise,5500,38.5,607.8,4.61,32.5,13.34,0.364,14.2,8.0,23.8,73.6,0.23
2026-08-29T09:32:16.676818+00:00,ENG01,high_altitude_cruise,5500,38.5,607.8,4.61,32.5,13.34,0.368,14.2,8.0,23.8,73.6,0.23
2026-08-29T09:32:17.676818+00:00,ENG01,high_altitude_cruise,5500,38.5,607.8,4.61,32.5,13.34,0.359,14.2,8.0,23.8,73.6,0.23
2026-08-29T09:32:18.676818+00:00,ENG01,high_altitude_cruise,5500,38.5,607.8,4.61,32.5,13.34,0.392,14.2,8.0,23.8,73.6,0.23
2026-08-29T09:32:19.676818+00:00,ENG01,high_altitude_cruise,5500,38.5,607.8,4.61,32.5,13.34,0.396,14.2,8.0,23.8,73.6,0.23
2026-08-29T09:32:20.676818+00:00,ENG01,high_altitude_cruise,5500,38.5,607.8,4.61,32.5,13.34,0.366,14.2,8.0,23.8,73.6,0.23
2026-08-29T09:32:21.676818+00:00,ENG01,high_altitude_cruise,5500,38.5,607.8,4.61,32.5,13.34,0.382,14.2,8.0,23.8,73.6,0.23
2026-08-29T09:32:22.676818+00:00,ENG01,high_altitude_cruise,5500,38.5,607.8,4.61,32.4,13.34,0.365,14.2,8.0,23.8,73.6,0.23
2026-08-29T09:32:23.676818+00:00,ENG01,high_altitude_cruise,5500,38.5,607.8,4.61,32.4,13.34,0.368,14.2,8.0,23.8,73.6,0.23
2026-08-29T09:32:24.676818+00:00,ENG01,high_altitude_cruise,5500,38.5,607.8,4.61,32.4,13.34,0.361,14.2,8.0,23.8,73.6,0.23
2026-08-29T09:32:25.676818+00:00,ENG01,high_altitude_cruise,5500,38.5,607.8,4.61,32.4,13.34,0.376,14.2,8.0,23.8,73.6,0.23
2026-08-29T09:32:26.676818+00:00,ENG01,high_altitude_cruise,5500,38.5,607.8,4.61,32.4,13.34,0.368,14.2,8.0,23.8,73.6,0.23
2026-08-29T09:32:27.676818+00:00,ENG01,high_altitude_cruise,5500,38.5,607.8,4.61,32.4,13.34,0.378,14.2,8.0,23.8,73.6,0.23
2026-08-29T09:32:28.676818+00:00,ENG01,high_altitude_cruise,5500,38.5,607.8,4.61,32.4,13.34,0.361,14.2,8.0,23.8,73.6,0.23
2026-08-29T09:32:29.676818+00:00,ENG01,high_altitude_cruise,5500,38.5,607.8,4.61,32.4,13.34,0.399,14.2,8.0,23.8,73.6,0.23
2026-08-29T09:32:30.676818+00:00,ENG01,high_altitude_cruise,5500,38.5,607.8,4.61,32.4,13.34,0.37,14.2,8.0,23.8,73.6,0.23
2026-08-29T09:32:31.676818+00:00,ENG01,high_altitude_cruise,5500,38.5,607.8,4.61,32.4,13.34,0.369,14.2,8.0,23.8,73.6,0.23
2026-08-29T09:32:32.676818+00:00,ENG01,high_altitude_cruise,5500,38.5,607.8,4.61,32.4,13.34,0.365,14.2,8.0,23.8,73.6,0.23
2026-08-29T09:32:33.676818+00:00,ENG01,high_altitude_cruise,5500,38.5,607.8,4.61,32.4,13.34,0.366,14.2,8.0,23.8,73.6,0.23
2026-08-29T09:32:34.676818+00:00,ENG01,high_altitude_cruise,5500,38.5,607.8,4.61,32.4,13.34,0.376,14.2,8.0,23.8,73.6,0.23
2026-08-29T09:32:35.676818+00:00,ENG01,high_altitude_cruise,5500,38.5,607.8,4.61,32.4,13.34,0.389,14.2,8.0,23.8,73.6,0.23
2026-08-29T09:32:36.676818+00:00,ENG01,high_altitude_cruise,5500,38.5,607.8,4.61,32.4,13.34,0.372,14.2,8.0,23.8,73.6,0.23
2026-08-29T09:32:37.676818+00:00,ENG01,high_altitude_cruise,5500,38.5,607.8,4.61,32.4,13.34,0.382,14.2,8.0,23.8,73.6,0.23
2026-08-29T09:32:38.676818+00:00,ENG01,high_altitude_cruise,5500,38.5,607.8,4.61,32.4,13.34,0.393,14.2,8.0,23.8,73.6,0.23
2026-08-29T09:32:39.676818+00:00,ENG01,high_altitude_cruise,5500,38.5,607.8,4.61,32.4,13.34,0.374,14.2,8.0,23.8,73.6,0.23
2026-08-29T09:32:40.676818+00:00,ENG01,high_altitude_cruise,5500,38.5,607.8,4.61,32.4,13.34,0.368,14.2,8.0,23.8,73.6,0.23
2026-08-29T09:32:41.676818+00:00,ENG01,high_altitude_cruise,5500,38.5,607.8,4.61,32.4,13.34,0.363,14.2,8.0,23.8,73.6,0.23
2026-08-29T09:32:42.676818+00:00,ENG01,high_altitude_cruise,5500,38.5,607.8,4.61,32.4,13.34,0.36,14.2,8.0,23.8,73.6,0.23
2026-08-29T09:32:43.676818+00:00,ENG01,high_altitude_cruise,5500,38.5,607.8,4.61,32.4,13.34,0.375,14.2,8.0,23.8,73.6,0.23
2026-08-29T09:32:44.676818+00:00,ENG01,high_altitude_cruise,5500,38.5,607.8,4.61,32.4,13.34,0.362,14.2,8.0,23.8,73.6,0.23
2026-08-29T09:32:45.676818+00:00,ENG01,high_altitude_cruise,5500,38.5,607.8,4.61,32.4,13.34,0.373,14.2,8.0,23.8,73.6,0.23
2026-08-29T09:32:46.676818+00:00,ENG01,high_altitude_cruise,5500,38.5,607.8,4.61,32.4,13.34,0.367,14.2,8.0,23.8,73.6,0.23
2026-08-29T09:32:47.676818+00:00,ENG01,high_altitude_cruise,5500,38.5,607.8,4.61,32.4,13.34,0.37,14.2,8.0,23.8,73.6,0.23
2026-08-29T09:32:48.676818+00:00,ENG01,high_altitude_cruise,5500,38.5,607.8,4.61,32.4,13.34,0.395,14.2,8.0,23.8,73.6,0.23
2026-08-29T09:32:49.676818+00:00,ENG01,high_altitude_cruise,5500,38.5,607.8,4.61,32.4,13.34,0.371,14.2,8.0,23.8,73.6,0.23
2026-08-29T09:32:50.676818+00:00,ENG01,high_altitude_cruise,5500,38.5,607.8,4.61,32.4,13.34,0.375,14.2,8.0,23.8,73.6,0.23
2026-08-29T09:32:51.676818+00:00,ENG01,high_altitude_cruise,5500,38.5,607.8,4.61,32.4,13.34,0.378,14.2,8.0,23.8,73.6,0.23
2026-08-29T09:32:52.676818+00:00,ENG01,high_altitude_cruise,5500,38.5,607.8,4.61,32.4,13.34,0.378,14.2,8.0,23.8,73.6,0.23
2026-08-29T09:32:53.676818+00:00,ENG01,high_altitude_cruise,5500,38.5,607.8,4.61,32.4,13.34,0.362,14.2,8.0,23.8,73.6,0.23
2026-08-29T09:32:54.676818+00:00,ENG01,high_altitude_cruise,5500,38.5,607.8,4.61,32.3,13.34,0.359,14.2,8.0,23.8,73.6,0.23
2026-08-29T09:32:55.676818+00:00,ENG01,high_altitude_cruise,5500,38.5,607.8,4.61,32.3,13.34,0.362,14.2,8.0,23.8,73.6,0.23
2026-08-29T09:32:56.676818+00:00,ENG01,high_altitude_cruise,5500,38.5,607.8,4.61,32.3,13.34,0.362,14.2,8.0,23.8,73.6,0.23
2026-08-29T09:32:57.676818+00:00,ENG01,high_altitude_cruise,5500,38.5,607.8,4.61,32.3,13.34,0.387,14.2,8.0,23.8,73.6,0.23
2026-08-29T09:32:58.676818+00:00,ENG01,high_altitude_cruise,5500,38.5,607.8,4.61,32.3,13.34,0.386,14.2,8.0,23.8,73.6,0.23
2026-08-29T09:32:59.676818+00:00,ENG01,high_altitude_cruise,5500,38.5,607.8,4.61,32.3,13.34,0.369,14.2,8.0,23.8,73.6,0.23
2026-08-29T09:33:00.676818+00:00,ENG01,high_altitude_cruise,5500,38.5,607.8,4.61,32.3,13.34,0.368,14.2,8.0,23.8,73.6,0.23
2026-08-29T09:33:01.676818+00:00,ENG01,high_altitude_cruise,5500,38.5,607.8,4.61,32.3,13.34,0.363,14.2,8.0,23.8,73.6,0.23
2026-08-29T09:33:02.676818+00:00,ENG01,high_altitude_cruise,5500,38.5,607.8,4.61,32.3,13.34,0.363,14.2,8.0,23.8,73.6,0.23
2026-08-29T09:33:03.676818+00:00,ENG01,high_altitude_cruise,5500,38.5,607.8,4.61,32.3,13.34,0.362,14.2,8.0,23.8,73.6,0.23
2026-08-29T09:33:04.676818+00:00,ENG01,high_altitude_cruise,5500,38.5,607.8,4.61,32.3,13.34,0.376,14.2,8.0,23.8,73.6,0.23
2026-08-29T09:33:05.676818+00:00,ENG01,high_altitude_cruise,5500,38.5,607.8,4.61,32.3,13.34,0.375,14.2,8.0,23.8,73.6,0.23
2026-08-29T09:33:06.676818+00:00,ENG01,high_altitude_cruise,5500,38.5,607.8,4.61,32.3,13.34,0.377,14.2,8.0,23.8,73.6,0.23
2026-08-29T09:33:07.676818+00:00,ENG01,high_altitude_cruise,5500,38.5,607.8,4.61,32.3,13.34,0.361,14.2,8.0,23.8,73.6,0.23
2026-08-29T09:33:08.676818+00:00,ENG01,high_altitude_cruise,5500,38.5,607.8,4.61,32.3,13.34,0.358,14.2,8.0,23.8,73.6,0.23
2026-08-29T09:33:09.676818+00:00,ENG01,high_altitude_cruise,5500,38.5,607.8,4.61,32.3,13.34,0.366,14.2,8.0,23.8,73.6,0.23
2026-08-29T09:33:10.676818+00:00,ENG01,high_altitude_cruise,5500,38.5,607.8,4.61,32.3,13.34,0.358,14.2,8.0,23.8,73.6,0.23
2026-08-29T09:33:11.676818+00:00,ENG01,high_altitude_cruise,5500,38.5,607.8,4.61,32.3,13.34,0.369,14.2,8.0,23.8,73.6,0.23
2026-08-29T09:33:12.676818+00:00,ENG01,high_altitude_cruise,5500,38.5,607.8,4.61,32.3,13.34,0.381,14.2,8.0,23.8,73.6,0.23
2026-08-29T09:33:13.676818+00:00,ENG01,high_altitude_cruise,5500,38.5,607.8,4.61,32.3,13.34,0.392,14.2,8.0,23.8,73.6,0.23
2026-08-29T09:33:14.676818+00:00,ENG01,high_altitude_cruise,5500,38.5,607.8,4.61,32.3,13.34,0.363,14.2,8.0,23.8,73.6,0.23
2026-08-29T09:33:15.676818+00:00,ENG01,high_altitude_cruise,5500,38.5,607.8,4.61,32.3,13.34,0.372,14.2,8.0,23.8,73.6,0.23
2026-08-29T09:33:16.676818+00:00,ENG01,high_altitude_cruise,5500,38.5,607.8,4.61,32.3,13.34,0.364,14.2,8.0,23.8,73.6,0.23
2026-08-29T09:33:17.676818+00:00,ENG01,high_altitude_cruise,5500,38.5,607.8,4.61,32.3,13.34,0.385,14.2,8.0,23.8,73.6,0.23
2026-08-29T09:33:18.676818+00:00,ENG01,high_altitude_cruise,5500,38.5,607.8,4.61,32.3,13.34,0.383,14.2,8.0,23.8,73.6,0.23
2026-08-29T09:33:19.676818+00:00,ENG01,high_altitude_cruise,5500,38.5,607.8,4.61,32.3,13.34,0.386,14.2,8.0,23.8,73.6,0.23
2026-08-29T09:33:20.676818+00:00,ENG01,high_altitude_cruise,5500,38.5,607.8,4.61,32.3,13.34,0.387,14.2,8.0,23.8,73.6,0.23
2026-08-29T09:33:21.676818+00:00,ENG01,high_altitude_cruise,5500,38.5,607.8,4.61,32.3,13.34,0.363,14.2,8.0,23.8,73.6,0.23
2026-08-29T09:33:22.676818+00:00,ENG01,high_altitude_cruise,5500,38.5,607.8,4.61,32.3,13.34,0.369,14.2,8.0,23.8,73.6,0.23
2026-08-29T09:33:23.676818+00:00,ENG01,high_altitude_cruise,5500,38.5,607.8,4.61,32.3,13.34,0.371,14.2,8.0,23.8,73.6,0.23
2026-08-29T09:33:24.676818+00:00,ENG01,high_altitude_cruise,5500,38.5,607.8,4.61,32.3,13.34,0.411,14.2,8.0,23.8,73.6,0.23
2026-08-29T09:33:25.676818+00:00,ENG01,high_altitude_cruise,5500,38.5,607.8,4.61,32.3,13.34,0.366,14.2,8.0,23.8,73.6,0.23
2026-08-29T09:33:26.676818+00:00,ENG01,high_altitude_cruise,5500,38.5,607.8,4.61,32.3,13.34,0.373,14.2,8.0,23.8,73.6,0.23
2026-08-29T09:33:27.676818+00:00,ENG01,high_altitude_cruise,5500,38.5,607.8,4.61,32.3,13.34,0.362,14.2,8.0,23.8,73.6,0.23
2026-08-29T09:33:28.676818+00:00,ENG01,high_altitude_cruise,5500,38.5,607.8,4.61,32.3,13.34,0.407,14.2,8.0,23.8,73.6,0.23
2026-08-29T09:33:29.676818+00:00,ENG01,high_altitude_cruise,5500,38.5,607.8,4.61,32.3,13.34,0.376,14.2,8.0,23.8,73.6,0.23
2026-08-29T09:33:30.676818+00:00,ENG01,high_altitude_cruise,5500,38.5,607.8,4.61,32.3,13.34,0.362,14.2,8.0,23.8,73.6,0.23
2026-08-29T09:33:31.676818+00:00,ENG01,high_altitude_cruise,5500,38.5,607.8,4.61,32.3,13.34,0.369,14.2,8.0,23.8,73.6,0.23
2026-08-29T09:33:32.676818+00:00,ENG01,high_altitude_cruise,5500,38.5,607.8,4.61,32.3,13.34,0.381,14.2,8.0,23.8,73.6,0.23
2026-08-29T09:33:33.676818+00:00,ENG01,high_altitude_cruise,5500,38.5,607.8,4.61,32.2,13.34,0.374,14.2,8.0,23.8,73.6,0.23
2026-08-29T09:33:34.676818+00:00,ENG01,high_altitude_cruise,5500,38.5,607.8,4.61,32.2,13.34,0.375,14.2,8.0,23.8,73.6,0.23
2026-08-29T09:33:35.676818+00:00,ENG01,high_altitude_cruise,5500,38.5,607.8,4.61,32.2,13.34,0.377,14.2,8.0,23.8,73.6,0.23
2026-08-29T09:33:36.676818+00:00,ENG01,high_altitude_cruise,5500,38.5,607.8,4.61,32.2,13.34,0.386,14.2,8.0,23.8,73.6,0.23
2026-08-29T09:33:37.676818+00:00,ENG01,high_altitude_cruise,5500,38.5,607.8,4.61,32.2,13.34,0.362,14.2,8.0,23.8,73.6,0.23
2026-08-29T09:33:38.676818+00:00,ENG01,high_altitude_cruise,5500,38.5,607.8,4.61,32.2,13.34,0.364,14.2,8.0,23.8,73.6,0.23
2026-08-29T09:33:39.676818+00:00,ENG01,high_altitude_cruise,5500,38.5,607.8,4.61,32.2,13.34,0.375,14.2,8.0,23.8,73.6,0.23
2026-08-29T09:33:40.676818+00:00,ENG01,high_altitude_cruise,5500,38.5,607.8,4.61,32.2,13.34,0.393,14.2,8.0,23.8,73.6,0.23
2026-08-29T09:33:41.676818+00:00,ENG01,high_altitude_cruise,5500,38.5,607.8,4.61,32.2,13.34,0.366,14.2,8.0,23.8,73.6,0.23
2026-08-29T09:33:42.676818+00:00,ENG01,high_altitude_cruise,5500,38.5,607.8,4.61,32.2,13.34,0.375,14.2,8.0,23.8,73.6,0.23
2026-08-29T09:33:43.676818+00:00,ENG01,high_altitude_cruise,5500,38.5,607.8,4.61,32.2,13.34,0.364,14.2,8.0,23.8,73.6,0.23
2026-08-29T09:33:44.676818+00:00,ENG01,high_altitude_cruise,5500,38.5,607.8,4.61,32.2,13.34,0.359,14.2,8.0,23.8,73.6,0.23
2026-08-29T09:33:45.676818+00:00,ENG01,high_altitude_cruise,5500,38.5,607.8,4.61,32.2,13.34,0.375,14.2,8.0,23.8,73.6,0.23
2026-08-29T09:33:46.676818+00:00,ENG01,high_altitude_cruise,5500,38.5,607.8,4.61,32.2,13.34,0.394,14.2,8.0,23.8,73.6,0.23
2026-08-29T09:33:47.676818+00:00,ENG01,high_altitude_cruise,5500,38.5,607.8,4.61,32.2,13.34,0.358,14.2,8.0,23.8,73.6,0.23
2026-08-29T09:33:48.676818+00:00,ENG01,high_altitude_cruise,5500,38.5,607.8,4.61,32.2,13.34,0.368,14.2,8.0,23.8,73.6,0.23
2026-08-29T09:33:49.676818+00:00,ENG01,high_altitude_cruise,5500,38.5,607.8,4.61,32.2,13.34,0.373,14.2,8.0,23.8,73.6,0.23
2026-08-29T09:33:50.676818+00:00,ENG01,high_altitude_cruise,5500,38.5,607.8,4.61,32.2,13.34,0.36,14.2,8.0,23.8,73.6,0.23
2026-08-29T09:33:51.676818+00:00,ENG01,high_altitude_cruise,5500,38.5,607.8,4.61,32.2,13.34,0.358,14.2,8.0,23.8,73.6,0.23
2026-08-29T09:33:52.676818+00:00,ENG01,high_altitude_cruise,5500,38.5,607.8,4.61,32.2,13.34,0.4,14.2,8.0,23.8,73.6,0.23
2026-08-29T09:33:53.676818+00:00,ENG01,high_altitude_cruise,5500,38.5,607.8,4.61,32.2,13.34,0.38,14.2,8.0,23.8,73.6,0.23
2026-08-29T09:33:54.676818+00:00,ENG01,high_altitude_cruise,5500,38.5,607.8,4.61,32.2,13.34,0.36,14.2,8.0,23.8,73.6,0.23
2026-08-29T09:33:55.676818+00:00,ENG01,high_altitude_cruise,5500,38.5,607.8,4.61,32.2,13.34,0.358,14.2,8.0,23.8,73.6,0.23
2026-08-29T09:33:56.676818+00:00,ENG01,high_altitude_cruise,5500,38.5,607.8,4.61,32.2,13.34,0.373,14.2,8.0,23.8,73.6,0.23
2026-08-29T09:33:57.676818+00:00,ENG01,high_altitude_cruise,5500,38.5,607.8,4.61,32.2,13.34,0.365,14.2,8.0,23.8,73.6,0.23
2026-08-29T09:33:58.676818+00:00,ENG01,high_altitude_cruise,5500,38.5,607.8,4.61,32.2,13.34,0.358,14.2,8.0,23.8,73.6,0.23
2026-08-29T09:33:59.676818+00:00,ENG01,high_altitude_cruise,5500,38.5,607.8,4.61,32.2,13.34,0.36,14.2,8.0,23.8,73.6,0.23
2026-08-29T09:34:00.676818+00:00,ENG01,high_altitude_cruise,5500,38.5,607.8,4.61,32.2,13.34,0.372,14.2,8.0,23.8,73.6,0.23
2026-08-29T09:34:01.676818+00:00,ENG01,high_altitude_cruise,5500,38.5,607.8,4.61,32.2,13.34,0.372,14.2,8.0,23.8,73.6,0.23
2026-08-29T09:34:02.676818+00:00,ENG01,high_altitude_cruise,5500,38.5,607.8,4.61,32.2,13.34,0.376,14.2,8.0,23.8,73.6,0.23
2026-08-29T09:34:03.676818+00:00,ENG01,high_altitude_cruise,5500,38.5,607.8,4.61,32.2,13.34,0.365,14.2,8.0,23.8,73.6,0.23
2026-08-29T09:34:04.676818+00:00,ENG01,high_altitude_cruise,5500,38.5,607.8,4.61,32.2,13.34,0.375,14.2,8.0,23.8,73.6,0.23
2026-08-29T09:34:05.676818+00:00,ENG01,high_altitude_cruise,5500,38.5,607.8,4.61,32.2,13.34,0.386,14.2,8.0,23.8,73.6,0.23
2026-08-29T09:34:06.676818+00:00,ENG01,high_altitude_cruise,5500,38.5,607.8,4.61,32.2,13.34,0.373,14.2,8.0,23.8,73.6,0.23
2026-08-29T09:34:07.676818+00:00,ENG01,high_altitude_cruise,5500,38.5,607.8,4.61,32.2,13.34,0.37,14.2,8.0,23.8,73.6,0.23
2026-08-29T09:34:08.676818+00:00,ENG01,high_altitude_cruise,5500,38.5,607.8,4.61,32.2,13.34,0.359,14.2,8.0,23.8,73.6,0.23
2026-08-29T09:34:09.676818+00:00,ENG01,high_altitude_cruise,5500,38.5,607.8,4.61,32.2,13.34,0.378,14.2,8.0,23.8,73.6,0.23
2026-08-29T09:34:10.676818+00:00,ENG01,high_altitude_cruise,5500,38.5,607.8,4.61,32.2,13.34,0.36,14.2,8.0,23.8,73.6,0.23
2026-08-29T09:34:11.676818+00:00,ENG01,high_altitude_cruise,5500,38.5,607.8,4.61,32.2,13.34,0.392,14.2,8.0,23.8,73.6,0.23
2026-08-29T09:34:12.676818+00:00,ENG01,high_altitude_cruise,5500,38.5,607.8,4.61,32.2,13.34,0.388,14.2,8.0,23.8,73.6,0.23
2026-08-29T09:34:13.676818+00:00,ENG01,high_altitude_cruise,5500,38.5,607.8,4.61,32.2,13.34,0.377,14.2,8.0,23.8,73.6,0.23
2026-08-29T09:34:14.676818+00:00,ENG01,high_altitude_cruise,5500,38.5,607.8,4.61,32.2,13.34,0.364,14.2,8.0,23.8,73.6,0.23
2026-08-29T09:34:15.676818+00:00,ENG01,high_altitude_cruise,5500,38.5,607.8,4.61,32.2,13.34,0.373,14.2,8.0,23.8,73.6,0.23
2026-08-29T09:34:16.676818+00:00,ENG01,high_altitude_cruise,5500,38.5,607.8,4.61,32.2,13.34,0.359,14.2,8.0,23.8,73.6,0.23
2026-08-29T09:34:17.676818+00:00,ENG01,high_altitude_cruise,5500,38.5,607.8,4.61,32.2,13.34,0.394,14.2,8.0,23.8,73.6,0.23
2026-08-29T09:34:18.676818+00:00,ENG01,high_altitude_cruise,5500,38.5,607.8,4.61,32.1,13.34,0.391,14.2,8.0,23.8,73.6,0.23
2026-08-29T09:34:19.676818+00:00,ENG01,high_altitude_cruise,5500,38.5,607.8,4.61,32.1,13.34,0.378,14.2,8.0,23.8,73.6,0.23
2026-08-29T09:34:20.676818+00:00,ENG01,high_altitude_cruise,5500,38.5,607.8,4.61,32.1,13.34,0.364,14.2,8.0,23.8,73.6,0.23
2026-08-29T09:34:21.676818+00:00,ENG01,high_altitude_cruise,5500,38.5,607.8,4.61,32.1,13.34,0.373,14.2,8.0,23.8,73.6,0.23
2026-08-29T09:34:22.676818+00:00,ENG01,high_altitude_cruise,5500,38.5,607.8,4.61,32.1,13.34,0.376,14.2,8.0,23.8,73.6,0.23
2026-08-29T09:34:23.676818+00:00,ENG01,high_altitude_cruise,5500,38.5,607.8,4.61,32.1,13.34,0.379,14.2,8.0,23.8,73.6,0.23
2026-08-29T09:34:24.676818+00:00,ENG01,high_altitude_cruise,5500,38.5,607.8,4.61,32.1,13.34,0.361,14.2,8.0,23.8,73.6,0.23
2026-08-29T09:34:25.676818+00:00,ENG01,high_altitude_cruise,5500,38.5,607.8,4.61,32.1,13.34,0.385,14.2,8.0,23.8,73.6,0.23
2026-08-29T09:34:26.676818+00:00,ENG01,high_altitude_cruise,5500,38.5,607.8,4.61,32.1,13.34,0.359,14.2,8.0,23.8,73.6,0.23
2026-08-29T09:34:27.676818+00:00,ENG01,high_altitude_cruise,5500,38.5,607.8,4.61,32.1,13.34,0.361,14.2,8.0,23.8,73.6,0.23
2026-08-29T09:34:28.676818+00:00,ENG01,high_altitude_cruise,5500,38.5,607.8,4.61,32.1,13.34,0.381,14.2,8.0,23.8,73.6,0.23
2026-08-29T09:34:29.676818+00:00,ENG01,high_altitude_cruise,5500,38.5,607.8,4.61,32.1,13.34,0.365,14.2,8.0,23.8,73.6,0.23
2026-08-29T09:34:30.676818+00:00,ENG01,high_altitude_cruise,5500,38.5,607.8,4.61,32.1,13.34,0.361,14.2,8.0,23.8,73.6,0.23
2026-08-29T09:34:31.676818+00:00,ENG01,high_altitude_cruise,5500,38.5,607.8,4.61,32.1,13.34,0.366,14.2,8.0,23.8,73.6,0.23
2026-08-29T09:34:32.676818+00:00,ENG01,high_altitude_cruise,5500,38.5,607.8,4.61,32.1,13.34,0.361,14.2,8.0,23.8,73.6,0.23
2026-08-29T09:34:33.676818+00:00,ENG01,high_altitude_cruise,5500,38.5,607.8,4.61,32.1,13.34,0.389,14.2,8.0,23.8,73.6,0.23
2026-08-29T09:34:34.676818+00:00,ENG01,high_altitude_cruise,5500,38.5,607.8,4.61,32.1,13.34,0.36,14.2,8.0,23.8,73.6,0.23
2026-08-29T09:34:35.676818+00:00,ENG01,high_altitude_cruise,5500,38.5,607.8,4.61,32.1,13.34,0.372,14.2,8.0,23.8,73.6,0.23
2026-08-29T09:34:36.676818+00:00,ENG01,high_altitude_cruise,5500,38.5,607.8,4.61,32.1,13.34,0.371,14.2,8.0,23.8,73.6,0.23
2026-08-29T09:34:37.676818+00:00,ENG01,high_altitude_cruise,5500,38.5,607.8,4.61,32.1,13.34,0.377,14.2,8.0,23.8,73.6,0.23
2026-08-29T09:34:38.676818+00:00,ENG01,high_altitude_cruise,5500,38.5,607.8,4.61,32.1,13.34,0.367,14.2,8.0,23.8,73.6,0.23
2026-08-29T09:34:39.676818+00:00,ENG01,high_altitude_cruise,5500,38.5,607.8,4.61,32.1,13.34,0.372,14.2,8.0,23.8,73.6,0.23
2026-08-29T09:34:40.676818+00:00,ENG01,high_altitude_cruise,5500,38.5,607.8,4.61,32.1,13.34,0.379,14.2,8.0,23.8,73.6,0.23
2026-08-29T09:34:41.676818+00:00,ENG01,high_altitude_cruise,5500,38.5,607.8,4.61,32.1,13.34,0.425,14.2,8.0,23.8,73.6,0.23
2026-08-29T09:34:42.676818+00:00,ENG01,high_altitude_cruise,5500,38.5,607.8,4.61,32.1,13.34,0.392,14.2,8.0,23.8,73.6,0.23
2026-08-29T09:34:43.676818+00:00,ENG01,high_altitude_cruise,5500,38.5,607.8,4.61,32.1,13.34,0.366,14.2,8.0,23.8,73.6,0.23
2026-08-29T09:34:44.676818+00:00,ENG01,high_altitude_cruise,5500,38.5,607.8,4.61,32.1,13.34,0.376,14.2,8.0,23.8,73.6,0.23
2026-08-29T09:34:45.676818+00:00,ENG01,high_altitude_cruise,5500,38.5,607.8,4.61,32.1,13.34,0.391,14.2,8.0,23.8,73.6,0.23
2026-08-29T09:34:46.676818+00:00,ENG01,high_altitude_cruise,5500,38.5,607.8,4.61,32.1,13.34,0.364,14.2,8.0,23.8,73.6,0.23
2026-08-29T09:34:47.676818+00:00,ENG01,high_altitude_cruise,5500,38.5,607.8,4.61,32.1,13.34,0.36,14.2,8.0,23.8,73.6,0.23
2026-08-29T09:34:48.676818+00:00,ENG01,high_altitude_cruise,5500,38.5,607.8,4.61,32.1,13.34,0.359,14.2,8.0,23.8,73.6,0.23
2026-08-29T09:34:49.676818+00:00,ENG01,high_altitude_cruise,5500,38.5,607.8,4.61,32.1,13.34,0.365,14.2,8.0,23.8,73.6,0.23
2026-08-29T09:34:50.676818+00:00,ENG01,high_altitude_cruise,5500,38.5,607.8,4.61,32.1,13.34,0.37,14.2,8.0,23.8,73.6,0.23
2026-08-29T09:34:51.676818+00:00,ENG01,high_altitude_cruise,5500,38.5,607.8,4.61,32.1,13.34,0.36,14.2,8.0,23.8,73.6,0.23
2026-08-29T09:34:52.676818+00:00,ENG01,high_altitude_cruise,5500,38.5,607.8,4.61,32.1,13.34,0.378,14.2,8.0,23.8,73.6,0.23
2026-08-29T09:34:53.676818+00:00,ENG01,high_altitude_cruise,5500,38.5,607.8,4.61,32.1,13.34,0.389,14.2,8.0,23.8,73.6,0.23
2026-08-29T09:34:54.676818+00:00,ENG01,high_altitude_cruise,5500,38.5,607.8,4.61,32.1,13.34,0.362,14.2,8.0,23.8,73.6,0.23
2026-08-29T09:34:55.676818+00:00,ENG01,high_altitude_cruise,5500,38.5,607.8,4.61,32.1,13.34,0.367,14.2,8.0,23.8,73.6,0.23
2026-08-29T09:34:56.676818+00:00,ENG01,high_altitude_cruise,5500,38.5,607.8,4.61,32.1,13.34,0.359,14.2,8.0,23.8,73.6,0.23
2026-08-29T09:34:57.676818+00:00,ENG01,high_altitude_cruise,5500,38.5,607.8,4.61,32.1,13.34,0.373,14.2,8.0,23.8,73.6,0.23
2026-08-29T09:34:58.676818+00:00,ENG01,high_altitude_cruise,5500,38.5,607.8,4.61,32.1,13.34,0.36,14.2,8.0,23.8,73.6,0.23
2026-08-29T09:34:59.676818+00:00,ENG01,high_altitude_cruise,5500,38.5,607.8,4.61,32.1,13.34,0.379,14.2,8.0,23.8,73.6,0.23
2026-08-29T09:35:00.676818+00:00,ENG01,high_altitude_cruise,5500,38.5,607.8,4.61,32.1,13.34,0.358,14.2,8.0,23.8,73.6,0.23
2026-08-29T09:35:01.676818+00:00,ENG01,high_altitude_cruise,5500,38.5,607.8,4.61,32.1,13.34,0.363,14.2,8.0,23.8,73.6,0.23
2026-08-29T09:35:02.676818+00:00,ENG01,high_altitude_cruise,5500,38.5,607.8,4.61,32.1,13.34,0.391,14.2,8.0,23.8,73.6,0.23
2026-08-29T09:35:03.676818+00:00,ENG01,high_altitude_cruise,5500,38.5,607.8,4.61,32.1,13.34,0.366,14.2,8.0,23.8,73.6,0.23
2026-08-29T09:35:04.676818+00:00,ENG01,high_altitude_cruise,5500,38.5,607.8,4.61,32.1,13.34,0.414,14.2,8.0,23.8,73.6,0.23
2026-08-29T09:35:05.676818+00:00,ENG01,high_altitude_cruise,5500,38.5,607.8,4.61,32.1,13.34,0.365,14.2,8.0,23.8,73.6,0.23
2026-08-29T09:35:06.676818+00:00,ENG01,high_altitude_cruise,5500,38.5,607.8,4.61,32.1,13.34,0.387,14.2,8.0,23.8,73.6,0.23
2026-08-29T09:35:07.676818+00:00,ENG01,high_altitude_cruise,5500,38.5,607.8,4.61,32.1,13.34,0.363,14.2,8.0,23.8,73.6,0.23
2026-08-29T09:35:08.676818+00:00,ENG01,high_altitude_cruise,5500,38.5,607.8,4.61,32.1,13.34,0.364,14.2,8.0,23.8,73.6,0.23
2026-08-29T09:35:09.676818+00:00,ENG01,high_altitude_cruise,5500,38.5,607.8,4.61,32.1,13.34,0.374,14.2,8.0,23.8,73.6,0.23
2026-08-29T09:35:10.676818+00:00,ENG01,high_altitude_cruise,5500,38.5,607.8,4.61,32.1,13.34,0.362,14.2,8.0,23.8,73.6,0.23
2026-08-29T09:35:11.676818+00:00,ENG01,high_altitude_cruise,5500,38.5,607.8,4.61,32.1,13.34,0.362,14.2,8.0,23.8,73.6,0.23
2026-08-29T09:35:12.676818+00:00,ENG01,high_altitude_cruise,5500,38.5,607.8,4.61,32.1,13.34,0.38,14.2,8.0,23.8,73.6,0.23
2026-08-29T09:35:13.676818+00:00,ENG01,high_altitude_cruise,5500,38.5,607.8,4.61,32.1,13.34,0.367,14.2,8.0,23.8,73.6,0.23
2026-08-29T09:35:14.676818+00:00,ENG01,high_altitude_cruise,5500,38.5,607.8,4.61,32.1,13.34,0.358,14.2,8.0,23.8,73.6,0.23
2026-08-29T09:35:15.676818+00:00,ENG01,high_altitude_cruise,5500,38.5,607.8,4.61,32.0,13.34,0.386,14.2,8.0,23.8,73.6,0.23
2026-08-29T09:35:16.676818+00:00,ENG01,high_altitude_cruise,5500,38.5,607.8,4.61,32.0,13.34,0.371,14.2,8.0,23.8,73.6,0.23
2026-08-29T09:35:17.676818+00:00,ENG01,high_altitude_cruise,5500,38.5,607.8,4.61,32.0,13.34,0.397,14.2,8.0,23.8,73.6,0.23
2026-08-29T09:35:18.676818+00:00,ENG01,high_altitude_cruise,5500,38.5,607.8,4.61,32.0,13.34,0.367,14.2,8.0,23.8,73.6,0.23
2026-08-29T09:35:19.676818+00:00,ENG01,high_altitude_cruise,5500,38.5,607.8,4.61,32.0,13.34,0.368,14.2,8.0,23.8,73.6,0.23
2026-08-29T09:35:20.676818+00:00,ENG01,high_altitude_cruise,5500,38.5,607.8,4.61,32.0,13.34,0.379,14.2,8.0,23.8,73.6,0.23
2026-08-29T09:35:21.676818+00:00,ENG01,high_altitude_cruise,5500,38.5,607.8,4.61,32.0,13.34,0.376,14.2,8.0,23.8,73.6,0.23
2026-08-29T09:35:22.676818+00:00,ENG01,high_altitude_cruise,5500,38.5,607.8,4.61,32.0,13.34,0.363,14.2,8.0,23.8,73.6,0.23
2026-08-29T09:35:23.676818+00:00,ENG01,high_altitude_cruise,5500,38.5,607.8,4.61,32.0,13.34,0.368,14.2,8.0,23.8,73.6,0.23
2026-08-29T09:35:24.676818+00:00,ENG01,high_altitude_cruise,5500,38.5,607.8,4.61,32.0,13.34,0.359,14.2,8.0,23.8,73.6,0.23
2026-08-29T09:35:25.676818+00:00,ENG01,high_altitude_cruise,5500,38.5,607.8,4.61,32.0,13.34,0.368,14.2,8.0,23.8,73.6,0.23
2026-08-29T09:35:26.676818+00:00,ENG01,high_altitude_cruise,5500,38.5,607.8,4.61,32.0,13.34,0.358,14.2,8.0,23.8,73.6,0.23
2026-08-29T09:35:27.676818+00:00,ENG01,high_altitude_cruise,5500,38.5,607.8,4.61,32.0,13.34,0.36,14.2,8.0,23.8,73.6,0.23
2026-08-29T09:35:28.676818+00:00,ENG01,high_altitude_cruise,5500,38.5,607.8,4.61,32.0,13.34,0.391,14.2,8.0,23.8,73.6,0.23
2026-08-29T09:35:29.676818+00:00,ENG01,high_altitude_cruise,5500,38.5,607.8,4.61,32.0,13.34,0.367,14.2,8.0,23.8,73.6,0.23
2026-08-29T09:35:30.676818+00:00,ENG01,high_altitude_cruise,5500,38.5,607.8,4.61,32.0,13.34,0.384,14.2,8.0,23.8,73.6,0.23
2026-08-29T09:35:31.676818+00:00,ENG01,high_altitude_cruise,5500,38.5,607.8,4.61,32.0,13.34,0.362,14.2,8.0,23.8,73.6,0.23
2026-08-29T09:35:32.676818+00:00,ENG01,high_altitude_cruise,5500,38.5,607.8,4.61,32.0,13.34,0.364,14.2,8.0,23.8,73.6,0.23
2026-08-29T09:35:33.676818+00:00,ENG01,high_altitude_cruise,5500,38.5,607.8,4.61,32.0,13.34,0.364,14.2,8.0,23.8,73.6,0.23
2026-08-29T09:35:34.676818+00:00,ENG01,high_altitude_cruise,5500,38.5,607.8,4.61,32.0,13.34,0.362,14.2,8.0,23.8,73.6,0.23
2026-08-29T09:35:35.676818+00:00,ENG01,high_altitude_cruise,5500,38.5,607.8,4.61,32.0,13.34,0.365,14.2,8.0,23.8,73.6,0.23
2026-08-29T09:35:36.676818+00:00,ENG01,high_altitude_cruise,5500,38.5,607.8,4.61,32.0,13.34,0.392,14.2,8.0,23.8,73.6,0.23
2026-08-29T09:35:37.676818+00:00,ENG01,high_altitude_cruise,5500,38.5,607.8,4.61,32.0,13.34,0.389,14.2,8.0,23.8,73.6,0.23
2026-08-29T09:35:38.676818+00:00,ENG01,high_altitude_cruise,5500,38.5,607.8,4.61,32.0,13.34,0.386,14.2,8.0,23.8,73.6,0.23
2026-08-29T09:35:39.676818+00:00,ENG01,high_altitude_cruise,5500,38.5,607.8,4.61,32.0,13.34,0.358,14.2,8.0,23.8,73.6,0.23
2026-08-29T09:35:40.676818+00:00,ENG01,high_altitude_cruise,5500,38.5,607.8,4.61,32.0,13.34,0.384,14.2,8.0,23.8,73.6,0.23
2026-08-29T09:35:41.676818+00:00,ENG01,high_altitude_cruise,5500,38.5,607.8,4.61,32.0,13.34,0.368,14.2,8.0,23.8,73.6,0.23
2026-08-29T09:35:42.676818+00:00,ENG01,high_altitude_cruise,5500,38.5,607.8,4.61,32.0,13.34,0.368,14.2,8.0,23.8,73.6,0.23
2026-08-29T09:35:43.676818+00:00,ENG01,high_altitude_cruise,5500,38.5,607.8,4.61,32.0,13.34,0.391,14.2,8.0,23.8,73.6,0.23
2026-08-29T09:35:44.676818+00:00,ENG01,high_altitude_cruise,5500,38.5,607.8,4.61,32.0,13.34,0.368,14.2,8.0,23.8,73.6,0.23
2026-08-29T09:35:45.676818+00:00,ENG01,high_altitude_cruise,5500,38.5,607.8,4.61,32.0,13.34,0.368,14.2,8.0,23.8,73.6,0.23
2026-08-29T09:35:46.676818+00:00,ENG01,high_altitude_cruise,5500,38.5,607.8,4.61,32.0,13.34,0.393,14.2,8.0,23.8,73.6,0.23
2026-08-29T09:35:47.676818+00:00,ENG01,high_altitude_cruise,5500,38.5,607.8,4.61,32.0,13.34,0.362,14.2,8.0,23.8,73.6,0.23
2026-08-29T09:35:48.676818+00:00,ENG01,high_altitude_cruise,5500,38.5,607.8,4.61,32.0,13.34,0.359,14.2,8.0,23.8,73.6,0.23
2026-08-29T09:35:49.676818+00:00,ENG01,high_altitude_cruise,5500,38.5,607.8,4.61,32.0,13.34,0.394,14.2,8.0,23.8,73.6,0.23
2026-08-29T09:35:50.676818+00:00,ENG01,high_altitude_cruise,5500,38.5,607.8,4.61,32.0,13.34,0.37,14.2,8.0,23.8,73.6,0.23
2026-08-29T09:35:51.676818+00:00,ENG01,high_altitude_cruise,5500,38.5,607.8,4.61,32.0,13.34,0.362,14.2,8.0,23.8,73.6,0.23
2026-08-29T09:35:52.676818+00:00,ENG01,high_altitude_cruise,5500,38.5,607.8,4.61,32.0,13.34,0.365,14.2,8.0,23.8,73.6,0.23
2026-08-29T09:35:53.676818+00:00,ENG01,high_altitude_cruise,5500,38.5,607.8,4.61,32.0,13.34,0.375,14.2,8.0,23.8,73.6,0.23
2026-08-29T09:35:54.676818+00:00,ENG01,high_altitude_cruise,5500,38.5,607.8,4.61,32.0,13.34,0.386,14.2,8.0,23.8,73.6,0.23
2026-08-29T09:35:55.676818+00:00,ENG01,high_altitude_cruise,5500,38.5,607.8,4.61,32.0,13.34,0.39,14.2,8.0,23.8,73.6,0.23
2026-08-29T09:35:56.676818+00:00,ENG01,high_altitude_cruise,5500,38.5,607.8,4.61,32.0,13.34,0.379,14.2,8.0,23.8,73.6,0.23
2026-08-29T09:35:57.676818+00:00,ENG01,high_altitude_cruise,5500,38.5,607.8,4.61,32.0,13.34,0.36,14.2,8.0,23.8,73.6,0.23
2026-08-29T09:35:58.676818+00:00,ENG01,high_altitude_cruise,5500,38.5,607.8,4.61,32.0,13.34,0.366,14.2,8.0,23.8,73.6,0.23
2026-08-29T09:35:59.676818+00:00,ENG01,high_altitude_cruise,5500,38.5,607.8,4.61,32.0,13.34,0.387,14.2,8.0,23.8,73.6,0.23
2026-08-29T09:36:00.676818+00:00,ENG01,high_altitude_cruise,5500,38.5,607.8,4.61,32.0,13.34,0.362,14.2,8.0,23.8,73.6,0.23
2026-08-29T09:36:01.676818+00:00,ENG01,high_altitude_cruise,5500,38.5,607.8,4.61,32.0,13.34,0.37,14.2,8.0,23.8,73.6,0.23
2026-08-29T09:36:02.676818+00:00,ENG01,high_altitude_cruise,5500,38.5,607.8,4.61,32.0,13.34,0.376,14.2,8.0,23.8,73.6,0.23
2026-08-29T09:36:03.676818+00:00,ENG01,high_altitude_cruise,5500,38.5,607.8,4.61,32.0,13.34,0.384,14.2,8.0,23.8,73.6,0.23
2026-08-29T09:36:04.676818+00:00,ENG01,high_altitude_cruise,5500,38.5,607.8,4.61,32.0,13.34,0.364,14.2,8.0,23.8,73.6,0.23
2026-08-29T09:36:05.676818+00:00,ENG01,high_altitude_cruise,5500,38.5,607.8,4.61,32.0,13.34,0.395,14.2,8.0,23.8,73.6,0.23
2026-08-29T09:36:06.676818+00:00,ENG01,high_altitude_cruise,5500,38.5,607.8,4.61,32.0,13.34,0.379,14.2,8.0,23.8,73.6,0.23
2026-08-29T09:36:07.676818+00:00,ENG01,high_altitude_cruise,5500,38.5,607.8,4.61,32.0,13.34,0.371,14.2,8.0,23.8,73.6,0.23
2026-08-29T09:36:08.676818+00:00,ENG01,high_altitude_cruise,5500,38.5,607.8,4.61,32.0,13.34,0.368,14.2,8.0,23.8,73.6,0.23
2026-08-29T09:36:09.676818+00:00,ENG01,high_altitude_cruise,5500,38.5,607.8,4.61,32.0,13.34,0.362,14.2,8.0,23.8,73.6,0.23
2026-08-29T09:36:10.676818+00:00,ENG01,high_altitude_cruise,5500,38.5,607.8,4.61,32.0,13.34,0.362,14.2,8.0,23.8,73.6,0.23
2026-08-29T09:36:11.676818+00:00,ENG01,high_altitude_cruise,5500,38.5,607.8,4.61,32.0,13.34,0.373,14.2,8.0,23.8,73.6,0.23
2026-08-29T09:36:12.676818+00:00,ENG01,high_altitude_cruise,5500,38.5,607.8,4.61,32.0,13.34,0.358,14.2,8.0,23.8,73.6,0.23
2026-08-29T09:36:13.676818+00:00,ENG01,high_altitude_cruise,5500,38.5,607.8,4.61,32.0,13.34,0.358,14.2,8.0,23.8,73.6,0.23
2026-08-29T09:36:14.676818+00:00,ENG01,high_altitude_cruise,5500,38.5,607.8,4.61,32.0,13.34,0.37,14.2,8.0,23.8,73.6,0.23
2026-08-29T09:36:15.676818+00:00,ENG01,high_altitude_cruise,5500,38.5,607.8,4.61,32.0,13.34,0.372,14.2,8.0,23.8,73.6,0.23
2026-08-29T09:36:16.676818+00:00,ENG01,high_altitude_cruise,5500,38.5,607.8,4.61,32.0,13.34,0.359,14.2,8.0,23.8,73.6,0.23
2026-08-29T09:36:17.676818+00:00,ENG01,high_altitude_cruise,5500,38.5,607.8,4.61,32.0,13.34,0.361,14.2,8.0,23.8,73.6,0.23
2026-08-29T09:36:18.676818+00:00,ENG01,high_altitude_cruise,5500,38.5,607.8,4.61,32.0,13.34,0.379,14.2,8.0,23.8,73.6,0.23
2026-08-29T09:36:19.676818+00:00,ENG01,high_altitude_cruise,5500,38.5,607.8,4.61,32.0,13.34,0.385,14.2,8.0,23.8,73.6,0.23
2026-08-29T09:36:20.676818+00:00,ENG01,high_altitude_cruise,5500,38.5,607.8,4.61,32.0,13.34,0.36,14.2,8.0,23.8,73.6,0.23
2026-08-29T09:36:21.676818+00:00,ENG01,high_altitude_cruise,5500,38.5,607.8,4.61,32.0,13.34,0.389,14.2,8.0,23.8,73.6,0.23
2026-08-29T09:36:22.676818+00:00,ENG01,high_altitude_cruise,5500,38.5,607.8,4.61,32.0,13.34,0.371,14.2,8.0,23.8,73.6,0.23
2026-08-29T09:36:23.676818+00:00,ENG01,high_altitude_cruise,5500,38.5,607.8,4.61,32.0,13.34,0.378,14.2,8.0,23.8,73.6,0.23
2026-08-29T09:36:24.676818+00:00,ENG01,high_altitude_cruise,5500,38.5,607.8,4.61,32.0,13.34,0.376,14.2,8.0,23.8,73.6,0.23
2026-08-29T09:36:25.676818+00:00,ENG01,high_altitude_cruise,5500,38.5,607.8,4.61,32.0,13.34,0.373,14.2,8.0,23.8,73.6,0.23
2026-08-29T09:36:26.676818+00:00,ENG01,high_altitude_cruise,5500,38.5,607.8,4.61,32.0,13.34,0.383,14.2,8.0,23.8,73.6,0.23
2026-08-29T09:36:27.676818+00:00,ENG01,high_altitude_cruise,5500,38.5,607.8,4.61,32.0,13.34,0.358,14.2,8.0,23.8,73.6,0.23
2026-08-29T09:36:28.676818+00:00,ENG01,high_altitude_cruise,5500,38.5,607.8,4.61,32.0,13.34,0.371,14.2,8.0,23.8,73.6,0.23
2026-08-29T09:36:29.676818+00:00,ENG01,high_altitude_cruise,5500,38.5,607.8,4.61,31.9,13.34,0.369,14.2,8.0,23.8,73.6,0.23
2026-08-29T09:36:30.676818+00:00,ENG01,high_altitude_cruise,5500,38.5,607.8,4.61,31.9,13.34,0.364,14.2,8.0,23.8,73.6,0.23
2026-08-29T09:36:31.676818+00:00,ENG01,high_altitude_cruise,5500,38.5,607.8,4.61,31.9,13.34,0.365,14.2,8.0,23.8,73.6,0.23
2026-08-29T09:36:32.676818+00:00,ENG01,high_altitude_cruise,5500,38.5,607.8,4.61,31.9,13.34,0.365,14.2,8.0,23.8,73.6,0.23
2026-08-29T09:36:33.676818+00:00,ENG01,high_altitude_cruise,5500,38.5,607.8,4.61,31.9,13.34,0.359,14.2,8.0,23.8,73.6,0.23
2026-08-29T09:36:34.676818+00:00,ENG01,high_altitude_cruise,5500,38.5,607.8,4.61,31.9,13.34,0.363,14.2,8.0,23.8,73.6,0.23
2026-08-29T09:36:35.676818+00:00,ENG01,high_altitude_cruise,5500,38.5,607.8,4.61,31.9,13.34,0.367,14.2,8.0,23.8,73.6,0.23
2026-08-29T09:36:36.676818+00:00,ENG01,high_altitude_cruise,5500,38.5,607.8,4.61,31.9,13.34,0.367,14.2,8.0,23.8,73.6,0.23
2026-08-29T09:36:37.676818+00:00,ENG01,high_altitude_cruise,5500,38.5,607.8,4.61,31.9,13.34,0.367,14.2,8.0,23.8,73.6,0.23
2026-08-29T09:36:38.676818+00:00,ENG01,high_altitude_cruise,5500,38.5,607.8,4.61,31.9,13.34,0.367,14.2,8.0,23.8,73.6,0.23
2026-08-29T09:36:39.676818+00:00,ENG01,high_altitude_cruise,5500,38.5,607.8,4.61,31.9,13.34,0.358,14.2,8.0,23.8,73.6,0.23
2026-08-29T09:36:40.676818+00:00,ENG01,high_altitude_cruise,5500,38.5,607.8,4.61,31.9,13.34,0.392,14.2,8.0,23.8,73.6,0.23
2026-08-29T09:36:41.676818+00:00,ENG01,high_altitude_cruise,5500,38.5,607.8,4.61,31.9,13.34,0.374,14.2,8.0,23.8,73.6,0.23
2026-08-29T09:36:42.676818+00:00,ENG01,high_altitude_cruise,5500,38.5,607.8,4.61,31.9,13.34,0.371,14.2,8.0,23.8,73.6,0.23
2026-08-29T09:36:43.676818+00:00,ENG01,high_altitude_cruise,5500,38.5,607.8,4.61,31.9,13.34,0.378,14.2,8.0,23.8,73.6,0.23
2026-08-29T09:36:44.676818+00:00,ENG01,high_altitude_cruise,5500,38.5,607.8,4.61,31.9,13.34,0.362,14.2,8.0,23.8,73.6,0.23
2026-08-29T09:36:45.676818+00:00,ENG01,high_altitude_cruise,5500,38.5,607.8,4.61,31.9,13.34,0.372,14.2,8.0,23.8,73.6,0.23
2026-08-29T09:36:46.676818+00:00,ENG01,high_altitude_cruise,5500,38.5,607.8,4.61,31.9,13.34,0.376,14.2,8.0,23.8,73.6,0.23
2026-08-29T09:36:47.676818+00:00,ENG01,high_altitude_cruise,5500,38.5,607.8,4.61,31.9,13.34,0.378,14.2,8.0,23.8,73.6,0.23
2026-08-29T09:36:48.676818+00:00,ENG01,high_altitude_cruise,5500,38.5,607.8,4.61,31.9,13.34,0.399,14.2,8.0,23.8,73.6,0.23
2026-08-29T09:36:49.676818+00:00,ENG01,high_altitude_cruise,5500,38.5,607.8,4.61,31.9,13.34,0.377,14.2,8.0,23.8,73.6,0.23
2026-08-29T09:36:50.676818+00:00,ENG01,high_altitude_cruise,5500,38.5,607.8,4.61,31.9,13.34,0.364,14.2,8.0,23.8,73.6,0.23
2026-08-29T09:36:51.676818+00:00,ENG01,high_altitude_cruise,5500,38.5,607.8,4.61,31.9,13.34,0.38,14.2,8.0,23.8,73.6,0.23
2026-08-29T09:36:52.676818+00:00,ENG01,high_altitude_cruise,5500,38.5,607.8,4.61,31.9,13.34,0.364,14.2,8.0,23.8,73.6,0.23
2026-08-29T09:36:53.676818+00:00,ENG01,high_altitude_cruise,5500,38.5,607.8,4.61,31.9,13.34,0.363,14.2,8.0,23.8,73.6,0.23
2026-08-29T09:36:54.676818+00:00,ENG01,high_altitude_cruise,5500,38.5,607.8,4.61,31.9,13.34,0.36,14.2,8.0,23.8,73.6,0.23
2026-08-29T09:36:55.676818+00:00,ENG01,high_altitude_cruise,5500,38.5,607.8,4.61,31.9,13.34,0.364,14.2,8.0,23.8,73.6,0.23
2026-08-29T09:36:56.676818+00:00,ENG01,high_altitude_cruise,5500,38.5,607.8,4.61,31.9,13.34,0.402,14.2,8.0,23.8,73.6,0.23
2026-08-29T09:36:57.676818+00:00,ENG01,high_altitude_cruise,5500,38.5,607.8,4.61,31.9,13.34,0.374,14.2,8.0,23.8,73.6,0.23
2026-08-29T09:36:58.676818+00:00,ENG01,high_altitude_cruise,5500,38.5,607.8,4.61,31.9,13.34,0.374,14.2,8.0,23.8,73.6,0.23
2026-08-29T09:36:59.676818+00:00,ENG01,high_altitude_cruise,5500,38.5,607.8,4.61,31.9,13.34,0.367,14.2,8.0,23.8,73.6,0.23
2026-08-29T09:37:00.676818+00:00,ENG01,high_altitude_cruise,5500,38.5,607.8,4.61,31.9,13.34,0.367,14.2,8.0,23.8,73.6,0.23
2026-08-29T09:37:01.676818+00:00,ENG01,high_altitude_cruise,5500,38.5,607.8,4.61,31.9,13.34,0.394,14.2,8.0,23.8,73.6,0.23
2026-08-29T09:37:02.676818+00:00,ENG01,high_altitude_cruise,5500,38.5,607.8,4.61,31.9,13.34,0.358,14.2,8.0,23.8,73.6,0.23
2026-08-29T09:37:03.676818+00:00,ENG01,high_altitude_cruise,5500,38.5,607.8,4.61,31.9,13.34,0.363,14.2,8.0,23.8,73.6,0.23
2026-08-29T09:37:04.676818+00:00,ENG01,high_altitude_cruise,5500,38.5,607.8,4.61,31.9,13.34,0.373,14.2,8.0,23.8,73.6,0.23
2026-08-29T09:37:05.676818+00:00,ENG01,high_altitude_cruise,5500,38.5,607.8,4.61,31.9,13.34,0.365,14.2,8.0,23.8,73.6,0.23
2026-08-29T09:37:06.676818+00:00,ENG01,high_altitude_cruise,5500,38.5,607.8,4.61,31.9,13.34,0.405,14.2,8.0,23.8,73.6,0.23
2026-08-29T09:37:07.676818+00:00,ENG01,high_altitude_cruise,5500,38.5,607.8,4.61,31.9,13.34,0.375,14.2,8.0,23.8,73.6,0.23
2026-08-29T09:37:08.676818+00:00,ENG01,high_altitude_cruise,5500,38.5,607.8,4.61,31.9,13.34,0.384,14.2,8.0,23.8,73.6,0.23
2026-08-29T09:37:09.676818+00:00,ENG01,high_altitude_cruise,5500,38.5,607.8,4.61,31.9,13.34,0.376,14.2,8.0,23.8,73.6,0.23
2026-08-29T09:37:10.676818+00:00,ENG01,high_altitude_cruise,5500,38.5,607.8,4.61,31.9,13.34,0.37,14.2,8.0,23.8,73.6,0.23
2026-08-29T09:37:11.676818+00:00,ENG01,high_altitude_cruise,5500,38.5,607.8,4.61,31.9,13.34,0.36,14.2,8.0,23.8,73.6,0.23
2026-08-29T09:37:12.676818+00:00,ENG01,high_altitude_cruise,5500,38.5,607.8,4.61,31.9,13.34,0.372,14.2,8.0,23.8,73.6,0.23
2026-08-29T09:37:13.676818+00:00,ENG01,high_altitude_cruise,5500,38.5,607.8,4.61,31.9,13.34,0.36,14.2,8.0,23.8,73.6,0.23
2026-08-29T09:37:14.676818+00:00,ENG01,high_altitude_cruise,5500,38.5,607.8,4.61,31.9,13.34,0.366,14.2,8.0,23.8,73.6,0.23
2026-08-29T09:37:15.676818+00:00,ENG01,high_altitude_cruise,5500,38.5,607.8,4.61,31.9,13.34,0.366,14.2,8.0,23.8,73.6,0.23
2026-08-29T09:37:16.676818+00:00,ENG01,high_altitude_cruise,5500,38.5,607.8,4.61,31.9,13.34,0.358,14.2,8.0,23.8,73.6,0.23
2026-08-29T09:37:17.676818+00:00,ENG01,high_altitude_cruise,5500,38.5,607.8,4.61,31.9,13.34,0.378,14.2,8.0,23.8,73.6,0.23
2026-08-29T09:37:18.676818+00:00,ENG01,high_altitude_cruise,5500,38.5,607.8,4.61,31.9,13.34,0.38,14.2,8.0,23.8,73.6,0.23
2026-08-29T09:37:19.676818+00:00,ENG01,high_altitude_cruise,5500,38.5,607.8,4.61,31.9,13.34,0.375,14.2,8.0,23.8,73.6,0.23
2026-08-29T09:37:20.676818+00:00,ENG01,high_altitude_cruise,5500,38.5,607.8,4.61,31.9,13.34,0.371,14.2,8.0,23.8,73.6,0.23
2026-08-29T09:37:21.676818+00:00,ENG01,high_altitude_cruise,5500,38.5,607.8,4.61,31.9,13.34,0.375,14.2,8.0,23.8,73.6,0.23
2026-08-29T09:37:22.676818+00:00,ENG01,high_altitude_cruise,5500,38.5,607.8,4.61,31.9,13.34,0.379,14.2,8.0,23.8,73.6,0.23
2026-08-29T09:37:23.676818+00:00,ENG01,high_altitude_cruise,5500,38.5,607.8,4.61,31.9,13.34,0.393,14.2,8.0,23.8,73.6,0.23
2026-08-29T09:37:24.676818+00:00,ENG01,high_altitude_cruise,5500,38.5,607.8,4.61,31.9,13.34,0.364,14.2,8.0,23.8,73.6,0.23
2026-08-29T09:37:25.676818+00:00,ENG01,high_altitude_cruise,5500,38.5,607.8,4.61,31.9,13.34,0.369,14.2,8.0,23.8,73.6,0.23
2026-08-29T09:37:26.676818+00:00,ENG01,high_altitude_cruise,5500,38.5,607.8,4.61,31.9,13.34,0.372,14.2,8.0,23.8,73.6,0.23
2026-08-29T09:37:27.676818+00:00,ENG01,high_altitude_cruise,5500,38.5,607.8,4.61,31.9,13.34,0.368,14.2,8.0,23.8,73.6,0.23
2026-08-29T09:37:28.676818+00:00,ENG01,high_altitude_cruise,5500,38.5,607.8,4.61,31.9,13.34,0.397,14.2,8.0,23.8,73.6,0.23
2026-08-29T09:37:29.676818+00:00,ENG01,high_altitude_cruise,5500,38.5,607.8,4.61,31.9,13.34,0.418,14.2,8.0,23.8,73.6,0.23
2026-08-29T09:37:30.676818+00:00,ENG01,high_altitude_cruise,5500,38.5,607.8,4.61,31.9,13.34,0.375,14.2,8.0,23.8,73.6,0.23
2026-08-29T09:37:31.676818+00:00,ENG01,high_altitude_cruise,5500,38.5,607.8,4.61,31.9,13.34,0.364,14.2,8.0,23.8,73.6,0.23
2026-08-29T09:37:32.676818+00:00,ENG01,high_altitude_cruise,5500,38.5,607.8,4.61,31.9,13.34,0.382,14.2,8.0,23.8,73.6,0.23
2026-08-29T09:37:33.676818+00:00,ENG01,high_altitude_cruise,5500,38.5,607.8,4.61,31.9,13.34,0.414,14.2,8.0,23.8,73.6,0.23
2026-08-29T09:37:34.676818+00:00,ENG01,high_altitude_cruise,5500,38.5,607.8,4.61,31.9,13.34,0.366,14.2,8.0,23.8,73.6,0.23
2026-08-29T09:37:35.676818+00:00,ENG01,high_altitude_cruise,5500,38.5,607.8,4.61,31.9,13.34,0.375,14.2,8.0,23.8,73.6,0.23
2026-08-29T09:37:36.676818+00:00,ENG01,high_altitude_cruise,5500,38.5,607.8,4.61,31.9,13.34,0.359,14.2,8.0,23.8,73.6,0.23
2026-08-29T09:37:37.676818+00:00,ENG01,high_altitude_cruise,5500,38.5,607.8,4.61,31.9,13.34,0.379,14.2,8.0,23.8,73.6,0.23
2026-08-29T09:37:38.676818+00:00,ENG01,high_altitude_cruise,5500,38.5,607.8,4.61,31.9,13.34,0.362,14.2,8.0,23.8,73.6,0.23
2026-08-29T09:37:39.676818+00:00,ENG01,high_altitude_cruise,5500,38.5,607.8,4.61,31.9,13.34,0.385,14.2,8.0,23.8,73.6,0.23
2026-08-29T09:37:40.676818+00:00,ENG01,high_altitude_cruise,5500,38.5,607.8,4.61,31.9,13.34,0.37,14.2,8.0,23.8,73.6,0.23
2026-08-29T09:37:41.676818+00:00,ENG01,high_altitude_cruise,5500,38.5,607.8,4.61,31.9,13.34,0.363,14.2,8.0,23.8,73.6,0.23
2026-08-29T09:37:42.676818+00:00,ENG01,high_altitude_cruise,5500,38.5,607.8,4.61,31.9,13.34,0.362,14.2,8.0,23.8,73.6,0.23
2026-08-29T09:37:43.676818+00:00,ENG01,high_altitude_cruise,5500,38.5,607.8,4.61,31.9,13.34,0.403,14.2,8.0,23.8,73.6,0.23
2026-08-29T09:37:44.676818+00:00,ENG01,high_altitude_cruise,5500,38.5,607.8,4.61,31.9,13.34,0.359,14.2,8.0,23.8,73.6,0.23
2026-08-29T09:37:45.676818+00:00,ENG01,high_altitude_cruise,5500,38.5,607.8,4.61,31.9,13.34,0.409,14.2,8.0,23.8,73.6,0.23
2026-08-29T09:37:46.676818+00:00,ENG01,high_altitude_cruise,5500,38.5,607.8,4.61,31.9,13.34,0.377,14.2,8.0,23.8,73.6,0.23
2026-08-29T09:37:47.676818+00:00,ENG01,high_altitude_cruise,5500,38.5,607.8,4.61,31.9,13.34,0.364,14.2,8.0,23.8,73.6,0.23
2026-08-29T09:37:48.676818+00:00,ENG01,high_altitude_cruise,5500,38.5,607.8,4.61,31.9,13.34,0.366,14.2,8.0,23.8,73.6,0.23
2026-08-29T09:37:49.676818+00:00,ENG01,high_altitude_cruise,5500,38.5,607.8,4.61,31.9,13.34,0.414,14.2,8.0,23.8,73.6,0.23
2026-08-29T09:37:50.676818+00:00,ENG01,high_altitude_cruise,5500,38.5,607.8,4.61,31.9,13.34,0.377,14.2,8.0,23.8,73.6,0.23
2026-08-29T09:37:51.676818+00:00,ENG01,high_altitude_cruise,5500,38.5,607.8,4.61,31.9,13.34,0.371,14.2,8.0,23.8,73.6,0.23
2026-08-29T09:37:52.676818+00:00,ENG01,high_altitude_cruise,5500,38.5,607.8,4.61,31.9,13.34,0.375,14.2,8.0,23.8,73.6,0.23
2026-08-29T09:37:53.676818+00:00,ENG01,high_altitude_cruise,5500,38.5,607.8,4.61,31.9,13.34,0.358,14.2,8.0,23.8,73.6,0.23
2026-08-29T09:37:54.676818+00:00,ENG01,high_altitude_cruise,5500,38.5,607.8,4.61,31.9,13.34,0.362,14.2,8.0,23.8,73.6,0.23
2026-08-29T09:37:55.676818+00:00,ENG01,high_altitude_cruise,5500,38.5,607.8,4.61,31.9,13.34,0.371,14.2,8.0,23.8,73.6,0.23
2026-08-29T09:37:56.676818+00:00,ENG01,high_altitude_cruise,5500,38.5,607.8,4.61,31.9,13.34,0.36,14.2,8.0,23.8,73.6,0.23
2026-08-29T09:37:57.676818+00:00,ENG01,high_altitude_cruise,5500,38.5,607.8,4.61,31.9,13.34,0.361,14.2,8.0,23.8,73.6,0.23
2026-08-29T09:37:58.676818+00:00,ENG01,high_altitude_cruise,5500,38.5,607.8,4.61,31.9,13.34,0.371,14.2,8.0,23.8,73.6,0.23
2026-08-29T09:37:59.676818+00:00,ENG01,high_altitude_cruise,5500,38.5,607.8,4.61,31.9,13.34,0.385,14.2,8.0,23.8,73.6,0.23
2026-08-29T09:38:00.676818+00:00,ENG01,high_altitude_cruise,5500,38.5,607.8,4.61,31.9,13.34,0.362,14.2,8.0,23.8,73.6,0.23
2026-08-29T09:38:01.676818+00:00,ENG01,high_altitude_cruise,5500,38.5,607.8,4.61,31.9,13.34,0.383,14.2,8.0,23.8,73.6,0.23
2026-08-29T09:38:02.676818+00:00,ENG01,high_altitude_cruise,5500,38.5,607.8,4.61,31.9,13.34,0.4,14.2,8.0,23.8,73.6,0.23
2026-08-29T09:38:03.676818+00:00,ENG01,high_altitude_cruise,5500,38.5,607.8,4.61,31.9,13.34,0.373,14.2,8.0,23.8,73.6,0.23
2026-08-29T09:38:04.676818+00:00,ENG01,high_altitude_cruise,5500,38.5,607.8,4.61,31.9,13.34,0.361,14.2,8.0,23.8,73.6,0.23
2026-08-29T09:38:05.676818+00:00,ENG01,high_altitude_cruise,5500,38.5,607.8,4.61,31.9,13.34,0.362,14.2,8.0,23.8,73.6,0.23
2026-08-29T09:38:06.676818+00:00,ENG01,high_altitude_cruise,5500,38.5,607.8,4.61,31.9,13.34,0.364,14.2,8.0,23.8,73.6,0.23
2026-08-29T09:38:07.676818+00:00,ENG01,high_altitude_cruise,5500,38.5,607.8,4.61,31.9,13.34,0.366,14.2,8.0,23.8,73.6,0.23
2026-08-29T09:38:08.676818+00:00,ENG01,high_altitude_cruise,5500,38.5,607.8,4.61,31.9,13.34,0.375,14.2,8.0,23.8,73.6,0.23
2026-08-29T09:38:09.676818+00:00,ENG01,high_altitude_cruise,5500,38.5,607.8,4.61,31.9,13.34,0.377,14.2,8.0,23.8,73.6,0.23
2026-08-29T09:38:10.676818+00:00,ENG01,high_altitude_cruise,5500,38.5,607.8,4.61,31.9,13.34,0.361,14.2,8.0,23.8,73.6,0.23
2026-08-29T09:38:11.676818+00:00,ENG01,high_altitude_cruise,5500,38.5,607.8,4.61,31.9,13.34,0.394,14.2,8.0,23.8,73.6,0.23
2026-08-29T09:38:12.676818+00:00,ENG01,high_altitude_cruise,5500,38.5,607.8,4.61,31.9,13.34,0.375,14.2,8.0,23.8,73.6,0.23
2026-08-29T09:38:13.676818+00:00,ENG01,high_altitude_cruise,5500,38.5,607.8,4.61,31.9,13.34,0.369,14.2,8.0,23.8,73.6,0.23
2026-08-29T09:38:14.676818+00:00,ENG01,high_altitude_cruise,5500,38.5,607.8,4.61,31.9,13.34,0.386,14.2,8.0,23.8,73.6,0.23
2026-08-29T09:38:15.676818+00:00,ENG01,high_altitude_cruise,5500,38.5,607.8,4.61,31.9,13.34,0.374,14.2,8.0,23.8,73.6,0.23
2026-08-29T09:38:16.676818+00:00,ENG01,loiter,4000,38.6,597.5,2.65,31.9,8.96,0.239,14.2,8.0,18.3,61.5,0.138
2026-08-29T09:38:17.676818+00:00,ENG01,loiter,4000,38.8,588.4,2.65,31.9,8.96,0.268,14.2,8.0,18.3,61.5,0.138
2026-08-29T09:38:18.676818+00:00,ENG01,loiter,4000,38.9,580.3,2.65,31.9,8.96,0.25,14.2,8.0,18.3,61.5,0.138
2026-08-29T09:38:19.676818+00:00,ENG01,loiter,4000,39.0,573.2,2.65,31.9,8.96,0.266,14.2,8.0,18.3,61.5,0.138
2026-08-29T09:38:20.676818+00:00,ENG01,loiter,4000,39.2,566.9,2.65,31.9,8.96,0.242,14.2,8.0,18.3,61.5,0.138
2026-08-29T09:38:21.676818+00:00,ENG01,loiter,4000,39.3,561.4,2.65,32.0,8.96,0.257,14.2,8.0,18.3,61.5,0.138
2026-08-29T09:38:22.676818+00:00,ENG01,loiter,4000,39.4,556.5,2.65,32.0,8.96,0.255,14.2,8.0,18.3,61.5,0.138
2026-08-29T09:38:23.676818+00:00,ENG01,loiter,4000,39.6,552.2,2.65,32.0,8.96,0.247,14.2,8.0,18.3,61.5,0.138
2026-08-29T09:38:24.676818+00:00,ENG01,loiter,4000,39.7,548.4,2.65,32.0,8.96,0.243,14.2,8.0,18.3,61.5,0.138
2026-08-29T09:38:25.676818+00:00,ENG01,loiter,4000,39.8,545.1,2.65,32.0,8.96,0.263,14.2,8.0,18.3,61.5,0.138
2026-08-29T09:38:26.676818+00:00,ENG01,loiter,4000,40.0,542.1,2.65,32.1,8.96,0.24,14.2,8.0,18.3,61.5,0.138
2026-08-29T09:38:27.676818+00:00,ENG01,loiter,4000,40.1,539.5,2.65,32.1,8.96,0.236,14.2,8.0,18.3,61.5,0.138
2026-08-29T09:38:28.676818+00:00,ENG01,loiter,4000,40.2,537.2,2.65,32.1,8.96,0.265,14.2,8.0,18.3,61.5,0.138
2026-08-29T09:38:29.676818+00:00,ENG01,loiter,4000,40.3,535.1,2.65,32.1,8.96,0.244,14.2,8.0,18.3,61.5,0.138
2026-08-29T09:38:30.676818+00:00,ENG01,loiter,4000,40.5,533.4,2.65,32.2,8.96,0.254,14.2,8.0,18.3,61.5,0.138
2026-08-29T09:38:31.676818+00:00,ENG01,loiter,4000,40.6,531.8,2.65,32.2,8.96,0.263,14.2,8.0,18.3,61.5,0.138
2026-08-29T09:38:32.676818+00:00,ENG01,loiter,4000,40.7,530.4,2.65,32.2,8.96,0.267,14.2,8.0,18.3,61.5,0.138
2026-08-29T09:38:33.676818+00:00,ENG01,loiter,4000,40.8,529.1,2.65,32.2,8.96,0.253,14.2,8.0,18.3,61.5,0.138
2026-08-29T09:38:34.676818+00:00,ENG01,loiter,4000,41.0,528.0,2.65,32.3,8.96,0.242,14.2,8.0,18.3,61.5,0.138
2026-08-29T09:38:35.676818+00:00,ENG01,loiter,4000,41.1,527.1,2.65,32.3,8.96,0.243,14.2,8.0,18.3,61.5,0.138
2026-08-29T09:38:36.676818+00:00,ENG01,loiter,4000,41.2,526.2,2.65,32.3,8.96,0.248,14.2,8.0,18.3,61.5,0.138
2026-08-29T09:38:37.676818+00:00,ENG01,loiter,4000,41.3,525.5,2.65,32.3,8.96,0.255,14.2,8.0,18.3,61.5,0.138
2026-08-29T09:38:38.676818+00:00,ENG01,loiter,4000,41.4,524.8,2.65,32.4,8.96,0.267,14.2,8.0,18.3,61.5,0.138
2026-08-29T09:38:39.676818+00:00,ENG01,loiter,4000,41.6,524.2,2.65,32.4,8.96,0.235,14.2,8.0,18.3,61.5,0.138
2026-08-29T09:38:40.676818+00:00,ENG01,loiter,4000,41.7,523.7,2.65,32.4,8.96,0.245,14.2,8.0,18.3,61.5,0.138
2026-08-29T09:38:41.676818+00:00,ENG01,loiter,4000,41.8,523.3,2.65,32.4,8.96,0.244,14.2,8.0,18.3,61.5,0.138
2026-08-29T09:38:42.676818+00:00,ENG01,loiter,4000,41.9,522.9,2.65,32.5,8.96,0.257,14.2,8.0,18.3,61.5,0.138
2026-08-29T09:38:43.676818+00:00,ENG01,loiter,4000,42.0,522.5,2.65,32.5,8.96,0.239,14.2,8.0,18.3,61.5,0.138
2026-08-29T09:38:44.676818+00:00,ENG01,loiter,4000,42.1,522.2,2.65,32.5,8.96,0.247,14.2,8.0,18.3,61.5,0.138
2026-08-29T09:38:45.676818+00:00,ENG01,loiter,4000,42.2,521.9,2.65,32.5,8.96,0.252,14.2,8.0,18.3,61.5,0.138
2026-08-29T09:38:46.676818+00:00,ENG01,loiter,4000,42.4,521.7,2.65,32.6,8.96,0.234,14.2,8.0,18.3,61.5,0.138
2026-08-29T09:38:47.676818+00:00,ENG01,loiter,4000,42.5,521.5,2.65,32.6,8.96,0.239,14.2,8.0,18.3,61.5,0.138
2026-08-29T09:38:48.676818+00:00,ENG01,loiter,4000,42.6,521.3,2.65,32.6,8.96,0.235,14.2,8.0,18.3,61.5,0.138
2026-08-29T09:38:49.676818+00:00,ENG01,loiter,4000,42.7,521.1,2.65,32.6,8.96,0.253,14.2,8.0,18.3,61.5,0.138
2026-08-29T09:38:50.676818+00:00,ENG01,loiter,4000,42.8,521.0,2.65,32.7,8.96,0.258,14.2,8.0,18.3,61.5,0.138
2026-08-29T09:38:51.676818+00:00,ENG01,loiter,4000,42.9,520.8,2.65,32.7,8.96,0.242,14.2,8.0,18.3,61.5,0.138
2026-08-29T09:38:52.676818+00:00,ENG01,loiter,4000,43.0,520.7,2.65,32.7,8.96,0.247,14.2,8.0,18.3,61.5,0.138
2026-08-29T09:38:53.676818+00:00,ENG01,loiter,4000,43.1,520.6,2.65,32.8,8.96,0.233,14.2,8.0,18.3,61.5,0.138
2026-08-29T09:38:54.676818+00:00,ENG01,loiter,4000,43.2,520.5,2.65,32.8,8.96,0.238,14.2,8.0,18.3,61.5,0.138
2026-08-29T09:38:55.676818+00:00,ENG01,loiter,4000,43.3,520.5,2.65,32.8,8.96,0.252,14.2,8.0,18.3,61.5,0.138
2026-08-29T09:38:56.676818+00:00,ENG01,loiter,4000,43.4,520.4,2.65,32.8,8.96,0.238,14.2,8.0,18.3,61.5,0.138
2026-08-29T09:38:57.676818+00:00,ENG01,loiter,4000,43.5,520.3,2.65,32.9,8.96,0.239,14.2,8.0,18.3,61.5,0.138
2026-08-29T09:38:58.676818+00:00,ENG01,loiter,4000,43.6,520.3,2.65,32.9,8.96,0.238,14.2,8.0,18.3,61.5,0.138
2026-08-29T09:38:59.676818+00:00,ENG01,loiter,4000,43.7,520.2,2.65,32.9,8.96,0.235,14.2,8.0,18.3,61.5,0.138
2026-08-29T09:39:00.676818+00:00,ENG01,loiter,4000,43.8,520.2,2.65,33.0,8.96,0.239,14.2,8.0,18.3,61.5,0.138
2026-08-29T09:39:01.676818+00:00,ENG01,loiter,4000,43.9,520.1,2.65,33.0,8.96,0.238,14.2,8.0,18.3,61.5,0.138
2026-08-29T09:39:02.676818+00:00,ENG01,loiter,4000,44.0,520.1,2.65,33.0,8.96,0.267,14.2,8.0,18.3,61.5,0.138
2026-08-29T09:39:03.676818+00:00,ENG01,loiter,4000,44.1,520.1,2.65,33.1,8.96,0.233,14.2,8.0,18.3,61.5,0.138
2026-08-29T09:39:04.676818+00:00,ENG01,loiter,4000,44.2,520.1,2.65,33.1,8.96,0.24,14.2,8.0,18.3,61.5,0.138
2026-08-29T09:39:05.676818+00:00,ENG01,loiter,4000,44.3,520.0,2.65,33.1,8.96,0.241,14.2,8.0,18.3,61.5,0.138
2026-08-29T09:39:06.676818+00:00,ENG01,loiter,4000,44.4,520.0,2.65,33.2,8.96,0.254,14.2,8.0,18.3,61.5,0.138
2026-08-29T09:39:07.676818+00:00,ENG01,loiter,4000,44.5,520.0,2.65,33.2,8.96,0.241,14.2,8.0,18.3,61.5,0.138
2026-08-29T09:39:08.676818+00:00,ENG01,loiter,4000,44.6,520.0,2.65,33.2,8.96,0.24,14.2,8.0,18.3,61.5,0.138
2026-08-29T09:39:09.676818+00:00,ENG01,loiter,4000,44.7,520.0,2.65,33.3,8.96,0.243,14.2,8.0,18.3,61.5,0.138
2026-08-29T09:39:10.676818+00:00,ENG01,loiter,4000,44.8,520.0,2.65,33.3,8.96,0.257,14.2,8.0,18.3,61.5,0.138
2026-08-29T09:39:11.676818+00:00,ENG01,loiter,4000,44.9,519.9,2.65,33.3,8.96,0.254,14.2,8.0,18.3,61.5,0.138
2026-08-29T09:39:12.676818+00:00,ENG01,loiter,4000,45.0,519.9,2.65,33.4,8.96,0.233,14.2,8.0,18.3,61.5,0.138
2026-08-29T09:39:13.676818+00:00,ENG01,loiter,4000,45.1,519.9,2.65,33.4,8.96,0.24,14.2,8.0,18.3,61.5,0.138
2026-08-29T09:39:14.676818+00:00,ENG01,loiter,4000,45.2,519.9,2.65,33.4,8.96,0.236,14.2,8.0,18.3,61.5,0.138
2026-08-29T09:39:15.676818+00:00,ENG01,loiter,4000,45.3,519.9,2.65,33.5,8.96,0.25,14.2,8.0,18.3,61.5,0.138
2026-08-29T09:39:16.676818+00:00,ENG01,loiter,4000,45.4,519.9,2.65,33.5,8.96,0.24,14.2,8.0,18.3,61.5,0.138
2026-08-29T09:39:17.676818+00:00,ENG01,loiter,4000,45.5,519.9,2.65,33.5,8.96,0.237,14.2,8.0,18.3,61.5,0.138
2026-08-29T09:39:18.676818+00:00,ENG01,loiter,4000,45.6,519.9,2.65,33.6,8.96,0.243,14.2,8.0,18.3,61.5,0.138
2026-08-29T09:39:19.676818+00:00,ENG01,loiter,4000,45.6,519.9,2.65,33.6,8.96,0.251,14.2,8.0,18.3,61.5,0.138
2026-08-29T09:39:20.676818+00:00,ENG01,loiter,4000,45.7,519.9,2.65,33.6,8.96,0.243,14.2,8.0,18.3,61.5,0.138
2026-08-29T09:39:21.676818+00:00,ENG01,loiter,4000,45.8,519.9,2.65,33.7,8.96,0.247,14.2,8.0,18.3,61.5,0.138
2026-08-29T09:39:22.676818+00:00,ENG01,loiter,4000,45.9,519.9,2.65,33.7,8.96,0.236,14.2,8.0,18.3,61.5,0.138
2026-08-29T09:39:23.676818+00:00,ENG01,loiter,4000,46.0,519.9,2.65,33.7,8.96,0.235,14.2,8.0,18.3,61.5,0.138
2026-08-29T09:39:24.676818+00:00,ENG01,loiter,4000,46.1,519.9,2.65,33.8,8.96,0.253,14.2,8.0,18.3,61.5,0.138
2026-08-29T09:39:25.676818+00:00,ENG01,loiter,4000,46.2,519.9,2.65,33.8,8.96,0.288,14.2,8.0,18.3,61.5,0.138
2026-08-29T09:39:26.676818+00:00,ENG01,loiter,4000,46.2,519.9,2.65,33.8,8.96,0.278,14.2,8.0,18.3,61.5,0.138
2026-08-29T09:39:27.676818+00:00,ENG01,loiter,4000,46.3,519.9,2.65,33.9,8.96,0.273,14.2,8.0,18.3,61.5,0.138
2026-08-29T09:39:28.676818+00:00,ENG01,loiter,4000,46.4,519.9,2.65,33.9,8.96,0.243,14.2,8.0,18.3,61.5,0.138
2026-08-29T09:39:29.676818+00:00,ENG01,loiter,4000,46.5,519.9,2.65,33.9,8.96,0.237,14.2,8.0,18.3,61.5,0.138
2026-08-29T09:39:30.676818+00:00,ENG01,loiter,4000,46.6,519.9,2.65,34.0,8.96,0.268,14.2,8.0,18.3,61.5,0.138
2026-08-29T09:39:31.676818+00:00,ENG01,loiter,4000,46.7,519.9,2.65,34.0,8.96,0.243,14.2,8.0,18.3,61.5,0.138
2026-08-29T09:39:32.676818+00:00,ENG01,loiter,4000,46.7,519.9,2.65,34.0,8.96,0.239,14.2,8.0,18.3,61.5,0.138
2026-08-29T09:39:33.676818+00:00,ENG01,loiter,4000,46.8,519.9,2.65,34.1,8.96,0.251,14.2,8.0,18.3,61.5,0.138
2026-08-29T09:39:34.676818+00:00,ENG01,loiter,4000,46.9,519.9,2.65,34.1,8.96,0.235,14.2,8.0,18.3,61.5,0.138
2026-08-29T09:39:35.676818+00:00,ENG01,loiter,4000,47.0,519.9,2.65,34.1,8.96,0.272,14.2,8.0,18.3,61.5,0.138
2026-08-29T09:39:36.676818+00:00,ENG01,loiter,4000,47.1,519.9,2.65,34.2,8.96,0.238,14.2,8.0,18.3,61.5,0.138
2026-08-29T09:39:37.676818+00:00,ENG01,loiter,4000,47.1,519.9,2.65,34.2,8.96,0.237,14.2,8.0,18.3,61.5,0.138
2026-08-29T09:39:38.676818+00:00,ENG01,loiter,4000,47.2,519.9,2.65,34.3,8.96,0.276,14.2,8.0,18.3,61.5,0.138
2026-08-29T09:39:39.676818+00:00,ENG01,loiter,4000,47.3,519.9,2.65,34.3,8.96,0.247,14.2,8.0,18.3,61.5,0.138
2026-08-29T09:39:40.676818+00:00,ENG01,loiter,4000,47.4,519.9,2.65,34.3,8.96,0.258,14.2,8.0,18.3,61.5,0.138
2026-08-29T09:39:41.676818+00:00,ENG01,loiter,4000,47.4,519.9,2.65,34.4,8.96,0.26,14.2,8.0,18.3,61.5,0.138
2026-08-29T09:39:42.676818+00:00,ENG01,loiter,4000,47.5,519.9,2.65,34.4,8.96,0.263,14.2,8.0,18.3,61.5,0.138
2026-08-29T09:39:43.676818+00:00,ENG01,loiter,4000,47.6,519.9,2.65,34.4,8.96,0.235,14.2,8.0,18.3,61.5,0.138
2026-08-29T09:39:44.676818+00:00,ENG01,loiter,4000,47.7,519.9,2.65,34.5,8.96,0.249,14.2,8.0,18.3,61.5,0.138
2026-08-29T09:39:45.676818+00:00,ENG01,loiter,4000,47.7,519.9,2.65,34.5,8.96,0.247,14.2,8.0,18.3,61.5,0.138
2026-08-29T09:39:46.676818+00:00,ENG01,loiter,4000,47.8,519.9,2.65,34.5,8.96,0.246,14.2,8.0,18.3,61.5,0.138
2026-08-29T09:39:47.676818+00:00,ENG01,loiter,4000,47.9,519.9,2.65,34.6,8.96,0.235,14.2,8.0,18.3,61.5,0.138
2026-08-29T09:39:48.676818+00:00,ENG01,loiter,4000,48.0,519.9,2.65,34.6,8.96,0.246,14.2,8.0,18.3,61.5,0.138
2026-08-29T09:39:49.676818+00:00,ENG01,loiter,4000,48.0,519.9,2.65,34.7,8.96,0.236,14.2,8.0,18.3,61.5,0.138
2026-08-29T09:39:50.676818+00:00,ENG01,loiter,4000,48.1,519.9,2.65,34.7,8.96,0.248,14.2,8.0,18.3,61.5,0.138
2026-08-29T09:39:51.676818+00:00,ENG01,loiter,4000,48.2,519.9,2.65,34.7,8.96,0.235,14.2,8.0,18.3,61.5,0.138
2026-08-29T09:39:52.676818+00:00,ENG01,loiter,4000,48.2,519.9,2.65,34.8,8.96,0.265,14.2,8.0,18.3,61.5,0.138
2026-08-29T09:39:53.676818+00:00,ENG01,loiter,4000,48.3,519.9,2.65,34.8,8.96,0.236,14.2,8.0,18.3,61.5,0.138
2026-08-29T09:39:54.676818+00:00,ENG01,loiter,4000,48.4,519.9,2.65,34.8,8.96,0.252,14.2,8.0,18.3,61.5,0.138
2026-08-29T09:39:55.676818+00:00,ENG01,loiter,4000,48.4,519.9,2.65,34.9,8.96,0.257,14.2,8.0,18.3,61.5,0.138
2026-08-29T09:39:56.676818+00:00,ENG01,loiter,4000,48.5,519.9,2.65,34.9,8.96,0.259,14.2,8.0,18.3,61.5,0.138
2026-08-29T09:39:57.676818+00:00,ENG01,loiter,4000,48.6,519.9,2.65,35.0,8.96,0.236,14.2,8.0,18.3,61.5,0.138
2026-08-29T09:39:58.676818+00:00,ENG01,loiter,4000,48.6,519.9,2.65,35.0,8.96,0.236,14.2,8.0,18.3,61.5,0.138
2026-08-29T09:39:59.676818+00:00,ENG01,loiter,4000,48.7,519.9,2.65,35.0,8.96,0.238,14.2,8.0,18.3,61.5,0.138
2026-08-29T09:40:00.676818+00:00,ENG01,loiter,4000,48.8,519.9,2.65,35.1,8.96,0.241,14.2,8.0,18.3,61.5,0.138
2026-08-29T09:40:01.676818+00:00,ENG01,loiter,4000,48.8,519.9,2.65,35.1,8.96,0.247,14.2,8.0,18.3,61.5,0.138
2026-08-29T09:40:02.676818+00:00,ENG01,loiter,4000,48.9,519.9,2.65,35.1,8.96,0.239,14.2,8.0,18.3,61.5,0.138
2026-08-29T09:40:03.676818+00:00,ENG01,loiter,4000,49.0,519.9,2.65,35.2,8.96,0.26,14.2,8.0,18.3,61.5,0.138
2026-08-29T09:40:04.676818+00:00,ENG01,loiter,4000,49.0,519.9,2.65,35.2,8.96,0.26,14.2,8.0,18.3,61.5,0.138
2026-08-29T09:40:05.676818+00:00,ENG01,loiter,4000,49.1,519.9,2.65,35.3,8.96,0.242,14.2,8.0,18.3,61.5,0.138
2026-08-29T09:40:06.676818+00:00,ENG01,loiter,4000,49.2,519.9,2.65,35.3,8.96,0.252,14.2,8.0,18.3,61.5,0.138
2026-08-29T09:40:07.676818+00:00,ENG01,loiter,4000,49.2,519.9,2.65,35.3,8.96,0.234,14.2,8.0,18.3,61.5,0.138
2026-08-29T09:40:08.676818+00:00,ENG01,loiter,4000,49.3,519.9,2.65,35.4,8.96,0.238,14.2,8.0,18.3,61.5,0.138
2026-08-29T09:40:09.676818+00:00,ENG01,loiter,4000,49.4,519.9,2.65,35.4,8.96,0.271,14.2,8.0,18.3,61.5,0.138
2026-08-29T09:40:10.676818+00:00,ENG01,loiter,4000,49.4,519.9,2.65,35.5,8.96,0.254,14.2,8.0,18.3,61.5,0.138
2026-08-29T09:40:11.676818+00:00,ENG01,loiter,4000,49.5,519.9,2.65,35.5,8.96,0.266,14.2,8.0,18.3,61.5,0.138
2026-08-29T09:40:12.676818+00:00,ENG01,loiter,4000,49.5,519.9,2.65,35.5,8.96,0.273,14.2,8.0,18.3,61.5,0.138
2026-08-29T09:40:13.676818+00:00,ENG01,loiter,4000,49.6,519.9,2.65,35.6,8.96,0.237,14.2,8.0,18.3,61.5,0.138
2026-08-29T09:40:14.676818+00:00,ENG01,loiter,4000,49.7,519.9,2.65,35.6,8.96,0.241,14.2,8.0,18.3,61.5,0.138
2026-08-29T09:40:15.676818+00:00,ENG01,loiter,4000,49.7,519.9,2.65,35.6,8.96,0.244,14.2,8.0,18.3,61.5,0.138
2026-08-29T09:40:16.676818+00:00,ENG01,loiter,4000,49.8,519.9,2.65,35.7,8.96,0.273,14.2,8.0,18.3,61.5,0.138
2026-08-29T09:40:17.676818+00:00,ENG01,loiter,4000,49.8,519.9,2.65,35.7,8.96,0.27,14.2,8.0,18.3,61.5,0.138
2026-08-29T09:40:18.676818+00:00,ENG01,loiter,4000,49.9,519.9,2.65,35.8,8.96,0.247,14.2,8.0,18.3,61.5,0.138
2026-08-29T09:40:19.676818+00:00,ENG01,loiter,4000,49.9,519.9,2.65,35.8,8.96,0.243,14.2,8.0,18.3,61.5,0.138
2026-08-29T09:40:20.676818+00:00,ENG01,loiter,4000,50.0,519.9,2.65,35.8,8.96,0.249,14.2,8.0,18.3,61.5,0.138
2026-08-29T09:40:21.676818+00:00,ENG01,loiter,4000,50.1,519.9,2.65,35.9,8.96,0.251,14.2,8.0,18.3,61.5,0.138
2026-08-29T09:40:22.676818+00:00,ENG01,loiter,4000,50.1,519.9,2.65,35.9,8.96,0.242,14.2,8.0,18.3,61.5,0.138
2026-08-29T09:40:23.676818+00:00,ENG01,loiter,4000,50.2,519.9,2.65,36.0,8.96,0.254,14.2,8.0,18.3,61.5,0.138
2026-08-29T09:40:24.676818+00:00,ENG01,loiter,4000,50.2,519.9,2.65,36.0,8.96,0.277,14.2,8.0,18.3,61.5,0.138
2026-08-29T09:40:25.676818+00:00,ENG01,loiter,4000,50.3,519.9,2.65,36.0,8.96,0.245,14.2,8.0,18.3,61.5,0.138
2026-08-29T09:40:26.676818+00:00,ENG01,loiter,4000,50.3,519.9,2.65,36.1,8.96,0.248,14.2,8.0,18.3,61.5,0.138
2026-08-29T09:40:27.676818+00:00,ENG01,loiter,4000,50.4,519.9,2.65,36.1,8.96,0.235,14.2,8.0,18.3,61.5,0.138
2026-08-29T09:40:28.676818+00:00,ENG01,loiter,4000,50.4,519.9,2.65,36.1,8.96,0.25,14.2,8.0,18.3,61.5,0.138
2026-08-29T09:40:29.676818+00:00,ENG01,loiter,4000,50.5,519.9,2.65,36.2,8.96,0.236,14.2,8.0,18.3,61.5,0.138
2026-08-29T09:40:30.676818+00:00,ENG01,loiter,4000,50.6,519.9,2.65,36.2,8.96,0.242,14.2,8.0,18.3,61.5,0.138
2026-08-29T09:40:31.676818+00:00,ENG01,loiter,4000,50.6,519.9,2.65,36.3,8.96,0.24,14.2,8.0,18.3,61.5,0.138
2026-08-29T09:40:32.676818+00:00,ENG01,loiter,4000,50.7,519.9,2.65,36.3,8.96,0.243,14.2,8.0,18.3,61.5,0.138
2026-08-29T09:40:33.676818+00:00,ENG01,loiter,4000,50.7,519.9,2.65,36.3,8.96,0.248,14.2,8.0,18.3,61.5,0.138
2026-08-29T09:40:34.676818+00:00,ENG01,loiter,4000,50.8,519.9,2.65,36.4,8.96,0.243,14.2,8.0,18.3,61.5,0.138
2026-08-29T09:40:35.676818+00:00,ENG01,loiter,4000,50.8,519.9,2.65,36.4,8.96,0.243,14.2,8.0,18.3,61.5,0.138
2026-08-29T09:40:36.676818+00:00,ENG01,loiter,4000,50.9,519.9,2.65,36.5,8.96,0.256,14.2,8.0,18.3,61.5,0.138
2026-08-29T09:40:37.676818+00:00,ENG01,loiter,4000,50.9,519.9,2.65,36.5,8.96,0.236,14.2,8.0,18.3,61.5,0.138
2026-08-29T09:40:38.676818+00:00,ENG01,loiter,4000,51.0,519.9,2.65,36.5,8.96,0.243,14.2,8.0,18.3,61.5,0.138
2026-08-29T09:40:39.676818+00:00,ENG01,loiter,4000,51.0,519.9,2.65,36.6,8.96,0.259,14.2,8.0,18.3,61.5,0.138
2026-08-29T09:40:40.676818+00:00,ENG01,loiter,4000,51.1,519.9,2.65,36.6,8.96,0.263,14.2,8.0,18.3,61.5,0.138
2026-08-29T09:40:41.676818+00:00,ENG01,loiter,4000,51.1,519.9,2.65,36.6,8.96,0.262,14.2,8.0,18.3,61.5,0.138
2026-08-29T09:40:42.676818+00:00,ENG01,loiter,4000,51.2,519.9,2.65,36.7,8.96,0.235,14.2,8.0,18.3,61.5,0.138
2026-08-29T09:40:43.676818+00:00,ENG01,loiter,4000,51.2,519.9,2.65,36.7,8.96,0.237,14.2,8.0,18.3,61.5,0.138
2026-08-29T09:40:44.676818+00:00,ENG01,loiter,4000,51.3,519.9,2.65,36.8,8.96,0.248,14.2,8.0,18.3,61.5,0.138
2026-08-29T09:40:45.676818+00:00,ENG01,loiter,4000,51.3,519.9,2.65,36.8,8.96,0.238,14.2,8.0,18.3,61.5,0.138
2026-08-29T09:40:46.676818+00:00,ENG01,loiter,4000,51.4,519.9,2.65,36.8,8.96,0.257,14.2,8.0,18.3,61.5,0.138
2026-08-29T09:40:47.676818+00:00,ENG01,loiter,4000,51.4,519.9,2.65,36.9,8.96,0.267,14.2,8.0,18.3,61.5,0.138
2026-08-29T09:40:48.676818+00:00,ENG01,loiter,4000,51.5,519.9,2.65,36.9,8.96,0.237,14.2,8.0,18.3,61.5,0.138
2026-08-29T09:40:49.676818+00:00,ENG01,loiter,4000,51.5,519.9,2.65,37.0,8.96,0.24,14.2,8.0,18.3,61.5,0.138
2026-08-29T09:40:50.676818+00:00,ENG01,loiter,4000,51.5,519.9,2.65,37.0,8.96,0.27,14.2,8.0,18.3,61.5,0.138
2026-08-29T09:40:51.676818+00:00,ENG01,loiter,4000,51.6,519.9,2.65,37.0,8.96,0.267,14.2,8.0,18.3,61.5,0.138
2026-08-29T09:40:52.676818+00:00,ENG01,loiter,4000,51.6,519.9,2.65,37.1,8.96,0.254,14.2,8.0,18.3,61.5,0.138
2026-08-29T09:40:53.676818+00:00,ENG01,loiter,4000,51.7,519.9,2.65,37.1,8.96,0.251,14.2,8.0,18.3,61.5,0.138
2026-08-29T09:40:54.676818+00:00,ENG01,loiter,4000,51.7,519.9,2.65,37.2,8.96,0.235,14.2,8.0,18.3,61.5,0.138
2026-08-29T09:40:55.676818+00:00,ENG01,loiter,4000,51.8,519.9,2.65,37.2,8.96,0.247,14.2,8.0,18.3,61.5,0.138
2026-08-29T09:40:56.676818+00:00,ENG01,loiter,4000,51.8,519.9,2.65,37.2,8.96,0.263,14.2,8.0,18.3,61.5,0.138
2026-08-29T09:40:57.676818+00:00,ENG01,loiter,4000,51.9,519.9,2.65,37.3,8.96,0.276,14.2,8.0,18.3,61.5,0.138
2026-08-29T09:40:58.676818+00:00,ENG01,loiter,4000,51.9,519.9,2.65,37.3,8.96,0.248,14.2,8.0,18.3,61.5,0.138
2026-08-29T09:40:59.676818+00:00,ENG01,loiter,4000,51.9,519.9,2.65,37.3,8.96,0.242,14.2,8.0,18.3,61.5,0.138
2026-08-29T09:41:00.676818+00:00,ENG01,loiter,4000,52.0,519.9,2.65,37.4,8.96,0.246,14.2,8.0,18.3,61.5,0.138
2026-08-29T09:41:01.676818+00:00,ENG01,loiter,4000,52.0,519.9,2.65,37.4,8.96,0.236,14.2,8.0,18.3,61.5,0.138
2026-08-29T09:41:02.676818+00:00,ENG01,loiter,4000,52.1,519.9,2.65,37.5,8.96,0.249,14.2,8.0,18.3,61.5,0.138
2026-08-29T09:41:03.676818+00:00,ENG01,loiter,4000,52.1,519.9,2.65,37.5,8.96,0.252,14.2,8.0,18.3,61.5,0.138
2026-08-29T09:41:04.676818+00:00,ENG01,loiter,4000,52.2,519.9,2.65,37.5,8.96,0.245,14.2,8.0,18.3,61.5,0.138
2026-08-29T09:41:05.676818+00:00,ENG01,loiter,4000,52.2,519.9,2.65,37.6,8.96,0.271,14.2,8.0,18.3,61.5,0.138
2026-08-29T09:41:06.676818+00:00,ENG01,loiter,4000,52.2,519.9,2.65,37.6,8.96,0.244,14.2,8.0,18.3,61.5,0.138
2026-08-29T09:41:07.676818+00:00,ENG01,loiter,4000,52.3,519.9,2.65,37.6,8.96,0.262,14.2,8.0,18.3,61.5,0.138
2026-08-29T09:41:08.676818+00:00,ENG01,loiter,4000,52.3,519.9,2.65,37.7,8.96,0.243,14.2,8.0,18.3,61.5,0.138
2026-08-29T09:41:09.676818+00:00,ENG01,loiter,4000,52.4,519.9,2.65,37.7,8.96,0.234,14.2,8.0,18.3,61.5,0.138
2026-08-29T09:41:10.676818+00:00,ENG01,loiter,4000,52.4,519.9,2.65,37.8,8.96,0.287,14.2,8.0,18.3,61.5,0.138
2026-08-29T09:41:11.676818+00:00,ENG01,loiter,4000,52.4,519.9,2.65,37.8,8.96,0.234,14.2,8.0,18.3,61.5,0.138
2026-08-29T09:41:12.676818+00:00,ENG01,loiter,4000,52.5,519.9,2.65,37.8,8.96,0.261,14.2,8.0,18.3,61.5,0.138
2026-08-29T09:41:13.676818+00:00,ENG01,loiter,4000,52.5,519.9,2.65,37.9,8.96,0.269,14.2,8.0,18.3,61.5,0.138
2026-08-29T09:41:14.676818+00:00,ENG01,loiter,4000,52.6,519.9,2.65,37.9,8.96,0.248,14.2,8.0,18.3,61.5,0.138
2026-08-29T09:41:15.676818+00:00,ENG01,loiter,4000,52.6,519.9,2.65,38.0,8.96,0.241,14.2,8.0,18.3,61.5,0.138
2026-08-29T09:41:16.676818+00:00,ENG01,loiter,4000,52.6,519.9,2.65,38.0,8.96,0.278,14.2,8.0,18.3,61.5,0.138
2026-08-29T09:41:17.676818+00:00,ENG01,loiter,4000,52.7,519.9,2.65,38.0,8.96,0.25,14.2,8.0,18.3,61.5,0.138
2026-08-29T09:41:18.676818+00:00,ENG01,loiter,4000,52.7,519.9,2.65,38.1,8.96,0.246,14.2,8.0,18.3,61.5,0.138
2026-08-29T09:41:19.676818+00:00,ENG01,loiter,4000,52.8,519.9,2.65,38.1,8.96,0.244,14.2,8.0,18.3,61.5,0.138
2026-08-29T09:41:20.676818+00:00,ENG01,loiter,4000,52.8,519.9,2.65,38.1,8.96,0.256,14.2,8.0,18.3,61.5,0.138
2026-08-29T09:41:21.676818+00:00,ENG01,loiter,4000,52.8,519.9,2.65,38.2,8.96,0.255,14.2,8.0,18.3,61.5,0.138
2026-08-29T09:41:22.676818+00:00,ENG01,loiter,4000,52.9,519.9,2.65,38.2,8.96,0.237,14.2,8.0,18.3,61.5,0.138
2026-08-29T09:41:23.676818+00:00,ENG01,loiter,4000,52.9,519.9,2.65,38.3,8.96,0.274,14.2,8.0,18.3,61.5,0.138
2026-08-29T09:41:24.676818+00:00,ENG01,loiter,4000,52.9,519.9,2.65,38.3,8.96,0.25,14.2,8.0,18.3,61.5,0.138
2026-08-29T09:41:25.676818+00:00,ENG01,loiter,4000,53.0,519.9,2.65,38.3,8.96,0.243,14.2,8.0,18.3,61.5,0.138
2026-08-29T09:41:26.676818+00:00,ENG01,loiter,4000,53.0,519.9,2.65,38.4,8.96,0.276,14.2,8.0,18.3,61.5,0.138
2026-08-29T09:41:27.676818+00:00,ENG01,loiter,4000,53.0,519.9,2.65,38.4,8.96,0.249,14.2,8.0,18.3,61.5,0.138
2026-08-29T09:41:28.676818+00:00,ENG01,loiter,4000,53.1,519.9,2.65,38.4,8.96,0.269,14.2,8.0,18.3,61.5,0.138
2026-08-29T09:41:29.676818+00:00,ENG01,loiter,4000,53.1,519.9,2.65,38.5,8.96,0.261,14.2,8.0,18.3,61.5,0.138
2026-08-29T09:41:30.676818+00:00,ENG01,loiter,4000,53.1,519.9,2.65,38.5,8.96,0.238,14.2,8.0,18.3,61.5,0.138
2026-08-29T09:41:31.676818+00:00,ENG01,loiter,4000,53.2,519.9,2.65,38.6,8.96,0.267,14.2,8.0,18.3,61.5,0.138
2026-08-29T09:41:32.676818+00:00,ENG01,loiter,4000,53.2,519.9,2.65,38.6,8.96,0.243,14.2,8.0,18.3,61.5,0.138
2026-08-29T09:41:33.676818+00:00,ENG01,loiter,4000,53.2,519.9,2.65,38.6,8.96,0.241,14.2,8.0,18.3,61.5,0.138
2026-08-29T09:41:34.676818+00:00,ENG01,loiter,4000,53.3,519.9,2.65,38.7,8.96,0.235,14.2,8.0,18.3,61.5,0.138
2026-08-29T09:41:35.676818+00:00,ENG01,loiter,4000,53.3,519.9,2.65,38.7,8.96,0.26,14.2,8.0,18.3,61.5,0.138
2026-08-29T09:41:36.676818+00:00,ENG01,loiter,4000,53.4,519.9,2.65,38.7,8.96,0.235,14.2,8.0,18.3,61.5,0.138
2026-08-29T09:41:37.676818+00:00,ENG01,loiter,4000,53.4,519.9,2.65,38.8,8.96,0.258,14.2,8.0,18.3,61.5,0.138
2026-08-29T09:41:38.676818+00:00,ENG01,loiter,4000,53.4,519.9,2.65,38.8,8.96,0.234,14.2,8.0,18.3,61.5,0.138
2026-08-29T09:41:39.676818+00:00,ENG01,loiter,4000,53.4,519.9,2.65,38.8,8.96,0.247,14.2,8.0,18.3,61.5,0.138
2026-08-29T09:41:40.676818+00:00,ENG01,loiter,4000,53.5,519.9,2.65,38.9,8.96,0.24,14.2,8.0,18.3,61.5,0.138
2026-08-29T09:41:41.676818+00:00,ENG01,loiter,4000,53.5,519.9,2.65,38.9,8.96,0.25,14.2,8.0,18.3,61.5,0.138
2026-08-29T09:41:42.676818+00:00,ENG01,loiter,4000,53.5,519.9,2.65,39.0,8.96,0.241,14.2,8.0,18.3,61.5,0.138
2026-08-29T09:41:43.676818+00:00,ENG01,loiter,4000,53.6,519.9,2.65,39.0,8.96,0.254,14.2,8.0,18.3,61.5,0.138
2026-08-29T09:41:44.676818+00:00,ENG01,loiter,4000,53.6,519.9,2.65,39.0,8.96,0.26,14.2,8.0,18.3,61.5,0.138
2026-08-29T09:41:45.676818+00:00,ENG01,loiter,4000,53.6,519.9,2.65,39.1,8.96,0.233,14.2,8.0,18.3,61.5,0.138
2026-08-29T09:41:46.676818+00:00,ENG01,loiter,4000,53.7,519.9,2.65,39.1,8.96,0.237,14.2,8.0,18.3,61.5,0.138
2026-08-29T09:41:47.676818+00:00,ENG01,loiter,4000,53.7,519.9,2.65,39.1,8.96,0.251,14.2,8.0,18.3,61.5,0.138
2026-08-29T09:41:48.676818+00:00,ENG01,loiter,4000,53.7,519.9,2.65,39.2,8.96,0.247,14.2,8.0,18.3,61.5,0.138
2026-08-29T09:41:49.676818+00:00,ENG01,loiter,4000,53.8,519.9,2.65,39.2,8.96,0.251,14.2,8.0,18.3,61.5,0.138
2026-08-29T09:41:50.676818+00:00,ENG01,loiter,4000,53.8,519.9,2.65,39.2,8.96,0.241,14.2,8.0,18.3,61.5,0.138
2026-08-29T09:41:51.676818+00:00,ENG01,loiter,4000,53.8,519.9,2.65,39.3,8.96,0.243,14.2,8.0,18.3,61.5,0.138
2026-08-29T09:41:52.676818+00:00,ENG01,loiter,4000,53.9,519.9,2.65,39.3,8.96,0.266,14.2,8.0,18.3,61.5,0.138
2026-08-29T09:41:53.676818+00:00,ENG01,loiter,4000,53.9,519.9,2.65,39.4,8.96,0.24,14.2,8.0,18.3,61.5,0.138
2026-08-29T09:41:54.676818+00:00,ENG01,loiter,4000,53.9,519.9,2.65,39.4,8.96,0.248,14.2,8.0,18.3,61.5,0.138
2026-08-29T09:41:55.676818+00:00,ENG01,loiter,4000,53.9,519.9,2.65,39.4,8.96,0.234,14.2,8.0,18.3,61.5,0.138
2026-08-29T09:41:56.676818+00:00,ENG01,loiter,4000,54.0,519.9,2.65,39.5,8.96,0.261,14.2,8.0,18.3,61.5,0.138
2026-08-29T09:41:57.676818+00:00,ENG01,loiter,4000,54.0,519.9,2.65,39.5,8.96,0.25,14.2,8.0,18.3,61.5,0.138
2026-08-29T09:41:58.676818+00:00,ENG01,loiter,4000,54.0,519.9,2.65,39.5,8.96,0.266,14.2,8.0,18.3,61.5,0.138
2026-08-29T09:41:59.676818+00:00,ENG01,loiter,4000,54.1,519.9,2.65,39.6,8.96,0.235,14.2,8.0,18.3,61.5,0.138
2026-08-29T09:42:00.676818+00:00,ENG01,loiter,4000,54.1,519.9,2.65,39.6,8.96,0.275,14.2,8.0,18.3,61.5,0.138
2026-08-29T09:42:01.676818+00:00,ENG01,loiter,4000,54.1,519.9,2.65,39.6,8.96,0.251,14.2,8.0,18.3,61.5,0.138
2026-08-29T09:42:02.676818+00:00,ENG01,loiter,4000,54.1,519.9,2.65,39.7,8.96,0.273,14.2,8.0,18.3,61.5,0.138
2026-08-29T09:42:03.676818+00:00,ENG01,loiter,4000,54.2,519.9,2.65,39.7,8.96,0.236,14.2,8.0,18.3,61.5,0.138
2026-08-29T09:42:04.676818+00:00,ENG01,loiter,4000,54.2,519.9,2.65,39.7,8.96,0.25,14.2,8.0,18.3,61.5,0.138
2026-08-29T09:42:05.676818+00:00,ENG01,loiter,4000,54.2,519.9,2.65,39.8,8.96,0.234,14.2,8.0,18.3,61.5,0.138
2026-08-29T09:42:06.676818+00:00,ENG01,loiter,4000,54.2,519.9,2.65,39.8,8.96,0.247,14.2,8.0,18.3,61.5,0.138
2026-08-29T09:42:07.676818+00:00,ENG01,loiter,4000,54.3,519.9,2.65,39.8,8.96,0.237,14.2,8.0,18.3,61.5,0.138
2026-08-29T09:42:08.676818+00:00,ENG01,loiter,4000,54.3,519.9,2.65,39.9,8.96,0.237,14.2,8.0,18.3,61.5,0.138
2026-08-29T09:42:09.676818+00:00,ENG01,loiter,4000,54.3,519.9,2.65,39.9,8.96,0.236,14.2,8.0,18.3,61.5,0.138
2026-08-29T09:42:10.676818+00:00,ENG01,loiter,4000,54.4,519.9,2.65,39.9,8.96,0.234,14.2,8.0,18.3,61.5,0.138
2026-08-29T09:42:11.676818+00:00,ENG01,loiter,4000,54.4,519.9,2.65,40.0,8.96,0.252,14.2,8.0,18.3,61.5,0.138
2026-08-29T09:42:12.676818+00:00,ENG01,loiter,4000,54.4,519.9,2.65,40.0,8.96,0.243,14.2,8.0,18.3,61.5,0.138
2026-08-29T09:42:13.676818+00:00,ENG01,loiter,4000,54.4,519.9,2.65,40.1,8.96,0.258,14.2,8.0,18.3,61.5,0.138
2026-08-29T09:42:14.676818+00:00,ENG01,loiter,4000,54.5,519.9,2.65,40.1,8.96,0.234,14.2,8.0,18.3,61.5,0.138
2026-08-29T09:42:15.676818+00:00,ENG01,loiter,4000,54.5,519.9,2.65,40.1,8.96,0.259,14.2,8.0,18.3,61.5,0.138
2026-08-29T09:42:16.676818+00:00,ENG01,loiter,4000,54.5,519.9,2.65,40.2,8.96,0.273,14.2,8.0,18.3,61.5,0.138
2026-08-29T09:42:17.676818+00:00,ENG01,loiter,4000,54.5,519.9,2.65,40.2,8.96,0.239,14.2,8.0,18.3,61.5,0.138
2026-08-29T09:42:18.676818+00:00,ENG01,loiter,4000,54.6,519.9,2.65,40.2,8.96,0.238,14.2,8.0,18.3,61.5,0.138
2026-08-29T09:42:19.676818+00:00,ENG01,loiter,4000,54.6,519.9,2.65,40.3,8.96,0.256,14.2,8.0,18.3,61.5,0.138
2026-08-29T09:42:20.676818+00:00,ENG01,loiter,4000,54.6,519.9,2.65,40.3,8.96,0.268,14.2,8.0,18.3,61.5,0.138
2026-08-29T09:42:21.676818+00:00,ENG01,loiter,4000,54.6,519.9,2.65,40.3,8.96,0.244,14.2,8.0,18.3,61.5,0.138
2026-08-29T09:42:22.676818+00:00,ENG01,loiter,4000,54.7,519.9,2.65,40.4,8.96,0.297,14.2,8.0,18.3,61.5,0.138
2026-08-29T09:42:23.676818+00:00,ENG01,loiter,4000,54.7,519.9,2.65,40.4,8.96,0.25,14.2,8.0,18.3,61.5,0.138
2026-08-29T09:42:24.676818+00:00,ENG01,loiter,4000,54.7,519.9,2.65,40.4,8.96,0.253,14.2,8.0,18.3,61.5,0.138
2026-08-29T09:42:25.676818+00:00,ENG01,loiter,4000,54.7,519.9,2.65,40.5,8.96,0.235,14.2,8.0,18.3,61.5,0.138
2026-08-29T09:42:26.676818+00:00,ENG01,loiter,4000,54.7,519.9,2.65,40.5,8.96,0.235,14.2,8.0,18.3,61.5,0.138
2026-08-29T09:42:27.676818+00:00,ENG01,loiter,4000,54.8,519.9,2.65,40.5,8.96,0.258,14.2,8.0,18.3,61.5,0.138
2026-08-29T09:42:28.676818+00:00,ENG01,loiter,4000,54.8,519.9,2.65,40.6,8.96,0.261,14.2,8.0,18.3,61.5,0.138
2026-08-29T09:42:29.676818+00:00,ENG01,loiter,4000,54.8,519.9,2.65,40.6,8.96,0.236,14.2,8.0,18.3,61.5,0.138
2026-08-29T09:42:30.676818+00:00,ENG01,loiter,4000,54.8,519.9,2.65,40.6,8.96,0.248,14.2,8.0,18.3,61.5,0.138
2026-08-29T09:42:31.676818+00:00,ENG01,loiter,4000,54.9,519.9,2.65,40.7,8.96,0.238,14.2,8.0,18.3,61.5,0.138
2026-08-29T09:42:32.676818+00:00,ENG01,loiter,4000,54.9,519.9,2.65,40.7,8.96,0.246,14.2,8.0,18.3,61.5,0.138
2026-08-29T09:42:33.676818+00:00,ENG01,loiter,4000,54.9,519.9,2.65,40.7,8.96,0.243,14.2,8.0,18.3,61.5,0.138
2026-08-29T09:42:34.676818+00:00,ENG01,loiter,4000,54.9,519.9,2.65,40.8,8.96,0.243,14.2,8.0,18.3,61.5,0.138
2026-08-29T09:42:35.676818+00:00,ENG01,loiter,4000,54.9,519.9,2.65,40.8,8.96,0.252,14.2,8.0,18.3,61.5,0.138
2026-08-29T09:42:36.676818+00:00,ENG01,loiter,4000,55.0,519.9,2.65,40.8,8.96,0.257,14.2,8.0,18.3,61.5,0.138
2026-08-29T09:42:37.676818+00:00,ENG01,loiter,4000,55.0,519.9,2.65,40.9,8.96,0.246,14.2,8.0,18.3,61.5,0.138
2026-08-29T09:42:38.676818+00:00,ENG01,loiter,4000,55.0,519.9,2.65,40.9,8.96,0.255,14.2,8.0,18.3,61.5,0.138
2026-08-29T09:42:39.676818+00:00,ENG01,loiter,4000,55.0,519.9,2.65,40.9,8.96,0.241,14.2,8.0,18.3,61.5,0.138
2026-08-29T09:42:40.676818+00:00,ENG01,loiter,4000,55.1,519.9,2.65,41.0,8.96,0.256,14.2,8.0,18.3,61.5,0.138
2026-08-29T09:42:41.676818+00:00,ENG01,loiter,4000,55.1,519.9,2.65,41.0,8.96,0.262,14.2,8.0,18.3,61.5,0.138
2026-08-29T09:42:42.676818+00:00,ENG01,loiter,4000,55.1,519.9,2.65,41.0,8.96,0.263,14.2,8.0,18.3,61.5,0.138
2026-08-29T09:42:43.676818+00:00,ENG01,loiter,4000,55.1,519.9,2.65,41.1,8.96,0.242,14.2,8.0,18.3,61.5,0.138
2026-08-29T09:42:44.676818+00:00,ENG01,loiter,4000,55.1,519.9,2.65,41.1,8.96,0.259,14.2,8.0,18.3,61.5,0.138
2026-08-29T09:42:45.676818+00:00,ENG01,loiter,4000,55.2,519.9,2.65,41.1,8.96,0.255,14.2,8.0,18.3,61.5,0.138
2026-08-29T09:42:46.676818+00:00,ENG01,loiter,4000,55.2,519.9,2.65,41.1,8.96,0.261,14.2,8.0,18.3,61.5,0.138
2026-08-29T09:42:47.676818+00:00,ENG01,loiter,4000,55.2,519.9,2.65,41.2,8.96,0.244,14.2,8.0,18.3,61.5,0.138
2026-08-29T09:42:48.676818+00:00,ENG01,loiter,4000,55.2,519.9,2.65,41.2,8.96,0.246,14.2,8.0,18.3,61.5,0.138
2026-08-29T09:42:49.676818+00:00,ENG01,loiter,4000,55.2,519.9,2.65,41.2,8.96,0.248,14.2,8.0,18.3,61.5,0.138
2026-08-29T09:42:50.676818+00:00,ENG01,loiter,4000,55.3,519.9,2.65,41.3,8.96,0.245,14.2,8.0,18.3,61.5,0.138
2026-08-29T09:42:51.676818+00:00,ENG01,loiter,4000,55.3,519.9,2.65,41.3,8.96,0.236,14.2,8.0,18.3,61.5,0.138
2026-08-29T09:42:52.676818+00:00,ENG01,loiter,4000,55.3,519.9,2.65,41.3,8.96,0.259,14.2,8.0,18.3,61.5,0.138
2026-08-29T09:42:53.676818+00:00,ENG01,loiter,4000,55.3,519.9,2.65,41.4,8.96,0.25,14.2,8.0,18.3,61.5,0.138
2026-08-29T09:42:54.676818+00:00,ENG01,loiter,4000,55.3,519.9,2.65,41.4,8.96,0.239,14.2,8.0,18.3,61.5,0.138
2026-08-29T09:42:55.676818+00:00,ENG01,loiter,4000,55.4,519.9,2.65,41.4,8.96,0.254,14.2,8.0,18.3,61.5,0.138
2026-08-29T09:42:56.676818+00:00,ENG01,loiter,4000,55.4,519.9,2.65,41.5,8.96,0.233,14.2,8.0,18.3,61.5,0.138
2026-08-29T09:42:57.676818+00:00,ENG01,loiter,4000,55.4,519.9,2.65,41.5,8.96,0.263,14.2,8.0,18.3,61.5,0.138
2026-08-29T09:42:58.676818+00:00,ENG01,loiter,4000,55.4,519.9,2.65,41.5,8.96,0.262,14.2,8.0,18.3,61.5,0.138
2026-08-29T09:42:59.676818+00:00,ENG01,loiter,4000,55.4,519.9,2.65,41.6,8.96,0.252,14.2,8.0,18.3,61.5,0.138
2026-08-29T09:43:00.676818+00:00,ENG01,loiter,4000,55.4,519.9,2.65,41.6,8.96,0.235,14.2,8.0,18.3,61.5,0.138
2026-08-29T09:43:01.676818+00:00,ENG01,loiter,4000,55.5,519.9,2.65,41.6,8.96,0.243,14.2,8.0,18.3,61.5,0.138
2026-08-29T09:43:02.676818+00:00,ENG01,loiter,4000,55.5,519.9,2.65,41.7,8.96,0.249,14.2,8.0,18.3,61.5,0.138
2026-08-29T09:43:03.676818+00:00,ENG01,loiter,4000,55.5,519.9,2.65,41.7,8.96,0.247,14.2,8.0,18.3,61.5,0.138
2026-08-29T09:43:04.676818+00:00,ENG01,loiter,4000,55.5,519.9,2.65,41.7,8.96,0.249,14.2,8.0,18.3,61.5,0.138
2026-08-29T09:43:05.676818+00:00,ENG01,loiter,4000,55.5,519.9,2.65,41.7,8.96,0.251,14.2,8.0,18.3,61.5,0.138
2026-08-29T09:43:06.676818+00:00,ENG01,loiter,4000,55.6,519.9,2.65,41.8,8.96,0.259,14.2,8.0,18.3,61.5,0.138
2026-08-29T09:43:07.676818+00:00,ENG01,loiter,4000,55.6,519.9,2.65,41.8,8.96,0.256,14.2,8.0,18.3,61.5,0.138
2026-08-29T09:43:08.676818+00:00,ENG01,loiter,4000,55.6,519.9,2.65,41.8,8.96,0.281,14.2,8.0,18.3,61.5,0.138
2026-08-29T09:43:09.676818+00:00,ENG01,loiter,4000,55.6,519.9,2.65,41.9,8.96,0.236,14.2,8.0,18.3,61.5,0.138
2026-08-29T09:43:10.676818+00:00,ENG01,loiter,4000,55.6,519.9,2.65,41.9,8.96,0.247,14.2,8.0,18.3,61.5,0.138
2026-08-29T09:43:11.676818+00:00,ENG01,loiter,4000,55.6,519.9,2.65,41.9,8.96,0.246,14.2,8.0,18.3,61.5,0.138
2026-08-29T09:43:12.676818+00:00,ENG01,loiter,4000,55.7,519.9,2.65,42.0,8.96,0.238,14.2,8.0,18.3,61.5,0.138
2026-08-29T09:43:13.676818+00:00,ENG01,loiter,4000,55.7,519.9,2.65,42.0,8.96,0.276,14.2,8.0,18.3,61.5,0.138
2026-08-29T09:43:14.676818+00:00,ENG01,loiter,4000,55.7,519.9,2.65,42.0,8.96,0.26,14.2,8.0,18.3,61.5,0.138
2026-08-29T09:43:15.676818+00:00,ENG01,loiter,4000,55.7,519.9,2.65,42.0,8.96,0.244,14.2,8.0,18.3,61.5,0.138
2026-08-29T09:43:16.676818+00:00,ENG01,loiter,4000,55.7,519.9,2.65,42.1,8.96,0.256,14.2,8.0,18.3,61.5,0.138
2026-08-29T09:43:17.676818+00:00,ENG01,loiter,4000,55.7,519.9,2.65,42.1,8.96,0.265,14.2,8.0,18.3,61.5,0.138
2026-08-29T09:43:18.676818+00:00,ENG01,loiter,4000,55.8,519.9,2.65,42.1,8.96,0.246,14.2,8.0,18.3,61.5,0.138
2026-08-29T09:43:19.676818+00:00,ENG01,loiter,4000,55.8,519.9,2.65,42.2,8.96,0.261,14.2,8.0,18.3,61.5,0.138
2026-08-29T09:43:20.676818+00:00,ENG01,loiter,4000,55.8,519.9,2.65,42.2,8.96,0.248,14.2,8.0,18.3,61.5,0.138
2026-08-29T09:43:21.676818+00:00,ENG01,loiter,4000,55.8,519.9,2.65,42.2,8.96,0.241,14.2,8.0,18.3,61.5,0.138
2026-08-29T09:43:22.676818+00:00,ENG01,loiter,4000,55.8,519.9,2.65,42.3,8.96,0.235,14.2,8.0,18.3,61.5,0.138
2026-08-29T09:43:23.676818+00:00,ENG01,loiter,4000,55.8,519.9,2.65,42.3,8.96,0.254,14.2,8.0,18.3,61.5,0.138
2026-08-29T09:43:24.676818+00:00,ENG01,loiter,4000,55.8,519.9,2.65,42.3,8.96,0.24,14.2,8.0,18.3,61.5,0.138
2026-08-29T09:43:25.676818+00:00,ENG01,loiter,4000,55.9,519.9,2.65,42.3,8.96,0.24,14.2,8.0,18.3,61.5,0.138
2026-08-29T09:43:26.676818+00:00,ENG01,loiter,4000,55.9,519.9,2.65,42.4,8.96,0.242,14.2,8.0,18.3,61.5,0.138
2026-08-29T09:43:27.676818+00:00,ENG01,loiter,4000,55.9,519.9,2.65,42.4,8.96,0.243,14.2,8.0,18.3,61.5,0.138
2026-08-29T09:43:28.676818+00:00,ENG01,loiter,4000,55.9,519.9,2.65,42.4,8.96,0.244,14.2,8.0,18.3,61.5,0.138
2026-08-29T09:43:29.676818+00:00,ENG01,loiter,4000,55.9,519.9,2.65,42.5,8.96,0.243,14.2,8.0,18.3,61.5,0.138
2026-08-29T09:43:30.676818+00:00,ENG01,loiter,4000,55.9,519.9,2.65,42.5,8.96,0.271,14.2,8.0,18.3,61.5,0.138
2026-08-29T09:43:31.676818+00:00,ENG01,loiter,4000,56.0,519.9,2.65,42.5,8.96,0.243,14.2,8.0,18.3,61.5,0.138
2026-08-29T09:43:32.676818+00:00,ENG01,loiter,4000,56.0,519.9,2.65,42.5,8.96,0.235,14.2,8.0,18.3,61.5,0.138
2026-08-29T09:43:33.676818+00:00,ENG01,loiter,4000,56.0,519.9,2.65,42.6,8.96,0.233,14.2,8.0,18.3,61.5,0.138
2026-08-29T09:43:34.676818+00:00,ENG01,loiter,4000,56.0,519.9,2.65,42.6,8.96,0.244,14.2,8.0,18.3,61.5,0.138
2026-08-29T09:43:35.676818+00:00,ENG01,loiter,4000,56.0,519.9,2.65,42.6,8.96,0.243,14.2,8.0,18.3,61.5,0.138
2026-08-29T09:43:36.676818+00:00,ENG01,loiter,4000,56.0,519.9,2.65,42.7,8.96,0.252,14.2,8.0,18.3,61.5,0.138
2026-08-29T09:43:37.676818+00:00,ENG01,loiter,4000,56.0,519.9,2.65,42.7,8.96,0.245,14.2,8.0,18.3,61.5,0.138
2026-08-29T09:43:38.676818+00:00,ENG01,loiter,4000,56.1,519.9,2.65,42.7,8.96,0.24,14.2,8.0,18.3,61.5,0.138
2026-08-29T09:43:39.676818+00:00,ENG01,loiter,4000,56.1,519.9,2.65,42.7,8.96,0.237,14.2,8.0,18.3,61.5,0.138
2026-08-29T09:43:40.676818+00:00,ENG01,loiter,4000,56.1,519.9,2.65,42.8,8.96,0.245,14.2,8.0,18.3,61.5,0.138
2026-08-29T09:43:41.676818+00:00,ENG01,loiter,4000,56.1,519.9,2.65,42.8,8.96,0.241,14.2,8.0,18.3,61.5,0.138
2026-08-29T09:43:42.676818+00:00,ENG01,loiter,4000,56.1,519.9,2.65,42.8,8.96,0.259,14.2,8.0,18.3,61.5,0.138
2026-08-29T09:43:43.676818+00:00,ENG01,loiter,4000,56.1,519.9,2.65,42.8,8.96,0.241,14.2,8.0,18.3,61.5,0.138
2026-08-29T09:43:44.676818+00:00,ENG01,loiter,4000,56.1,519.9,2.65,42.9,8.96,0.268,14.2,8.0,18.3,61.5,0.138
2026-08-29T09:43:45.676818+00:00,ENG01,loiter,4000,56.1,519.9,2.65,42.9,8.96,0.246,14.2,8.0,18.3,61.5,0.138
2026-08-29T09:43:46.676818+00:00,ENG01,loiter,4000,56.2,519.9,2.65,42.9,8.96,0.243,14.2,8.0,18.3,61.5,0.138
2026-08-29T09:43:47.676818+00:00,ENG01,loiter,4000,56.2,519.9,2.65,43.0,8.96,0.236,14.2,8.0,18.3,61.5,0.138
2026-08-29T09:43:48.676818+00:00,ENG01,loiter,4000,56.2,519.9,2.65,43.0,8.96,0.236,14.2,8.0,18.3,61.5,0.138
2026-08-29T09:43:49.676818+00:00,ENG01,loiter,4000,56.2,519.9,2.65,43.0,8.96,0.237,14.2,8.0,18.3,61.5,0.138
2026-08-29T09:43:50.676818+00:00,ENG01,loiter,4000,56.2,519.9,2.65,43.0,8.96,0.251,14.2,8.0,18.3,61.5,0.138
2026-08-29T09:43:51.676818+00:00,ENG01,loiter,4000,56.2,519.9,2.65,43.1,8.96,0.256,14.2,8.0,18.3,61.5,0.138
2026-08-29T09:43:52.676818+00:00,ENG01,loiter,4000,56.2,519.9,2.65,43.1,8.96,0.242,14.2,8.0,18.3,61.5,0.138
2026-08-29T09:43:53.676818+00:00,ENG01,loiter,4000,56.2,519.9,2.65,43.1,8.96,0.247,14.2,8.0,18.3,61.5,0.138
2026-08-29T09:43:54.676818+00:00,ENG01,loiter,4000,56.3,519.9,2.65,43.1,8.96,0.238,14.2,8.0,18.3,61.5,0.138
2026-08-29T09:43:55.676818+00:00,ENG01,loiter,4000,56.3,519.9,2.65,43.2,8.96,0.236,14.2,8.0,18.3,61.5,0.138
2026-08-29T09:43:56.676818+00:00,ENG01,loiter,4000,56.3,519.9,2.65,43.2,8.96,0.244,14.2,8.0,18.3,61.5,0.138
2026-08-29T09:43:57.676818+00:00,ENG01,loiter,4000,56.3,519.9,2.65,43.2,8.96,0.239,14.2,8.0,18.3,61.5,0.138
2026-08-29T09:43:58.676818+00:00,ENG01,loiter,4000,56.3,519.9,2.65,43.2,8.96,0.246,14.2,8.0,18.3,61.5,0.138
2026-08-29T09:43:59.676818+00:00,ENG01,loiter,4000,56.3,519.9,2.65,43.3,8.96,0.257,14.2,8.0,18.3,61.5,0.138
2026-08-29T09:44:00.676818+00:00,ENG01,loiter,4000,56.3,519.9,2.65,43.3,8.96,0.242,14.2,8.0,18.3,61.5,0.138
2026-08-29T09:44:01.676818+00:00,ENG01,loiter,4000,56.3,519.9,2.65,43.3,8.96,0.258,14.2,8.0,18.3,61.5,0.138
2026-08-29T09:44:02.676818+00:00,ENG01,loiter,4000,56.4,519.9,2.65,43.4,8.96,0.236,14.2,8.0,18.3,61.5,0.138
2026-08-29T09:44:03.676818+00:00,ENG01,loiter,4000,56.4,519.9,2.65,43.4,8.96,0.245,14.2,8.0,18.3,61.5,0.138
2026-08-29T09:44:04.676818+00:00,ENG01,loiter,4000,56.4,519.9,2.65,43.4,8.96,0.258,14.2,8.0,18.3,61.5,0.138
2026-08-29T09:44:05.676818+00:00,ENG01,loiter,4000,56.4,519.9,2.65,43.4,8.96,0.24,14.2,8.0,18.3,61.5,0.138
2026-08-29T09:44:06.676818+00:00,ENG01,loiter,4000,56.4,519.9,2.65,43.5,8.96,0.241,14.2,8.0,18.3,61.5,0.138
2026-08-29T09:44:07.676818+00:00,ENG01,loiter,4000,56.4,519.9,2.65,43.5,8.96,0.236,14.2,8.0,18.3,61.5,0.138
2026-08-29T09:44:08.676818+00:00,ENG01,loiter,4000,56.4,519.9,2.65,43.5,8.96,0.239,14.2,8.0,18.3,61.5,0.138
2026-08-29T09:44:09.676818+00:00,ENG01,loiter,4000,56.4,519.9,2.65,43.5,8.96,0.251,14.2,8.0,18.3,61.5,0.138
2026-08-29T09:44:10.676818+00:00,ENG01,loiter,4000,56.4,519.9,2.65,43.6,8.96,0.238,14.2,8.0,18.3,61.5,0.138
2026-08-29T09:44:11.676818+00:00,ENG01,loiter,4000,56.5,519.9,2.65,43.6,8.96,0.238,14.2,8.0,18.3,61.5,0.138
2026-08-29T09:44:12.676818+00:00,ENG01,loiter,4000,56.5,519.9,2.65,43.6,8.96,0.255,14.2,8.0,18.3,61.5,0.138
2026-08-29T09:44:13.676818+00:00,ENG01,loiter,4000,56.5,519.9,2.65,43.6,8.96,0.244,14.2,8.0,18.3,61.5,0.138
2026-08-29T09:44:14.676818+00:00,ENG01,loiter,4000,56.5,519.9,2.65,43.7,8.96,0.236,14.2,8.0,18.3,61.5,0.138
2026-08-29T09:44:15.676818+00:00,ENG01,loiter,4000,56.5,519.9,2.65,43.7,8.96,0.243,14.2,8.0,18.3,61.5,0.138
2026-08-29T09:44:16.676818+00:00,ENG01,loiter,4000,56.5,519.9,2.65,43.7,8.96,0.238,14.2,8.0,18.3,61.5,0.138
2026-08-29T09:44:17.676818+00:00,ENG01,loiter,4000,56.5,519.9,2.65,43.7,8.96,0.248,14.2,8.0,18.3,61.5,0.138
2026-08-29T09:44:18.676818+00:00,ENG01,loiter,4000,56.5,519.9,2.65,43.8,8.96,0.257,14.2,8.0,18.3,61.5,0.138
2026-08-29T09:44:19.676818+00:00,ENG01,loiter,4000,56.5,519.9,2.65,43.8,8.96,0.237,14.2,8.0,18.3,61.5,0.138
2026-08-29T09:44:20.676818+00:00,ENG01,loiter,4000,56.6,519.9,2.65,43.8,8.96,0.242,14.2,8.0,18.3,61.5,0.138
2026-08-29T09:44:21.676818+00:00,ENG01,loiter,4000,56.6,519.9,2.65,43.8,8.96,0.259,14.2,8.0,18.3,61.5,0.138
2026-08-29T09:44:22.676818+00:00,ENG01,loiter,4000,56.6,519.9,2.65,43.9,8.96,0.258,14.2,8.0,18.3,61.5,0.138
2026-08-29T09:44:23.676818+00:00,ENG01,loiter,4000,56.6,519.9,2.65,43.9,8.96,0.253,14.2,8.0,18.3,61.5,0.138
2026-08-29T09:44:24.676818+00:00,ENG01,loiter,4000,56.6,519.9,2.65,43.9,8.96,0.273,14.2,8.0,18.3,61.5,0.138
2026-08-29T09:44:25.676818+00:00,ENG01,loiter,4000,56.6,519.9,2.65,43.9,8.96,0.275,14.2,8.0,18.3,61.5,0.138
2026-08-29T09:44:26.676818+00:00,ENG01,loiter,4000,56.6,519.9,2.65,44.0,8.96,0.263,14.2,8.0,18.3,61.5,0.138
2026-08-29T09:44:27.676818+00:00,ENG01,loiter,4000,56.6,519.9,2.65,44.0,8.96,0.236,14.2,8.0,18.3,61.5,0.138
2026-08-29T09:44:28.676818+00:00,ENG01,loiter,4000,56.6,519.9,2.65,44.0,8.96,0.286,14.2,8.0,18.3,61.5,0.138
2026-08-29T09:44:29.676818+00:00,ENG01,loiter,4000,56.6,519.9,2.65,44.0,8.96,0.256,14.2,8.0,18.3,61.5,0.138
2026-08-29T09:44:30.676818+00:00,ENG01,loiter,4000,56.7,519.9,2.65,44.1,8.96,0.239,14.2,8.0,18.3,61.5,0.138
2026-08-29T09:44:31.676818+00:00,ENG01,loiter,4000,56.7,519.9,2.65,44.1,8.96,0.259,14.2,8.0,18.3,61.5,0.138
2026-08-29T09:44:32.676818+00:00,ENG01,loiter,4000,56.7,519.9,2.65,44.1,8.96,0.243,14.2,8.0,18.3,61.5,0.138
2026-08-29T09:44:33.676818+00:00,ENG01,loiter,4000,56.7,519.9,2.65,44.1,8.96,0.255,14.2,8.0,18.3,61.5,0.138
2026-08-29T09:44:34.676818+00:00,ENG01,loiter,4000,56.7,519.9,2.65,44.1,8.96,0.251,14.2,8.0,18.3,61.5,0.138
2026-08-29T09:44:35.676818+00:00,ENG01,loiter,4000,56.7,519.9,2.65,44.2,8.96,0.233,14.2,8.0,18.3,61.5,0.138
2026-08-29T09:44:36.676818+00:00,ENG01,loiter,4000,56.7,519.9,2.65,44.2,8.96,0.25,14.2,8.0,18.3,61.5,0.138
2026-08-29T09:44:37.676818+00:00,ENG01,loiter,4000,56.7,519.9,2.65,44.2,8.96,0.251,14.2,8.0,18.3,61.5,0.138
2026-08-29T09:44:38.676818+00:00,ENG01,loiter,4000,56.7,519.9,2.65,44.2,8.96,0.261,14.2,8.0,18.3,61.5,0.138
2026-08-29T09:44:39.676818+00:00,ENG01,loiter,4000,56.7,519.9,2.65,44.3,8.96,0.236,14.2,8.0,18.3,61.5,0.138
2026-08-29T09:44:40.676818+00:00,ENG01,loiter,4000,56.7,519.9,2.65,44.3,8.96,0.245,14.2,8.0,18.3,61.5,0.138
2026-08-29T09:44:41.676818+00:00,ENG01,loiter,4000,56.8,519.9,2.65,44.3,8.96,0.233,14.2,8.0,18.3,61.5,0.138
2026-08-29T09:44:42.676818+00:00,ENG01,loiter,4000,56.8,519.9,2.65,44.3,8.96,0.257,14.2,8.0,18.3,61.5,0.138
2026-08-29T09:44:43.676818+00:00,ENG01,loiter,4000,56.8,519.9,2.65,44.4,8.96,0.253,14.2,8.0,18.3,61.5,0.138
2026-08-29T09:44:44.676818+00:00,ENG01,loiter,4000,56.8,519.9,2.65,44.4,8.96,0.234,14.2,8.0,18.3,61.5,0.138
2026-08-29T09:44:45.676818+00:00,ENG01,loiter,4000,56.8,519.9,2.65,44.4,8.96,0.233,14.2,8.0,18.3,61.5,0.138
2026-08-29T09:44:46.676818+00:00,ENG01,loiter,4000,56.8,519.9,2.65,44.4,8.96,0.26,14.2,8.0,18.3,61.5,0.138
2026-08-29T09:44:47.676818+00:00,ENG01,loiter,4000,56.8,519.9,2.65,44.4,8.96,0.237,14.2,8.0,18.3,61.5,0.138
2026-08-29T09:44:48.676818+00:00,ENG01,loiter,4000,56.8,519.9,2.65,44.5,8.96,0.261,14.2,8.0,18.3,61.5,0.138
2026-08-29T09:44:49.676818+00:00,ENG01,loiter,4000,56.8,519.9,2.65,44.5,8.96,0.259,14.2,8.0,18.3,61.5,0.138
2026-08-29T09:44:50.676818+00:00,ENG01,loiter,4000,56.8,519.9,2.65,44.5,8.96,0.255,14.2,8.0,18.3,61.5,0.138
2026-08-29T09:44:51.676818+00:00,ENG01,loiter,4000,56.8,519.9,2.65,44.5,8.96,0.303,14.2,8.0,18.3,61.5,0.138
2026-08-29T09:44:52.676818+00:00,ENG01,loiter,4000,56.8,519.9,2.65,44.6,8.96,0.248,14.2,8.0,18.3,61.5,0.138
2026-08-29T09:44:53.676818+00:00,ENG01,loiter,4000,56.9,519.9,2.65,44.6,8.96,0.242,14.2,8.0,18.3,61.5,0.138
2026-08-29T09:44:54.676818+00:00,ENG01,loiter,4000,56.9,519.9,2.65,44.6,8.96,0.259,14.2,8.0,18.3,61.5,0.138
2026-08-29T09:44:55.676818+00:00,ENG01,loiter,4000,56.9,519.9,2.65,44.6,8.96,0.243,14.2,8.0,18.3,61.5,0.138
2026-08-29T09:44:56.676818+00:00,ENG01,loiter,4000,56.9,519.9,2.65,44.6,8.96,0.246,14.2,8.0,18.3,61.5,0.138
2026-08-29T09:44:57.676818+00:00,ENG01,loiter,4000,56.9,519.9,2.65,44.7,8.96,0.234,14.2,8.0,18.3,61.5,0.138
2026-08-29T09:44:58.676818+00:00,ENG01,loiter,4000,56.9,519.9,2.65,44.7,8.96,0.24,14.2,8.0,18.3,61.5,0.138
2026-08-29T09:44:59.676818+00:00,ENG01,loiter,4000,56.9,519.9,2.65,44.7,8.96,0.267,14.2,8.0,18.3,61.5,0.138
2026-08-29T09:45:00.676818+00:00,ENG01,loiter,4000,56.9,519.9,2.65,44.7,8.96,0.241,14.2,8.0,18.3,61.5,0.138
2026-08-29T09:45:01.676818+00:00,ENG01,loiter,4000,56.9,519.9,2.65,44.8,8.96,0.255,14.2,8.0,18.3,61.5,0.138
2026-08-29T09:45:02.676818+00:00,ENG01,loiter,4000,56.9,519.9,2.65,44.8,8.96,0.234,14.2,8.0,18.3,61.5,0.138
2026-08-29T09:45:03.676818+00:00,ENG01,loiter,4000,56.9,519.9,2.65,44.8,8.96,0.235,14.2,8.0,18.3,61.5,0.138
2026-08-29T09:45:04.676818+00:00,ENG01,loiter,4000,56.9,519.9,2.65,44.8,8.96,0.24,14.2,8.0,18.3,61.5,0.138
2026-08-29T09:45:05.676818+00:00,ENG01,loiter,4000,56.9,519.9,2.65,44.8,8.96,0.249,14.2,8.0,18.3,61.5,0.138
2026-08-29T09:45:06.676818+00:00,ENG01,loiter,4000,57.0,519.9,2.65,44.9,8.96,0.237,14.2,8.0,18.3,61.5,0.138
2026-08-29T09:45:07.676818+00:00,ENG01,loiter,4000,57.0,519.9,2.65,44.9,8.96,0.26,14.2,8.0,18.3,61.5,0.138
2026-08-29T09:45:08.676818+00:00,ENG01,loiter,4000,57.0,519.9,2.65,44.9,8.96,0.245,14.2,8.0,18.3,61.5,0.138
2026-08-29T09:45:09.676818+00:00,ENG01,loiter,4000,57.0,519.9,2.65,44.9,8.96,0.235,14.2,8.0,18.3,61.5,0.138
2026-08-29T09:45:10.676818+00:00,ENG01,loiter,4000,57.0,519.9,2.65,44.9,8.96,0.241,14.2,8.0,18.3,61.5,0.138
2026-08-29T09:45:11.676818+00:00,ENG01,loiter,4000,57.0,519.9,2.65,45.0,8.96,0.249,14.2,8.0,18.3,61.5,0.138
2026-08-29T09:45:12.676818+00:00,ENG01,loiter,4000,57.0,519.9,2.65,45.0,8.96,0.254,14.2,8.0,18.3,61.5,0.138
2026-08-29T09:45:13.676818+00:00,ENG01,loiter,4000,57.0,519.9,2.65,45.0,8.96,0.272,14.2,8.0,18.3,61.5,0.138
2026-08-29T09:45:14.676818+00:00,ENG01,loiter,4000,57.0,519.9,2.65,45.0,8.96,0.241,14.2,8.0,18.3,61.5,0.138
2026-08-29T09:45:15.676818+00:00,ENG01,loiter,4000,57.0,519.9,2.65,45.0,8.96,0.26,14.2,8.0,18.3,61.5,0.138
2026-08-29T09:45:16.676818+00:00,ENG01,loiter,4000,57.0,519.9,2.65,45.1,8.96,0.261,14.2,8.0,18.3,61.5,0.138
2026-08-29T09:45:17.676818+00:00,ENG01,loiter,4000,57.0,519.9,2.65,45.1,8.96,0.236,14.2,8.0,18.3,61.5,0.138
2026-08-29T09:45:18.676818+00:00,ENG01,loiter,4000,57.0,519.9,2.65,45.1,8.96,0.252,14.2,8.0,18.3,61.5,0.138
2026-08-29T09:45:19.676818+00:00,ENG01,loiter,4000,57.0,519.9,2.65,45.1,8.96,0.248,14.2,8.0,18.3,61.5,0.138
2026-08-29T09:45:20.676818+00:00,ENG01,loiter,4000,57.1,519.9,2.65,45.1,8.96,0.251,14.2,8.0,18.3,61.5,0.138
2026-08-29T09:45:21.676818+00:00,ENG01,loiter,4000,57.1,519.9,2.65,45.2,8.96,0.263,14.2,8.0,18.3,61.5,0.138
2026-08-29T09:45:22.676818+00:00,ENG01,loiter,4000,57.1,519.9,2.65,45.2,8.96,0.261,14.2,8.0,18.3,61.5,0.138
2026-08-29T09:45:23.676818+00:00,ENG01,loiter,4000,57.1,519.9,2.65,45.2,8.96,0.25,14.2,8.0,18.3,61.5,0.138
2026-08-29T09:45:24.676818+00:00,ENG01,loiter,4000,57.1,519.9,2.65,45.2,8.96,0.241,14.2,8.0,18.3,61.5,0.138
2026-08-29T09:45:25.676818+00:00,ENG01,loiter,4000,57.1,519.9,2.65,45.2,8.96,0.247,14.2,8.0,18.3,61.5,0.138
2026-08-29T09:45:26.676818+00:00,ENG01,loiter,4000,57.1,519.9,2.65,45.3,8.96,0.235,14.2,8.0,18.3,61.5,0.138
2026-08-29T09:45:27.676818+00:00,ENG01,loiter,4000,57.1,519.9,2.65,45.3,8.96,0.25,14.2,8.0,18.3,61.5,0.138
2026-08-29T09:45:28.676818+00:00,ENG01,loiter,4000,57.1,519.9,2.65,45.3,8.96,0.246,14.2,8.0,18.3,61.5,0.138
2026-08-29T09:45:29.676818+00:00,ENG01,loiter,4000,57.1,519.9,2.65,45.3,8.96,0.236,14.2,8.0,18.3,61.5,0.138
2026-08-29T09:45:30.676818+00:00,ENG01,loiter,4000,57.1,519.9,2.65,45.3,8.96,0.247,14.2,8.0,18.3,61.5,0.138
2026-08-29T09:45:31.676818+00:00,ENG01,loiter,4000,57.1,519.9,2.65,45.4,8.96,0.266,14.2,8.0,18.3,61.5,0.138
2026-08-29T09:45:32.676818+00:00,ENG01,loiter,4000,57.1,519.9,2.65,45.4,8.96,0.247,14.2,8.0,18.3,61.5,0.138
2026-08-29T09:45:33.676818+00:00,ENG01,loiter,4000,57.1,519.9,2.65,45.4,8.96,0.245,14.2,8.0,18.3,61.5,0.138
2026-08-29T09:45:34.676818+00:00,ENG01,loiter,4000,57.1,519.9,2.65,45.4,8.96,0.249,14.2,8.0,18.3,61.5,0.138
2026-08-29T09:45:35.676818+00:00,ENG01,loiter,4000,57.2,519.9,2.65,45.4,8.96,0.236,14.2,8.0,18.3,61.5,0.138
2026-08-29T09:45:36.676818+00:00,ENG01,loiter,4000,57.2,519.9,2.65,45.5,8.96,0.289,14.2,8.0,18.3,61.5,0.138
2026-08-29T09:45:37.676818+00:00,ENG01,loiter,4000,57.2,519.9,2.65,45.5,8.96,0.244,14.2,8.0,18.3,61.5,0.138
2026-08-29T09:45:38.676818+00:00,ENG01,loiter,4000,57.2,519.9,2.65,45.5,8.96,0.26,14.2,8.0,18.3,61.5,0.138
2026-08-29T09:45:39.676818+00:00,ENG01,loiter,4000,57.2,519.9,2.65,45.5,8.96,0.26,14.2,8.0,18.3,61.5,0.138
2026-08-29T09:45:40.676818+00:00,ENG01,loiter,4000,57.2,519.9,2.65,45.5,8.96,0.251,14.2,8.0,18.3,61.5,0.138
2026-08-29T09:45:41.676818+00:00,ENG01,loiter,4000,57.2,519.9,2.65,45.6,8.96,0.241,14.2,8.0,18.3,61.5,0.138
2026-08-29T09:45:42.676818+00:00,ENG01,loiter,4000,57.2,519.9,2.65,45.6,8.96,0.266,14.2,8.0,18.3,61.5,0.138
2026-08-29T09:45:43.676818+00:00,ENG01,loiter,4000,57.2,519.9,2.65,45.6,8.96,0.255,14.2,8.0,18.3,61.5,0.138
2026-08-29T09:45:44.676818+00:00,ENG01,loiter,4000,57.2,519.9,2.65,45.6,8.96,0.233,14.2,8.0,18.3,61.5,0.138
2026-08-29T09:45:45.676818+00:00,ENG01,loiter,4000,57.2,519.9,2.65,45.6,8.96,0.264,14.2,8.0,18.3,61.5,0.138
2026-08-29T09:45:46.676818+00:00,ENG01,loiter,4000,57.2,519.9,2.65,45.7,8.96,0.235,14.2,8.0,18.3,61.5,0.138
2026-08-29T09:45:47.676818+00:00,ENG01,loiter,4000,57.2,519.9,2.65,45.7,8.96,0.237,14.2,8.0,18.3,61.5,0.138
2026-08-29T09:45:48.676818+00:00,ENG01,loiter,4000,57.2,519.9,2.65,45.7,8.96,0.253,14.2,8.0,18.3,61.5,0.138
2026-08-29T09:45:49.676818+00:00,ENG01,loiter,4000,57.2,519.9,2.65,45.7,8.96,0.245,14.2,8.0,18.3,61.5,0.138
2026-08-29T09:45:50.676818+00:00,ENG01,loiter,4000,57.2,519.9,2.65,45.7,8.96,0.234,14.2,8.0,18.3,61.5,0.138
2026-08-29T09:45:51.676818+00:00,ENG01,loiter,4000,57.2,519.9,2.65,45.7,8.96,0.255,14.2,8.0,18.3,61.5,0.138
2026-08-29T09:45:52.676818+00:00,ENG01,loiter,4000,57.2,519.9,2.65,45.8,8.96,0.246,14.2,8.0,18.3,61.5,0.138
2026-08-29T09:45:53.676818+00:00,ENG01,loiter,4000,57.3,519.9,2.65,45.8,8.96,0.237,14.2,8.0,18.3,61.5,0.138
2026-08-29T09:45:54.676818+00:00,ENG01,loiter,4000,57.3,519.9,2.65,45.8,8.96,0.236,14.2,8.0,18.3,61.5,0.138
2026-08-29T09:45:55.676818+00:00,ENG01,loiter,4000,57.3,519.9,2.65,45.8,8.96,0.242,14.2,8.0,18.3,61.5,0.138
2026-08-29T09:45:56.676818+00:00,ENG01,loiter,4000,57.3,519.9,2.65,45.8,8.96,0.24,14.2,8.0,18.3,61.5,0.138
2026-08-29T09:45:57.676818+00:00,ENG01,loiter,4000,57.3,519.9,2.65,45.9,8.96,0.267,14.2,8.0,18.3,61.5,0.138
2026-08-29T09:45:58.676818+00:00,ENG01,loiter,4000,57.3,519.9,2.65,45.9,8.96,0.251,14.2,8.0,18.3,61.5,0.138
2026-08-29T09:45:59.676818+00:00,ENG01,loiter,4000,57.3,519.9,2.65,45.9,8.96,0.244,14.2,8.0,18.3,61.5,0.138
2026-08-29T09:46:00.676818+00:00,ENG01,loiter,4000,57.3,519.9,2.65,45.9,8.96,0.255,14.2,8.0,18.3,61.5,0.138
2026-08-29T09:46:01.676818+00:00,ENG01,loiter,4000,57.3,519.9,2.65,45.9,8.96,0.236,14.2,8.0,18.3,61.5,0.138
2026-08-29T09:46:02.676818+00:00,ENG01,loiter,4000,57.3,519.9,2.65,45.9,8.96,0.246,14.2,8.0,18.3,61.5,0.138
2026-08-29T09:46:03.676818+00:00,ENG01,loiter,4000,57.3,519.9,2.65,46.0,8.96,0.233,14.2,8.0,18.3,61.5,0.138
2026-08-29T09:46:04.676818+00:00,ENG01,loiter,4000,57.3,519.9,2.65,46.0,8.96,0.261,14.2,8.0,18.3,61.5,0.138
2026-08-29T09:46:05.676818+00:00,ENG01,loiter,4000,57.3,519.9,2.65,46.0,8.96,0.248,14.2,8.0,18.3,61.5,0.138
2026-08-29T09:46:06.676818+00:00,ENG01,loiter,4000,57.3,519.9,2.65,46.0,8.96,0.267,14.2,8.0,18.3,61.5,0.138
2026-08-29T09:46:07.676818+00:00,ENG01,loiter,4000,57.3,519.9,2.65,46.0,8.96,0.238,14.2,8.0,18.3,61.5,0.138
2026-08-29T09:46:08.676818+00:00,ENG01,loiter,4000,57.3,519.9,2.65,46.0,8.96,0.258,14.2,8.0,18.3,61.5,0.138
2026-08-29T09:46:09.676818+00:00,ENG01,loiter,4000,57.3,519.9,2.65,46.1,8.96,0.264,14.2,8.0,18.3,61.5,0.138
2026-08-29T09:46:10.676818+00:00,ENG01,loiter,4000,57.3,519.9,2.65,46.1,8.96,0.253,14.2,8.0,18.3,61.5,0.138
2026-08-29T09:46:11.676818+00:00,ENG01,loiter,4000,57.3,519.9,2.65,46.1,8.96,0.275,14.2,8.0,18.3,61.5,0.138
2026-08-29T09:46:12.676818+00:00,ENG01,loiter,4000,57.3,519.9,2.65,46.1,8.96,0.237,14.2,8.0,18.3,61.5,0.138
2026-08-29T09:46:13.676818+00:00,ENG01,loiter,4000,57.4,519.9,2.65,46.1,8.96,0.242,14.2,8.0,18.3,61.5,0.138
2026-08-29T09:46:14.676818+00:00,ENG01,loiter,4000,57.4,519.9,2.65,46.1,8.96,0.236,14.2,8.0,18.3,61.5,0.138
2026-08-29T09:46:15.676818+00:00,ENG01,loiter,4000,57.4,519.9,2.65,46.2,8.96,0.255,14.2,8.0,18.3,61.5,0.138
2026-08-29T09:46:16.676818+00:00,ENG01,loiter,4000,57.4,519.9,2.65,46.2,8.96,0.238,14.2,8.0,18.3,61.5,0.138
2026-08-29T09:46:17.676818+00:00,ENG01,loiter,4000,57.4,519.9,2.65,46.2,8.96,0.256,14.2,8.0,18.3,61.5,0.138
2026-08-29T09:46:18.676818+00:00,ENG01,loiter,4000,57.4,519.9,2.65,46.2,8.96,0.279,14.2,8.0,18.3,61.5,0.138
2026-08-29T09:46:19.676818+00:00,ENG01,loiter,4000,57.4,519.9,2.65,46.2,8.96,0.234,14.2,8.0,18.3,61.5,0.138
2026-08-29T09:46:20.676818+00:00,ENG01,loiter,4000,57.4,519.9,2.65,46.2,8.96,0.243,14.2,8.0,18.3,61.5,0.138
2026-08-29T09:46:21.676818+00:00,ENG01,loiter,4000,57.4,519.9,2.65,46.3,8.96,0.257,14.2,8.0,18.3,61.5,0.138
2026-08-29T09:46:22.676818+00:00,ENG01,loiter,4000,57.4,519.9,2.65,46.3,8.96,0.252,14.2,8.0,18.3,61.5,0.138
2026-08-29T09:46:23.676818+00:00,ENG01,loiter,4000,57.4,519.9,2.65,46.3,8.96,0.244,14.2,8.0,18.3,61.5,0.138
2026-08-29T09:46:24.676818+00:00,ENG01,loiter,4000,57.4,519.9,2.65,46.3,8.96,0.256,14.2,8.0,18.3,61.5,0.138
2026-08-29T09:46:25.676818+00:00,ENG01,loiter,4000,57.4,519.9,2.65,46.3,8.96,0.24,14.2,8.0,18.3,61.5,0.138
2026-08-29T09:46:26.676818+00:00,ENG01,loiter,4000,57.4,519.9,2.65,46.3,8.96,0.242,14.2,8.0,18.3,61.5,0.138
2026-08-29T09:46:27.676818+00:00,ENG01,loiter,4000,57.4,519.9,2.65,46.4,8.96,0.247,14.2,8.0,18.3,61.5,0.138
2026-08-29T09:46:28.676818+00:00,ENG01,loiter,4000,57.4,519.9,2.65,46.4,8.96,0.248,14.2,8.0,18.3,61.5,0.138
2026-08-29T09:46:29.676818+00:00,ENG01,loiter,4000,57.4,519.9,2.65,46.4,8.96,0.241,14.2,8.0,18.3,61.5,0.138
2026-08-29T09:46:30.676818+00:00,ENG01,loiter,4000,57.4,519.9,2.65,46.4,8.96,0.246,14.2,8.0,18.3,61.5,0.138
2026-08-29T09:46:31.676818+00:00,ENG01,loiter,4000,57.4,519.9,2.65,46.4,8.96,0.244,14.2,8.0,18.3,61.5,0.138
2026-08-29T09:46:32.676818+00:00,ENG01,loiter,4000,57.4,519.9,2.65,46.4,8.96,0.238,14.2,8.0,18.3,61.5,0.138
2026-08-29T09:46:33.676818+00:00,ENG01,loiter,4000,57.4,519.9,2.65,46.4,8.96,0.248,14.2,8.0,18.3,61.5,0.138
2026-08-29T09:46:34.676818+00:00,ENG01,loiter,4000,57.4,519.9,2.65,46.5,8.96,0.242,14.2,8.0,18.3,61.5,0.138
2026-08-29T09:46:35.676818+00:00,ENG01,loiter,4000,57.4,519.9,2.65,46.5,8.96,0.252,14.2,8.0,18.3,61.5,0.138
2026-08-29T09:46:36.676818+00:00,ENG01,loiter,4000,57.4,519.9,2.65,46.5,8.96,0.241,14.2,8.0,18.3,61.5,0.138
2026-08-29T09:46:37.676818+00:00,ENG01,loiter,4000,57.5,519.9,2.65,46.5,8.96,0.24,14.2,8.0,18.3,61.5,0.138
2026-08-29T09:46:38.676818+00:00,ENG01,loiter,4000,57.5,519.9,2.65,46.5,8.96,0.233,14.2,8.0,18.3,61.5,0.138
2026-08-29T09:46:39.676818+00:00,ENG01,loiter,4000,57.5,519.9,2.65,46.5,8.96,0.236,14.2,8.0,18.3,61.5,0.138
2026-08-29T09:46:40.676818+00:00,ENG01,loiter,4000,57.5,519.9,2.65,46.6,8.96,0.25,14.2,8.0,18.3,61.5,0.138
2026-08-29T09:46:41.676818+00:00,ENG01,loiter,4000,57.5,519.9,2.65,46.6,8.96,0.249,14.2,8.0,18.3,61.5,0.138
2026-08-29T09:46:42.676818+00:00,ENG01,loiter,4000,57.5,519.9,2.65,46.6,8.96,0.238,14.2,8.0,18.3,61.5,0.138
2026-08-29T09:46:43.676818+00:00,ENG01,loiter,4000,57.5,519.9,2.65,46.6,8.96,0.251,14.2,8.0,18.3,61.5,0.138
2026-08-29T09:46:44.676818+00:00,ENG01,loiter,4000,57.5,519.9,2.65,46.6,8.96,0.237,14.2,8.0,18.3,61.5,0.138
2026-08-29T09:46:45.676818+00:00,ENG01,loiter,4000,57.5,519.9,2.65,46.6,8.96,0.243,14.2,8.0,18.3,61.5,0.138
2026-08-29T09:46:46.676818+00:00,ENG01,loiter,4000,57.5,519.9,2.65,46.6,8.96,0.237,14.2,8.0,18.3,61.5,0.138
2026-08-29T09:46:47.676818+00:00,ENG01,loiter,4000,57.5,519.9,2.65,46.7,8.96,0.248,14.2,8.0,18.3,61.5,0.138
2026-08-29T09:46:48.676818+00:00,ENG01,loiter,4000,57.5,519.9,2.65,46.7,8.96,0.233,14.2,8.0,18.3,61.5,0.138
2026-08-29T09:46:49.676818+00:00,ENG01,loiter,4000,57.5,519.9,2.65,46.7,8.96,0.24,14.2,8.0,18.3,61.5,0.138
2026-08-29T09:46:50.676818+00:00,ENG01,loiter,4000,57.5,519.9,2.65,46.7,8.96,0.246,14.2,8.0,18.3,61.5,0.138
2026-08-29T09:46:51.676818+00:00,ENG01,loiter,4000,57.5,519.9,2.65,46.7,8.96,0.245,14.2,8.0,18.3,61.5,0.138
2026-08-29T09:46:52.676818+00:00,ENG01,loiter,4000,57.5,519.9,2.65,46.7,8.96,0.243,14.2,8.0,18.3,61.5,0.138
2026-08-29T09:46:53.676818+00:00,ENG01,loiter,4000,57.5,519.9,2.65,46.7,8.96,0.236,14.2,8.0,18.3,61.5,0.138
2026-08-29T09:46:54.676818+00:00,ENG01,loiter,4000,57.5,519.9,2.65,46.8,8.96,0.262,14.2,8.0,18.3,61.5,0.138
2026-08-29T09:46:55.676818+00:00,ENG01,loiter,4000,57.5,519.9,2.65,46.8,8.96,0.238,14.2,8.0,18.3,61.5,0.138
2026-08-29T09:46:56.676818+00:00,ENG01,loiter,4000,57.5,519.9,2.65,46.8,8.96,0.238,14.2,8.0,18.3,61.5,0.138
2026-08-29T09:46:57.676818+00:00,ENG01,loiter,4000,57.5,519.9,2.65,46.8,8.96,0.237,14.2,8.0,18.3,61.5,0.138
2026-08-29T09:46:58.676818+00:00,ENG01,loiter,4000,57.5,519.9,2.65,46.8,8.96,0.244,14.2,8.0,18.3,61.5,0.138
2026-08-29T09:46:59.676818+00:00,ENG01,loiter,4000,57.5,519.9,2.65,46.8,8.96,0.238,14.2,8.0,18.3,61.5,0.138
2026-08-29T09:47:00.676818+00:00,ENG01,loiter,4000,57.5,519.9,2.65,46.8,8.96,0.255,14.2,8.0,18.3,61.5,0.138
2026-08-29T09:47:01.676818+00:00,ENG01,loiter,4000,57.5,519.9,2.65,46.9,8.96,0.248,14.2,8.0,18.3,61.5,0.138
2026-08-29T09:47:02.676818+00:00,ENG01,loiter,4000,57.5,519.9,2.65,46.9,8.96,0.249,14.2,8.0,18.3,61.5,0.138
2026-08-29T09:47:03.676818+00:00,ENG01,loiter,4000,57.5,519.9,2.65,46.9,8.96,0.259,14.2,8.0,18.3,61.5,0.138
2026-08-29T09:47:04.676818+00:00,ENG01,loiter,4000,57.5,519.9,2.65,46.9,8.96,0.246,14.2,8.0,18.3,61.5,0.138
2026-08-29T09:47:05.676818+00:00,ENG01,loiter,4000,57.5,519.9,2.65,46.9,8.96,0.244,14.2,8.0,18.3,61.5,0.138
2026-08-29T09:47:06.676818+00:00,ENG01,loiter,4000,57.6,519.9,2.65,46.9,8.96,0.246,14.2,8.0,18.3,61.5,0.138
2026-08-29T09:47:07.676818+00:00,ENG01,loiter,4000,57.6,519.9,2.65,46.9,8.96,0.261,14.2,8.0,18.3,61.5,0.138
2026-08-29T09:47:08.676818+00:00,ENG01,loiter,4000,57.6,519.9,2.65,47.0,8.96,0.244,14.2,8.0,18.3,61.5,0.138
2026-08-29T09:47:09.676818+00:00,ENG01,loiter,4000,57.6,519.9,2.65,47.0,8.96,0.254,14.2,8.0,18.3,61.5,0.138
2026-08-29T09:47:10.676818+00:00,ENG01,loiter,4000,57.6,519.9,2.65,47.0,8.96,0.266,14.2,8.0,18.3,61.5,0.138
2026-08-29T09:47:11.676818+00:00,ENG01,loiter,4000,57.6,519.9,2.65,47.0,8.96,0.238,14.2,8.0,18.3,61.5,0.138
2026-08-29T09:47:12.676818+00:00,ENG01,loiter,4000,57.6,519.9,2.65,47.0,8.96,0.243,14.2,8.0,18.3,61.5,0.138
2026-08-29T09:47:13.676818+00:00,ENG01,loiter,4000,57.6,519.9,2.65,47.0,8.96,0.235,14.2,8.0,18.3,61.5,0.138
2026-08-29T09:47:14.676818+00:00,ENG01,loiter,4000,57.6,519.9,2.65,47.0,8.96,0.25,14.2,8.0,18.3,61.5,0.138
2026-08-29T09:47:15.676818+00:00,ENG01,loiter,4000,57.6,519.9,2.65,47.1,8.96,0.274,14.2,8.0,18.3,61.5,0.138
2026-08-29T09:47:16.676818+00:00,ENG01,loiter,4000,57.6,519.9,2.65,47.1,8.96,0.254,14.2,8.0,18.3,61.5,0.138
2026-08-29T09:47:17.676818+00:00,ENG01,loiter,4000,57.6,519.9,2.65,47.1,8.96,0.237,14.2,8.0,18.3,61.5,0.138
2026-08-29T09:47:18.676818+00:00,ENG01,loiter,4000,57.6,519.9,2.65,47.1,8.96,0.245,14.2,8.0,18.3,61.5,0.138
2026-08-29T09:47:19.676818+00:00,ENG01,loiter,4000,57.6,519.9,2.65,47.1,8.96,0.262,14.2,8.0,18.3,61.5,0.138
2026-08-29T09:47:20.676818+00:00,ENG01,loiter,4000,57.6,519.9,2.65,47.1,8.96,0.247,14.2,8.0,18.3,61.5,0.138
2026-08-29T09:47:21.676818+00:00,ENG01,loiter,4000,57.6,519.9,2.65,47.1,8.96,0.236,14.2,8.0,18.3,61.5,0.138
2026-08-29T09:47:22.676818+00:00,ENG01,loiter,4000,57.6,519.9,2.65,47.1,8.96,0.239,14.2,8.0,18.3,61.5,0.138
2026-08-29T09:47:23.676818+00:00,ENG01,loiter,4000,57.6,519.9,2.65,47.2,8.96,0.272,14.2,8.0,18.3,61.5,0.138
2026-08-29T09:47:24.676818+00:00,ENG01,loiter,4000,57.6,519.9,2.65,47.2,8.96,0.265,14.2,8.0,18.3,61.5,0.138
2026-08-29T09:47:25.676818+00:00,ENG01,loiter,4000,57.6,519.9,2.65,47.2,8.96,0.262,14.2,8.0,18.3,61.5,0.138
2026-08-29T09:47:26.676818+00:00,ENG01,loiter,4000,57.6,519.9,2.65,47.2,8.96,0.257,14.2,8.0,18.3,61.5,0.138
2026-08-29T09:47:27.676818+00:00,ENG01,loiter,4000,57.6,519.9,2.65,47.2,8.96,0.252,14.2,8.0,18.3,61.5,0.138
2026-08-29T09:47:28.676818+00:00,ENG01,loiter,4000,57.6,519.9,2.65,47.2,8.96,0.251,14.2,8.0,18.3,61.5,0.138
2026-08-29T09:47:29.676818+00:00,ENG01,loiter,4000,57.6,519.9,2.65,47.2,8.96,0.263,14.2,8.0,18.3,61.5,0.138
2026-08-29T09:47:30.676818+00:00,ENG01,loiter,4000,57.6,519.9,2.65,47.2,8.96,0.249,14.2,8.0,18.3,61.5,0.138
2026-08-29T09:47:31.676818+00:00,ENG01,loiter,4000,57.6,519.9,2.65,47.3,8.96,0.247,14.2,8.0,18.3,61.5,0.138
2026-08-29T09:47:32.676818+00:00,ENG01,loiter,4000,57.6,519.9,2.65,47.3,8.96,0.255,14.2,8.0,18.3,61.5,0.138
2026-08-29T09:47:33.676818+00:00,ENG01,loiter,4000,57.6,519.9,2.65,47.3,8.96,0.237,14.2,8.0,18.3,61.5,0.138
2026-08-29T09:47:34.676818+00:00,ENG01,loiter,4000,57.6,519.9,2.65,47.3,8.96,0.246,14.2,8.0,18.3,61.5,0.138
2026-08-29T09:47:35.676818+00:00,ENG01,loiter,4000,57.6,519.9,2.65,47.3,8.96,0.251,14.2,8.0,18.3,61.5,0.138
2026-08-29T09:47:36.676818+00:00,ENG01,loiter,4000,57.6,519.9,2.65,47.3,8.96,0.249,14.2,8.0,18.3,61.5,0.138
2026-08-29T09:47:37.676818+00:00,ENG01,loiter,4000,57.6,519.9,2.65,47.3,8.96,0.263,14.2,8.0,18.3,61.5,0.138
2026-08-29T09:47:38.676818+00:00,ENG01,loiter,4000,57.6,519.9,2.65,47.3,8.96,0.241,14.2,8.0,18.3,61.5,0.138
2026-08-29T09:47:39.676818+00:00,ENG01,loiter,4000,57.6,519.9,2.65,47.4,8.96,0.239,14.2,8.0,18.3,61.5,0.138
2026-08-29T09:47:40.676818+00:00,ENG01,loiter,4000,57.6,519.9,2.65,47.4,8.96,0.262,14.2,8.0,18.3,61.5,0.138
2026-08-29T09:47:41.676818+00:00,ENG01,loiter,4000,57.7,519.9,2.65,47.4,8.96,0.255,14.2,8.0,18.3,61.5,0.138
2026-08-29T09:47:42.676818+00:00,ENG01,loiter,4000,57.7,519.9,2.65,47.4,8.96,0.238,14.2,8.0,18.3,61.5,0.138
2026-08-29T09:47:43.676818+00:00,ENG01,loiter,4000,57.7,519.9,2.65,47.4,8.96,0.25,14.2,8.0,18.3,61.5,0.138
2026-08-29T09:47:44.676818+00:00,ENG01,loiter,4000,57.7,519.9,2.65,47.4,8.96,0.254,14.2,8.0,18.3,61.5,0.138
2026-08-29T09:47:45.676818+00:00,ENG01,loiter,4000,57.7,519.9,2.65,47.4,8.96,0.261,14.2,8.0,18.3,61.5,0.138
2026-08-29T09:47:46.676818+00:00,ENG01,loiter,4000,57.7,519.9,2.65,47.4,8.96,0.252,14.2,8.0,18.3,61.5,0.138
2026-08-29T09:47:47.676818+00:00,ENG01,loiter,4000,57.7,519.9,2.65,47.5,8.96,0.237,14.2,8.0,18.3,61.5,0.138
2026-08-29T09:47:48.676818+00:00,ENG01,loiter,4000,57.7,519.9,2.65,47.5,8.96,0.256,14.2,8.0,18.3,61.5,0.138
2026-08-29T09:47:49.676818+00:00,ENG01,loiter,4000,57.7,519.9,2.65,47.5,8.96,0.247,14.2,8.0,18.3,61.5,0.138
2026-08-29T09:47:50.676818+00:00,ENG01,loiter,4000,57.7,519.9,2.65,47.5,8.96,0.284,14.2,8.0,18.3,61.5,0.138
2026-08-29T09:47:51.676818+00:00,ENG01,loiter,4000,57.7,519.9,2.65,47.5,8.96,0.249,14.2,8.0,18.3,61.5,0.138
2026-08-29T09:47:52.676818+00:00,ENG01,loiter,4000,57.7,519.9,2.65,47.5,8.96,0.246,14.2,8.0,18.3,61.5,0.138
2026-08-29T09:47:53.676818+00:00,ENG01,loiter,4000,57.7,519.9,2.65,47.5,8.96,0.245,14.2,8.0,18.3,61.5,0.138
2026-08-29T09:47:54.676818+00:00,ENG01,loiter,4000,57.7,519.9,2.65,47.5,8.96,0.243,14.2,8.0,18.3,61.5,0.138
2026-08-29T09:47:55.676818+00:00,ENG01,loiter,4000,57.7,519.9,2.65,47.5,8.96,0.257,14.2,8.0,18.3,61.5,0.138
2026-08-29T09:47:56.676818+00:00,ENG01,loiter,4000,57.7,519.9,2.65,47.6,8.96,0.237,14.2,8.0,18.3,61.5,0.138
2026-08-29T09:47:57.676818+00:00,ENG01,loiter,4000,57.7,519.9,2.65,47.6,8.96,0.254,14.2,8.0,18.3,61.5,0.138
2026-08-29T09:47:58.676818+00:00,ENG01,loiter,4000,57.7,519.9,2.65,47.6,8.96,0.238,14.2,8.0,18.3,61.5,0.138
2026-08-29T09:47:59.676818+00:00,ENG01,loiter,4000,57.7,519.9,2.65,47.6,8.96,0.257,14.2,8.0,18.3,61.5,0.138
2026-08-29T09:48:00.676818+00:00,ENG01,loiter,4000,57.7,519.9,2.65,47.6,8.96,0.235,14.2,8.0,18.3,61.5,0.138
2026-08-29T09:48:01.676818+00:00,ENG01,loiter,4000,57.7,519.9,2.65,47.6,8.96,0.262,14.2,8.0,18.3,61.5,0.138
2026-08-29T09:48:02.676818+00:00,ENG01,loiter,4000,57.7,519.9,2.65,47.6,8.96,0.273,14.2,8.0,18.3,61.5,0.138
2026-08-29T09:48:03.676818+00:00,ENG01,loiter,4000,57.7,519.9,2.65,47.6,8.96,0.254,14.2,8.0,18.3,61.5,0.138
2026-08-29T09:48:04.676818+00:00,ENG01,loiter,4000,57.7,519.9,2.65,47.6,8.96,0.253,14.2,8.0,18.3,61.5,0.138
2026-08-29T09:48:05.676818+00:00,ENG01,loiter,4000,57.7,519.9,2.65,47.7,8.96,0.243,14.2,8.0,18.3,61.5,0.138
2026-08-29T09:48:06.676818+00:00,ENG01,loiter,4000,57.7,519.9,2.65,47.7,8.96,0.251,14.2,8.0,18.3,61.5,0.138
2026-08-29T09:48:07.676818+00:00,ENG01,loiter,4000,57.7,519.9,2.65,47.7,8.96,0.245,14.2,8.0,18.3,61.5,0.138
2026-08-29T09:48:08.676818+00:00,ENG01,loiter,4000,57.7,519.9,2.65,47.7,8.96,0.268,14.2,8.0,18.3,61.5,0.138
2026-08-29T09:48:09.676818+00:00,ENG01,loiter,4000,57.7,519.9,2.65,47.7,8.96,0.245,14.2,8.0,18.3,61.5,0.138
2026-08-29T09:48:10.676818+00:00,ENG01,loiter,4000,57.7,519.9,2.65,47.7,8.96,0.255,14.2,8.0,18.3,61.5,0.138
2026-08-29T09:48:11.676818+00:00,ENG01,loiter,4000,57.7,519.9,2.65,47.7,8.96,0.277,14.2,8.0,18.3,61.5,0.138
2026-08-29T09:48:12.676818+00:00,ENG01,loiter,4000,57.7,519.9,2.65,47.7,8.96,0.241,14.2,8.0,18.3,61.5,0.138
2026-08-29T09:48:13.676818+00:00,ENG01,loiter,4000,57.7,519.9,2.65,47.7,8.96,0.237,14.2,8.0,18.3,61.5,0.138
2026-08-29T09:48:14.676818+00:00,ENG01,loiter,4000,57.7,519.9,2.65,47.8,8.96,0.246,14.2,8.0,18.3,61.5,0.138
2026-08-29T09:48:15.676818+00:00,ENG01,loiter,4000,57.7,519.9,2.65,47.8,8.96,0.264,14.2,8.0,18.3,61.5,0.138
2026-08-29T09:48:16.676818+00:00,ENG01,loiter,4000,57.7,519.9,2.65,47.8,8.96,0.25,14.2,8.0,18.3,61.5,0.138
2026-08-29T09:48:17.676818+00:00,ENG01,loiter,4000,57.7,519.9,2.65,47.8,8.96,0.249,14.2,8.0,18.3,61.5,0.138
2026-08-29T09:48:18.676818+00:00,ENG01,loiter,4000,57.7,519.9,2.65,47.8,8.96,0.237,14.2,8.0,18.3,61.5,0.138
2026-08-29T09:48:19.676818+00:00,ENG01,loiter,4000,57.7,519.9,2.65,47.8,8.96,0.24,14.2,8.0,18.3,61.5,0.138
2026-08-29T09:48:20.676818+00:00,ENG01,loiter,4000,57.7,519.9,2.65,47.8,8.96,0.25,14.2,8.0,18.3,61.5,0.138
2026-08-29T09:48:21.676818+00:00,ENG01,loiter,4000,57.7,519.9,2.65,47.8,8.96,0.271,14.2,8.0,18.3,61.5,0.138
2026-08-29T09:48:22.676818+00:00,ENG01,loiter,4000,57.7,519.9,2.65,47.8,8.96,0.256,14.2,8.0,18.3,61.5,0.138
2026-08-29T09:48:23.676818+00:00,ENG01,loiter,4000,57.7,519.9,2.65,47.9,8.96,0.249,14.2,8.0,18.3,61.5,0.138
2026-08-29T09:48:24.676818+00:00,ENG01,loiter,4000,57.7,519.9,2.65,47.9,8.96,0.244,14.2,8.0,18.3,61.5,0.138
2026-08-29T09:48:25.676818+00:00,ENG01,loiter,4000,57.7,519.9,2.65,47.9,8.96,0.233,14.2,8.0,18.3,61.5,0.138
2026-08-29T09:48:26.676818+00:00,ENG01,loiter,4000,57.7,519.9,2.65,47.9,8.96,0.247,14.2,8.0,18.3,61.5,0.138
2026-08-29T09:48:27.676818+00:00,ENG01,loiter,4000,57.7,519.9,2.65,47.9,8.96,0.253,14.2,8.0,18.3,61.5,0.138
2026-08-29T09:48:28.676818+00:00,ENG01,loiter,4000,57.7,519.9,2.65,47.9,8.96,0.253,14.2,8.0,18.3,61.5,0.138
2026-08-29T09:48:29.676818+00:00,ENG01,loiter,4000,57.7,519.9,2.65,47.9,8.96,0.249,14.2,8.0,18.3,61.5,0.138
2026-08-29T09:48:30.676818+00:00,ENG01,loiter,4000,57.8,519.9,2.65,47.9,8.96,0.243,14.2,8.0,18.3,61.5,0.138
2026-08-29T09:48:31.676818+00:00,ENG01,loiter,4000,57.8,519.9,2.65,47.9,8.96,0.261,14.2,8.0,18.3,61.5,0.138
2026-08-29T09:48:32.676818+00:00,ENG01,loiter,4000,57.8,519.9,2.65,47.9,8.96,0.243,14.2,8.0,18.3,61.5,0.138
2026-08-29T09:48:33.676818+00:00,ENG01,loiter,4000,57.8,519.9,2.65,48.0,8.96,0.256,14.2,8.0,18.3,61.5,0.138
2026-08-29T09:48:34.676818+00:00,ENG01,loiter,4000,57.8,519.9,2.65,48.0,8.96,0.247,14.2,8.0,18.3,61.5,0.138
2026-08-29T09:48:35.676818+00:00,ENG01,loiter,4000,57.8,519.9,2.65,48.0,8.96,0.242,14.2,8.0,18.3,61.5,0.138
2026-08-29T09:48:36.676818+00:00,ENG01,loiter,4000,57.8,519.9,2.65,48.0,8.96,0.253,14.2,8.0,18.3,61.5,0.138
2026-08-29T09:48:37.676818+00:00,ENG01,loiter,4000,57.8,519.9,2.65,48.0,8.96,0.24,14.2,8.0,18.3,61.5,0.138
2026-08-29T09:48:38.676818+00:00,ENG01,loiter,4000,57.8,519.9,2.65,48.0,8.96,0.251,14.2,8.0,18.3,61.5,0.138
2026-08-29T09:48:39.676818+00:00,ENG01,loiter,4000,57.8,519.9,2.65,48.0,8.96,0.235,14.2,8.0,18.3,61.5,0.138
2026-08-29T09:48:40.676818+00:00,ENG01,loiter,4000,57.8,519.9,2.65,48.0,8.96,0.235,14.2,8.0,18.3,61.5,0.138
2026-08-29T09:48:41.676818+00:00,ENG01,loiter,4000,57.8,519.9,2.65,48.0,8.96,0.234,14.2,8.0,18.3,61.5,0.138
2026-08-29T09:48:42.676818+00:00,ENG01,loiter,4000,57.8,519.9,2.65,48.0,8.96,0.253,14.2,8.0,18.3,61.5,0.138
2026-08-29T09:48:43.676818+00:00,ENG01,loiter,4000,57.8,519.9,2.65,48.0,8.96,0.234,14.2,8.0,18.3,61.5,0.138
2026-08-29T09:48:44.676818+00:00,ENG01,loiter,4000,57.8,519.9,2.65,48.1,8.96,0.244,14.2,8.0,18.3,61.5,0.138
2026-08-29T09:48:45.676818+00:00,ENG01,loiter,4000,57.8,519.9,2.65,48.1,8.96,0.245,14.2,8.0,18.3,61.5,0.138
2026-08-29T09:48:46.676818+00:00,ENG01,loiter,4000,57.8,519.9,2.65,48.1,8.96,0.25,14.2,8.0,18.3,61.5,0.138
2026-08-29T09:48:47.676818+00:00,ENG01,loiter,4000,57.8,519.9,2.65,48.1,8.96,0.251,14.2,8.0,18.3,61.5,0.138
2026-08-29T09:48:48.676818+00:00,ENG01,loiter,4000,57.8,519.9,2.65,48.1,8.96,0.262,14.2,8.0,18.3,61.5,0.138
2026-08-29T09:48:49.676818+00:00,ENG01,loiter,4000,57.8,519.9,2.65,48.1,8.96,0.243,14.2,8.0,18.3,61.5,0.138
2026-08-29T09:48:50.676818+00:00,ENG01,loiter,4000,57.8,519.9,2.65,48.1,8.96,0.241,14.2,8.0,18.3,61.5,0.138
2026-08-29T09:48:51.676818+00:00,ENG01,loiter,4000,57.8,519.9,2.65,48.1,8.96,0.25,14.2,8.0,18.3,61.5,0.138
2026-08-29T09:48:52.676818+00:00,ENG01,loiter,4000,57.8,519.9,2.65,48.1,8.96,0.258,14.2,8.0,18.3,61.5,0.138
2026-08-29T09:48:53.676818+00:00,ENG01,loiter,4000,57.8,519.9,2.65,48.1,8.96,0.263,14.2,8.0,18.3,61.5,0.138
2026-08-29T09:48:54.676818+00:00,ENG01,loiter,4000,57.8,519.9,2.65,48.1,8.96,0.236,14.2,8.0,18.3,61.5,0.138
2026-08-29T09:48:55.676818+00:00,ENG01,loiter,4000,57.8,519.9,2.65,48.2,8.96,0.264,14.2,8.0,18.3,61.5,0.138
2026-08-29T09:48:56.676818+00:00,ENG01,loiter,4000,57.8,519.9,2.65,48.2,8.96,0.246,14.2,8.0,18.3,61.5,0.138
2026-08-29T09:48:57.676818+00:00,ENG01,loiter,4000,57.8,519.9,2.65,48.2,8.96,0.243,14.2,8.0,18.3,61.5,0.138
2026-08-29T09:48:58.676818+00:00,ENG01,loiter,4000,57.8,519.9,2.65,48.2,8.96,0.247,14.2,8.0,18.3,61.5,0.138
2026-08-29T09:48:59.676818+00:00,ENG01,loiter,4000,57.8,519.9,2.65,48.2,8.96,0.246,14.2,8.0,18.3,61.5,0.138
2026-08-29T09:49:00.676818+00:00,ENG01,loiter,4000,57.8,519.9,2.65,48.2,8.96,0.261,14.2,8.0,18.3,61.5,0.138
2026-08-29T09:49:01.676818+00:00,ENG01,loiter,4000,57.8,519.9,2.65,48.2,8.96,0.241,14.2,8.0,18.3,61.5,0.138
2026-08-29T09:49:02.676818+00:00,ENG01,loiter,4000,57.8,519.9,2.65,48.2,8.96,0.245,14.2,8.0,18.3,61.5,0.138
2026-08-29T09:49:03.676818+00:00,ENG01,loiter,4000,57.8,519.9,2.65,48.2,8.96,0.235,14.2,8.0,18.3,61.5,0.138
2026-08-29T09:49:04.676818+00:00,ENG01,loiter,4000,57.8,519.9,2.65,48.2,8.96,0.267,14.2,8.0,18.3,61.5,0.138
2026-08-29T09:49:05.676818+00:00,ENG01,loiter,4000,57.8,519.9,2.65,48.2,8.96,0.263,14.2,8.0,18.3,61.5,0.138
2026-08-29T09:49:06.676818+00:00,ENG01,loiter,4000,57.8,519.9,2.65,48.3,8.96,0.239,14.2,8.0,18.3,61.5,0.138
2026-08-29T09:49:07.676818+00:00,ENG01,loiter,4000,57.8,519.9,2.65,48.3,8.96,0.242,14.2,8.0,18.3,61.5,0.138
2026-08-29T09:49:08.676818+00:00,ENG01,loiter,4000,57.8,519.9,2.65,48.3,8.96,0.262,14.2,8.0,18.3,61.5,0.138
2026-08-29T09:49:09.676818+00:00,ENG01,loiter,4000,57.8,519.9,2.65,48.3,8.96,0.233,14.2,8.0,18.3,61.5,0.138
2026-08-29T09:49:10.676818+00:00,ENG01,loiter,4000,57.8,519.9,2.65,48.3,8.96,0.238,14.2,8.0,18.3,61.5,0.138
2026-08-29T09:49:11.676818+00:00,ENG01,loiter,4000,57.8,519.9,2.65,48.3,8.96,0.238,14.2,8.0,18.3,61.5,0.138
2026-08-29T09:49:12.676818+00:00,ENG01,loiter,4000,57.8,519.9,2.65,48.3,8.96,0.264,14.2,8.0,18.3,61.5,0.138
2026-08-29T09:49:13.676818+00:00,ENG01,loiter,4000,57.8,519.9,2.65,48.3,8.96,0.236,14.2,8.0,18.3,61.5,0.138
2026-08-29T09:49:14.676818+00:00,ENG01,loiter,4000,57.8,519.9,2.65,48.3,8.96,0.254,14.2,8.0,18.3,61.5,0.138
2026-08-29T09:49:15.676818+00:00,ENG01,loiter,4000,57.8,519.9,2.65,48.3,8.96,0.234,14.2,8.0,18.3,61.5,0.138
2026-08-29T09:49:16.676818+00:00,ENG01,loiter,4000,57.8,519.9,2.65,48.3,8.96,0.241,14.2,8.0,18.3,61.5,0.138
2026-08-29T09:49:17.676818+00:00,ENG01,loiter,4000,57.8,519.9,2.65,48.3,8.96,0.233,14.2,8.0,18.3,61.5,0.138
2026-08-29T09:49:18.676818+00:00,ENG01,loiter,4000,57.8,519.9,2.65,48.4,8.96,0.246,14.2,8.0,18.3,61.5,0.138
2026-08-29T09:49:19.676818+00:00,ENG01,loiter,4000,57.8,519.9,2.65,48.4,8.96,0.249,14.2,8.0,18.3,61.5,0.138
2026-08-29T09:49:20.676818+00:00,ENG01,loiter,4000,57.8,519.9,2.65,48.4,8.96,0.267,14.2,8.0,18.3,61.5,0.138
2026-08-29T09:49:21.676818+00:00,ENG01,loiter,4000,57.8,519.9,2.65,48.4,8.96,0.242,14.2,8.0,18.3,61.5,0.138
2026-08-29T09:49:22.676818+00:00,ENG01,loiter,4000,57.8,519.9,2.65,48.4,8.96,0.249,14.2,8.0,18.3,61.5,0.138
2026-08-29T09:49:23.676818+00:00,ENG01,loiter,4000,57.8,519.9,2.65,48.4,8.96,0.246,14.2,8.0,18.3,61.5,0.138
2026-08-29T09:49:24.676818+00:00,ENG01,loiter,4000,57.8,519.9,2.65,48.4,8.96,0.243,14.2,8.0,18.3,61.5,0.138
2026-08-29T09:49:25.676818+00:00,ENG01,loiter,4000,57.8,519.9,2.65,48.4,8.96,0.254,14.2,8.0,18.3,61.5,0.138
2026-08-29T09:49:26.676818+00:00,ENG01,loiter,4000,57.8,519.9,2.65,48.4,8.96,0.253,14.2,8.0,18.3,61.5,0.138
2026-08-29T09:49:27.676818+00:00,ENG01,loiter,4000,57.8,519.9,2.65,48.4,8.96,0.24,14.2,8.0,18.3,61.5,0.138
2026-08-29T09:49:28.676818+00:00,ENG01,loiter,4000,57.8,519.9,2.65,48.4,8.96,0.241,14.2,8.0,18.3,61.5,0.138
2026-08-29T09:49:29.676818+00:00,ENG01,loiter,4000,57.8,519.9,2.65,48.4,8.96,0.243,14.2,8.0,18.3,61.5,0.138
2026-08-29T09:49:30.676818+00:00,ENG01,loiter,4000,57.8,519.9,2.65,48.5,8.96,0.253,14.2,8.0,18.3,61.5,0.138
2026-08-29T09:49:31.676818+00:00,ENG01,loiter,4000,57.8,519.9,2.65,48.5,8.96,0.249,14.2,8.0,18.3,61.5,0.138
2026-08-29T09:49:32.676818+00:00,ENG01,loiter,4000,57.8,519.9,2.65,48.5,8.96,0.241,14.2,8.0,18.3,61.5,0.138
2026-08-29T09:49:33.676818+00:00,ENG01,loiter,4000,57.8,519.9,2.65,48.5,8.96,0.245,14.2,8.0,18.3,61.5,0.138
2026-08-29T09:49:34.676818+00:00,ENG01,loiter,4000,57.8,519.9,2.65,48.5,8.96,0.253,14.2,8.0,18.3,61.5,0.138
2026-08-29T09:49:35.676818+00:00,ENG01,loiter,4000,57.8,519.9,2.65,48.5,8.96,0.233,14.2,8.0,18.3,61.5,0.138
2026-08-29T09:49:36.676818+00:00,ENG01,loiter,4000,57.8,519.9,2.65,48.5,8.96,0.251,14.2,8.0,18.3,61.5,0.138
2026-08-29T09:49:37.676818+00:00,ENG01,loiter,4000,57.8,519.9,2.65,48.5,8.96,0.238,14.2,8.0,18.3,61.5,0.138
2026-08-29T09:49:38.676818+00:00,ENG01,loiter,4000,57.8,519.9,2.65,48.5,8.96,0.258,14.2,8.0,18.3,61.5,0.138
2026-08-29T09:49:39.676818+00:00,ENG01,loiter,4000,57.8,519.9,2.65,48.5,8.96,0.236,14.2,8.0,18.3,61.5,0.138
2026-08-29T09:49:40.676818+00:00,ENG01,loiter,4000,57.8,519.9,2.65,48.5,8.96,0.235,14.2,8.0,18.3,61.5,0.138
2026-08-29T09:49:41.676818+00:00,ENG01,loiter,4000,57.8,519.9,2.65,48.5,8.96,0.242,14.2,8.0,18.3,61.5,0.138
2026-08-29T09:49:42.676818+00:00,ENG01,loiter,4000,57.8,519.9,2.65,48.5,8.96,0.263,14.2,8.0,18.3,61.5,0.138
2026-08-29T09:49:43.676818+00:00,ENG01,loiter,4000,57.8,519.9,2.65,48.6,8.96,0.236,14.2,8.0,18.3,61.5,0.138
2026-08-29T09:49:44.676818+00:00,ENG01,loiter,4000,57.9,519.9,2.65,48.6,8.96,0.253,14.2,8.0,18.3,61.5,0.138
2026-08-29T09:49:45.676818+00:00,ENG01,loiter,4000,57.9,519.9,2.65,48.6,8.96,0.258,14.2,8.0,18.3,61.5,0.138
2026-08-29T09:49:46.676818+00:00,ENG01,loiter,4000,57.9,519.9,2.65,48.6,8.96,0.29,14.2,8.0,18.3,61.5,0.138
2026-08-29T09:49:47.676818+00:00,ENG01,loiter,4000,57.9,519.9,2.65,48.6,8.96,0.239,14.2,8.0,18.3,61.5,0.138
2026-08-29T09:49:48.676818+00:00,ENG01,loiter,4000,57.9,519.9,2.65,48.6,8.96,0.237,14.2,8.0,18.3,61.5,0.138
2026-08-29T09:49:49.676818+00:00,ENG01,loiter,4000,57.9,519.9,2.65,48.6,8.96,0.255,14.2,8.0,18.3,61.5,0.138
2026-08-29T09:49:50.676818+00:00,ENG01,loiter,4000,57.9,519.9,2.65,48.6,8.96,0.27,14.2,8.0,18.3,61.5,0.138
2026-08-29T09:49:51.676818+00:00,ENG01,loiter,4000,57.9,519.9,2.65,48.6,8.96,0.252,14.2,8.0,18.3,61.5,0.138
2026-08-29T09:49:52.676818+00:00,ENG01,loiter,4000,57.9,519.9,2.65,48.6,8.96,0.252,14.2,8.0,18.3,61.5,0.138
2026-08-29T09:49:53.676818+00:00,ENG01,loiter,4000,57.9,519.9,2.65,48.6,8.96,0.245,14.2,8.0,18.3,61.5,0.138
2026-08-29T09:49:54.676818+00:00,ENG01,loiter,4000,57.9,519.9,2.65,48.6,8.96,0.235,14.2,8.0,18.3,61.5,0.138
2026-08-29T09:49:55.676818+00:00,ENG01,loiter,4000,57.9,519.9,2.65,48.6,8.96,0.283,14.2,8.0,18.3,61.5,0.138
2026-08-29T09:49:56.676818+00:00,ENG01,loiter,4000,57.9,519.9,2.65,48.6,8.96,0.258,14.2,8.0,18.3,61.5,0.138
2026-08-29T09:49:57.676818+00:00,ENG01,loiter,4000,57.9,519.9,2.65,48.7,8.96,0.246,14.2,8.0,18.3,61.5,0.138
2026-08-29T09:49:58.676818+00:00,ENG01,loiter,4000,57.9,519.9,2.65,48.7,8.96,0.238,14.2,8.0,18.3,61.5,0.138
2026-08-29T09:49:59.676818+00:00,ENG01,loiter,4000,57.9,519.9,2.65,48.7,8.96,0.249,14.2,8.0,18.3,61.5,0.138
2026-08-29T09:50:00.676818+00:00,ENG01,loiter,4000,57.9,519.9,2.65,48.7,8.96,0.25,14.2,8.0,18.3,61.5,0.138
2026-08-29T09:50:01.676818+00:00,ENG01,loiter,4000,57.9,519.9,2.65,48.7,8.96,0.239,14.2,8.0,18.3,61.5,0.138
2026-08-29T09:50:02.676818+00:00,ENG01,loiter,4000,57.9,519.9,2.65,48.7,8.96,0.237,14.2,8.0,18.3,61.5,0.138
2026-08-29T09:50:03.676818+00:00,ENG01,loiter,4000,57.9,519.9,2.65,48.7,8.96,0.255,14.2,8.0,18.3,61.5,0.138
2026-08-29T09:50:04.676818+00:00,ENG01,loiter,4000,57.9,519.9,2.65,48.7,8.96,0.255,14.2,8.0,18.3,61.5,0.138
2026-08-29T09:50:05.676818+00:00,ENG01,loiter,4000,57.9,519.9,2.65,48.7,8.96,0.234,14.2,8.0,18.3,61.5,0.138
2026-08-29T09:50:06.676818+00:00,ENG01,loiter,4000,57.9,519.9,2.65,48.7,8.96,0.235,14.2,8.0,18.3,61.5,0.138
2026-08-29T09:50:07.676818+00:00,ENG01,loiter,4000,57.9,519.9,2.65,48.7,8.96,0.253,14.2,8.0,18.3,61.5,0.138
2026-08-29T09:50:08.676818+00:00,ENG01,loiter,4000,57.9,519.9,2.65,48.7,8.96,0.267,14.2,8.0,18.3,61.5,0.138
2026-08-29T09:50:09.676818+00:00,ENG01,loiter,4000,57.9,519.9,2.65,48.7,8.96,0.241,14.2,8.0,18.3,61.5,0.138
2026-08-29T09:50:10.676818+00:00,ENG01,loiter,4000,57.9,519.9,2.65,48.7,8.96,0.234,14.2,8.0,18.3,61.5,0.138
2026-08-29T09:50:11.676818+00:00,ENG01,loiter,4000,57.9,519.9,2.65,48.7,8.96,0.238,14.2,8.0,18.3,61.5,0.138
2026-08-29T09:50:12.676818+00:00,ENG01,loiter,4000,57.9,519.9,2.65,48.8,8.96,0.262,14.2,8.0,18.3,61.5,0.138
2026-08-29T09:50:13.676818+00:00,ENG01,loiter,4000,57.9,519.9,2.65,48.8,8.96,0.248,14.2,8.0,18.3,61.5,0.138
2026-08-29T09:50:14.676818+00:00,ENG01,loiter,4000,57.9,519.9,2.65,48.8,8.96,0.236,14.2,8.0,18.3,61.5,0.138
2026-08-29T09:50:15.676818+00:00,ENG01,loiter,4000,57.9,519.9,2.65,48.8,8.96,0.258,14.2,8.0,18.3,61.5,0.138
2026-08-29T09:50:16.676818+00:00,ENG01,loiter,4000,57.9,519.9,2.65,48.8,8.96,0.254,14.2,8.0,18.3,61.5,0.138
2026-08-29T09:50:17.676818+00:00,ENG01,loiter,4000,57.9,519.9,2.65,48.8,8.96,0.241,14.2,8.0,18.3,61.5,0.138
2026-08-29T09:50:18.676818+00:00,ENG01,loiter,4000,57.9,519.9,2.65,48.8,8.96,0.236,14.2,8.0,18.3,61.5,0.138
2026-08-29T09:50:19.676818+00:00,ENG01,loiter,4000,57.9,519.9,2.65,48.8,8.96,0.238,14.2,8.0,18.3,61.5,0.138
2026-08-29T09:50:20.676818+00:00,ENG01,loiter,4000,57.9,519.9,2.65,48.8,8.96,0.269,14.2,8.0,18.3,61.5,0.138
2026-08-29T09:50:21.676818+00:00,ENG01,loiter,4000,57.9,519.9,2.65,48.8,8.96,0.235,14.2,8.0,18.3,61.5,0.138
2026-08-29T09:50:22.676818+00:00,ENG01,loiter,4000,57.9,519.9,2.65,48.8,8.96,0.244,14.2,8.0,18.3,61.5,0.138
2026-08-29T09:50:23.676818+00:00,ENG01,loiter,4000,57.9,519.9,2.65,48.8,8.96,0.244,14.2,8.0,18.3,61.5,0.138
2026-08-29T09:50:24.676818+00:00,ENG01,loiter,4000,57.9,519.9,2.65,48.8,8.96,0.253,14.2,8.0,18.3,61.5,0.138
2026-08-29T09:50:25.676818+00:00,ENG01,loiter,4000,57.9,519.9,2.65,48.8,8.96,0.244,14.2,8.0,18.3,61.5,0.138
2026-08-29T09:50:26.676818+00:00,ENG01,loiter,4000,57.9,519.9,2.65,48.8,8.96,0.242,14.2,8.0,18.3,61.5,0.138
2026-08-29T09:50:27.676818+00:00,ENG01,loiter,4000,57.9,519.9,2.65,48.9,8.96,0.246,14.2,8.0,18.3,61.5,0.138
2026-08-29T09:50:28.676818+00:00,ENG01,loiter,4000,57.9,519.9,2.65,48.9,8.96,0.244,14.2,8.0,18.3,61.5,0.138
2026-08-29T09:50:29.676818+00:00,ENG01,loiter,4000,57.9,519.9,2.65,48.9,8.96,0.245,14.2,8.0,18.3,61.5,0.138
2026-08-29T09:50:30.676818+00:00,ENG01,loiter,4000,57.9,519.9,2.65,48.9,8.96,0.235,14.2,8.0,18.3,61.5,0.138
2026-08-29T09:50:31.676818+00:00,ENG01,loiter,4000,57.9,519.9,2.65,48.9,8.96,0.235,14.2,8.0,18.3,61.5,0.138
2026-08-29T09:50:32.676818+00:00,ENG01,loiter,4000,57.9,519.9,2.65,48.9,8.96,0.242,14.2,8.0,18.3,61.5,0.138
2026-08-29T09:50:33.676818+00:00,ENG01,loiter,4000,57.9,519.9,2.65,48.9,8.96,0.241,14.2,8.0,18.3,61.5,0.138
2026-08-29T09:50:34.676818+00:00,ENG01,loiter,4000,57.9,519.9,2.65,48.9,8.96,0.242,14.2,8.0,18.3,61.5,0.138
2026-08-29T09:50:35.676818+00:00,ENG01,loiter,4000,57.9,519.9,2.65,48.9,8.96,0.239,14.2,8.0,18.3,61.5,0.138
2026-08-29T09:50:36.676818+00:00,ENG01,loiter,4000,57.9,519.9,2.65,48.9,8.96,0.267,14.2,8.0,18.3,61.5,0.138
2026-08-29T09:50:37.676818+00:00,ENG01,loiter,4000,57.9,519.9,2.65,48.9,8.96,0.245,14.2,8.0,18.3,61.5,0.138
2026-08-29T09:50:38.676818+00:00,ENG01,loiter,4000,57.9,519.9,2.65,48.9,8.96,0.235,14.2,8.0,18.3,61.5,0.138
2026-08-29T09:50:39.676818+00:00,ENG01,loiter,4000,57.9,519.9,2.65,48.9,8.96,0.264,14.2,8.0,18.3,61.5,0.138
2026-08-29T09:50:40.676818+00:00,ENG01,loiter,4000,57.9,519.9,2.65,48.9,8.96,0.268,14.2,8.0,18.3,61.5,0.138
2026-08-29T09:50:41.676818+00:00,ENG01,loiter,4000,57.9,519.9,2.65,48.9,8.96,0.236,14.2,8.0,18.3,61.5,0.138
2026-08-29T09:50:42.676818+00:00,ENG01,loiter,4000,57.9,519.9,2.65,48.9,8.96,0.245,14.2,8.0,18.3,61.5,0.138
2026-08-29T09:50:43.676818+00:00,ENG01,loiter,4000,57.9,519.9,2.65,48.9,8.96,0.247,14.2,8.0,18.3,61.5,0.138
2026-08-29T09:50:44.676818+00:00,ENG01,loiter,4000,57.9,519.9,2.65,49.0,8.96,0.242,14.2,8.0,18.3,61.5,0.138
2026-08-29T09:50:45.676818+00:00,ENG01,loiter,4000,57.9,519.9,2.65,49.0,8.96,0.238,14.2,8.0,18.3,61.5,0.138
2026-08-29T09:50:46.676818+00:00,ENG01,loiter,4000,57.9,519.9,2.65,49.0,8.96,0.243,14.2,8.0,18.3,61.5,0.138
2026-08-29T09:50:47.676818+00:00,ENG01,loiter,4000,57.9,519.9,2.65,49.0,8.96,0.237,14.2,8.0,18.3,61.5,0.138
2026-08-29T09:50:48.676818+00:00,ENG01,loiter,4000,57.9,519.9,2.65,49.0,8.96,0.296,14.2,8.0,18.3,61.5,0.138
2026-08-29T09:50:49.676818+00:00,ENG01,loiter,4000,57.9,519.9,2.65,49.0,8.96,0.234,14.2,8.0,18.3,61.5,0.138
2026-08-29T09:50:50.676818+00:00,ENG01,loiter,4000,57.9,519.9,2.65,49.0,8.96,0.235,14.2,8.0,18.3,61.5,0.138
2026-08-29T09:50:51.676818+00:00,ENG01,loiter,4000,57.9,519.9,2.65,49.0,8.96,0.247,14.2,8.0,18.3,61.5,0.138
2026-08-29T09:50:52.676818+00:00,ENG01,loiter,4000,57.9,519.9,2.65,49.0,8.96,0.259,14.2,8.0,18.3,61.5,0.138
2026-08-29T09:50:53.676818+00:00,ENG01,loiter,4000,57.9,519.9,2.65,49.0,8.96,0.243,14.2,8.0,18.3,61.5,0.138
2026-08-29T09:50:54.676818+00:00,ENG01,loiter,4000,57.9,519.9,2.65,49.0,8.96,0.241,14.2,8.0,18.3,61.5,0.138
2026-08-29T09:50:55.676818+00:00,ENG01,loiter,4000,57.9,519.9,2.65,49.0,8.96,0.264,14.2,8.0,18.3,61.5,0.138
2026-08-29T09:50:56.676818+00:00,ENG01,loiter,4000,57.9,519.9,2.65,49.0,8.96,0.249,14.2,8.0,18.3,61.5,0.138
2026-08-29T09:50:57.676818+00:00,ENG01,loiter,4000,57.9,519.9,2.65,49.0,8.96,0.256,14.2,8.0,18.3,61.5,0.138
2026-08-29T09:50:58.676818+00:00,ENG01,loiter,4000,57.9,519.9,2.65,49.0,8.96,0.233,14.2,8.0,18.3,61.5,0.138
2026-08-29T09:50:59.676818+00:00,ENG01,loiter,4000,57.9,519.9,2.65,49.0,8.96,0.243,14.2,8.0,18.3,61.5,0.138
2026-08-29T09:51:00.676818+00:00,ENG01,loiter,4000,57.9,519.9,2.65,49.0,8.96,0.243,14.2,8.0,18.3,61.5,0.138
2026-08-29T09:51:01.676818+00:00,ENG01,loiter,4000,57.9,519.9,2.65,49.0,8.96,0.25,14.2,8.0,18.3,61.5,0.138
2026-08-29T09:51:02.676818+00:00,ENG01,loiter,4000,57.9,519.9,2.65,49.1,8.96,0.243,14.2,8.0,18.3,61.5,0.138
2026-08-29T09:51:03.676818+00:00,ENG01,loiter,4000,57.9,519.9,2.65,49.1,8.96,0.264,14.2,8.0,18.3,61.5,0.138
2026-08-29T09:51:04.676818+00:00,ENG01,loiter,4000,57.9,519.9,2.65,49.1,8.96,0.233,14.2,8.0,18.3,61.5,0.138
2026-08-29T09:51:05.676818+00:00,ENG01,loiter,4000,57.9,519.9,2.65,49.1,8.96,0.257,14.2,8.0,18.3,61.5,0.138
2026-08-29T09:51:06.676818+00:00,ENG01,loiter,4000,57.9,519.9,2.65,49.1,8.96,0.255,14.2,8.0,18.3,61.5,0.138
2026-08-29T09:51:07.676818+00:00,ENG01,loiter,4000,57.9,519.9,2.65,49.1,8.96,0.254,14.2,8.0,18.3,61.5,0.138
2026-08-29T09:51:08.676818+00:00,ENG01,loiter,4000,57.9,519.9,2.65,49.1,8.96,0.244,14.2,8.0,18.3,61.5,0.138
2026-08-29T09:51:09.676818+00:00,ENG01,loiter,4000,57.9,519.9,2.65,49.1,8.96,0.234,14.2,8.0,18.3,61.5,0.138
2026-08-29T09:51:10.676818+00:00,ENG01,loiter,4000,57.9,519.9,2.65,49.1,8.96,0.235,14.2,8.0,18.3,61.5,0.138
2026-08-29T09:51:11.676818+00:00,ENG01,loiter,4000,57.9,519.9,2.65,49.1,8.96,0.235,14.2,8.0,18.3,61.5,0.138
2026-08-29T09:51:12.676818+00:00,ENG01,loiter,4000,57.9,519.9,2.65,49.1,8.96,0.252,14.2,8.0,18.3,61.5,0.138
2026-08-29T09:51:13.676818+00:00,ENG01,loiter,4000,57.9,519.9,2.65,49.1,8.96,0.242,14.2,8.0,18.3,61.5,0.138
2026-08-29T09:51:14.676818+00:00,ENG01,loiter,4000,57.9,519.9,2.65,49.1,8.96,0.255,14.2,8.0,18.3,61.5,0.138
2026-08-29T09:51:15.676818+00:00,ENG01,loiter,4000,57.9,519.9,2.65,49.1,8.96,0.279,14.2,8.0,18.3,61.5,0.138
2026-08-29T09:51:16.676818+00:00,ENG01,loiter,4000,57.9,519.9,2.65,49.1,8.96,0.235,14.2,8.0,18.3,61.5,0.138
2026-08-29T09:51:17.676818+00:00,ENG01,loiter,4000,57.9,519.9,2.65,49.1,8.96,0.238,14.2,8.0,18.3,61.5,0.138
2026-08-29T09:51:18.676818+00:00,ENG01,loiter,4000,57.9,519.9,2.65,49.1,8.96,0.257,14.2,8.0,18.3,61.5,0.138
2026-08-29T09:51:19.676818+00:00,ENG01,loiter,4000,57.9,519.9,2.65,49.1,8.96,0.247,14.2,8.0,18.3,61.5,0.138
2026-08-29T09:51:20.676818+00:00,ENG01,loiter,4000,57.9,519.9,2.65,49.1,8.96,0.253,14.2,8.0,18.3,61.5,0.138
2026-08-29T09:51:21.676818+00:00,ENG01,loiter,4000,57.9,519.9,2.65,49.2,8.96,0.238,14.2,8.0,18.3,61.5,0.138
2026-08-29T09:51:22.676818+00:00,ENG01,loiter,4000,57.9,519.9,2.65,49.2,8.96,0.267,14.2,8.0,18.3,61.5,0.138
2026-08-29T09:51:23.676818+00:00,ENG01,loiter,4000,57.9,519.9,2.65,49.2,8.96,0.252,14.2,8.0,18.3,61.5,0.138
2026-08-29T09:51:24.676818+00:00,ENG01,loiter,4000,57.9,519.9,2.65,49.2,8.96,0.241,14.2,8.0,18.3,61.5,0.138
2026-08-29T09:51:25.676818+00:00,ENG01,loiter,4000,57.9,519.9,2.65,49.2,8.96,0.246,14.2,8.0,18.3,61.5,0.138
2026-08-29T09:51:26.676818+00:00,ENG01,loiter,4000,57.9,519.9,2.65,49.2,8.96,0.256,14.2,8.0,18.3,61.5,0.138
2026-08-29T09:51:27.676818+00:00,ENG01,loiter,4000,57.9,519.9,2.65,49.2,8.96,0.25,14.2,8.0,18.3,61.5,0.138
2026-08-29T09:51:28.676818+00:00,ENG01,loiter,4000,57.9,519.9,2.65,49.2,8.96,0.259,14.2,8.0,18.3,61.5,0.138
2026-08-29T09:51:29.676818+00:00,ENG01,loiter,4000,57.9,519.9,2.65,49.2,8.96,0.254,14.2,8.0,18.3,61.5,0.138
2026-08-29T09:51:30.676818+00:00,ENG01,loiter,4000,57.9,519.9,2.65,49.2,8.96,0.233,14.2,8.0,18.3,61.5,0.138
2026-08-29T09:51:31.676818+00:00,ENG01,loiter,4000,57.9,519.9,2.65,49.2,8.96,0.265,14.2,8.0,18.3,61.5,0.138
2026-08-29T09:51:32.676818+00:00,ENG01,loiter,4000,57.9,519.9,2.65,49.2,8.96,0.244,14.2,8.0,18.3,61.5,0.138
2026-08-29T09:51:33.676818+00:00,ENG01,loiter,4000,57.9,519.9,2.65,49.2,8.96,0.24,14.2,8.0,18.3,61.5,0.138
2026-08-29T09:51:34.676818+00:00,ENG01,loiter,4000,57.9,519.9,2.65,49.2,8.96,0.249,14.2,8.0,18.3,61.5,0.138
2026-08-29T09:51:35.676818+00:00,ENG01,loiter,4000,57.9,519.9,2.65,49.2,8.96,0.259,14.2,8.0,18.3,61.5,0.138
2026-08-29T09:51:36.676818+00:00,ENG01,loiter,4000,57.9,519.9,2.65,49.2,8.96,0.243,14.2,8.0,18.3,61.5,0.138
2026-08-29T09:51:37.676818+00:00,ENG01,loiter,4000,57.9,519.9,2.65,49.2,8.96,0.255,14.2,8.0,18.3,61.5,0.138
2026-08-29T09:51:38.676818+00:00,ENG01,loiter,4000,57.9,519.9,2.65,49.2,8.96,0.25,14.2,8.0,18.3,61.5,0.138
2026-08-29T09:51:39.676818+00:00,ENG01,loiter,4000,57.9,519.9,2.65,49.2,8.96,0.266,14.2,8.0,18.3,61.5,0.138
2026-08-29T09:51:40.676818+00:00,ENG01,loiter,4000,57.9,519.9,2.65,49.2,8.96,0.242,14.2,8.0,18.3,61.5,0.138
2026-08-29T09:51:41.676818+00:00,ENG01,loiter,4000,57.9,519.9,2.65,49.2,8.96,0.233,14.2,8.0,18.3,61.5,0.138
2026-08-29T09:51:42.676818+00:00,ENG01,loiter,4000,57.9,519.9,2.65,49.2,8.96,0.25,14.2,8.0,18.3,61.5,0.138
2026-08-29T09:51:43.676818+00:00,ENG01,loiter,4000,57.9,519.9,2.65,49.3,8.96,0.246,14.2,8.0,18.3,61.5,0.138
2026-08-29T09:51:44.676818+00:00,ENG01,loiter,4000,57.9,519.9,2.65,49.3,8.96,0.236,14.2,8.0,18.3,61.5,0.138
2026-08-29T09:51:45.676818+00:00,ENG01,loiter,4000,57.9,519.9,2.65,49.3,8.96,0.249,14.2,8.0,18.3,61.5,0.138
2026-08-29T09:51:46.676818+00:00,ENG01,loiter,4000,57.9,519.9,2.65,49.3,8.96,0.234,14.2,8.0,18.3,61.5,0.138
2026-08-29T09:51:47.676818+00:00,ENG01,loiter,4000,57.9,519.9,2.65,49.3,8.96,0.237,14.2,8.0,18.3,61.5,0.138
2026-08-29T09:51:48.676818+00:00,ENG01,loiter,4000,57.9,519.9,2.65,49.3,8.96,0.272,14.2,8.0,18.3,61.5,0.138
2026-08-29T09:51:49.676818+00:00,ENG01,loiter,4000,57.9,519.9,2.65,49.3,8.96,0.258,14.2,8.0,18.3,61.5,0.138
2026-08-29T09:51:50.676818+00:00,ENG01,loiter,4000,57.9,519.9,2.65,49.3,8.96,0.254,14.2,8.0,18.3,61.5,0.138
2026-08-29T09:51:51.676818+00:00,ENG01,loiter,4000,57.9,519.9,2.65,49.3,8.96,0.264,14.2,8.0,18.3,61.5,0.138
2026-08-29T09:51:52.676818+00:00,ENG01,loiter,4000,57.9,519.9,2.65,49.3,8.96,0.26,14.2,8.0,18.3,61.5,0.138
2026-08-29T09:51:53.676818+00:00,ENG01,loiter,4000,57.9,519.9,2.65,49.3,8.96,0.241,14.2,8.0,18.3,61.5,0.138
2026-08-29T09:51:54.676818+00:00,ENG01,loiter,4000,57.9,519.9,2.65,49.3,8.96,0.235,14.2,8.0,18.3,61.5,0.138
2026-08-29T09:51:55.676818+00:00,ENG01,loiter,4000,57.9,519.9,2.65,49.3,8.96,0.242,14.2,8.0,18.3,61.5,0.138
2026-08-29T09:51:56.676818+00:00,ENG01,loiter,4000,57.9,519.9,2.65,49.3,8.96,0.239,14.2,8.0,18.3,61.5,0.138
2026-08-29T09:51:57.676818+00:00,ENG01,loiter,4000,57.9,519.9,2.65,49.3,8.96,0.241,14.2,8.0,18.3,61.5,0.138
2026-08-29T09:51:58.676818+00:00,ENG01,loiter,4000,57.9,519.9,2.65,49.3,8.96,0.256,14.2,8.0,18.3,61.5,0.138
2026-08-29T09:51:59.676818+00:00,ENG01,loiter,4000,57.9,519.9,2.65,49.3,8.96,0.268,14.2,8.0,18.3,61.5,0.138
2026-08-29T09:52:00.676818+00:00,ENG01,loiter,4000,57.9,519.9,2.65,49.3,8.96,0.28,14.2,8.0,18.3,61.5,0.138
2026-08-29T09:52:01.676818+00:00,ENG01,loiter,4000,57.9,519.9,2.65,49.3,8.96,0.254,14.2,8.0,18.3,61.5,0.138
2026-08-29T09:52:02.676818+00:00,ENG01,loiter,4000,57.9,519.9,2.65,49.3,8.96,0.257,14.2,8.0,18.3,61.5,0.138
2026-08-29T09:52:03.676818+00:00,ENG01,loiter,4000,57.9,519.9,2.65,49.3,8.96,0.251,14.2,8.0,18.3,61.5,0.138
2026-08-29T09:52:04.676818+00:00,ENG01,loiter,4000,57.9,519.9,2.65,49.3,8.96,0.233,14.2,8.0,18.3,61.5,0.138
2026-08-29T09:52:05.676818+00:00,ENG01,loiter,4000,57.9,519.9,2.65,49.3,8.96,0.255,14.2,8.0,18.3,61.5,0.138
2026-08-29T09:52:06.676818+00:00,ENG01,loiter,4000,57.9,519.9,2.65,49.4,8.96,0.259,14.2,8.0,18.3,61.5,0.138
2026-08-29T09:52:07.676818+00:00,ENG01,loiter,4000,57.9,519.9,2.65,49.4,8.96,0.244,14.2,8.0,18.3,61.5,0.138
2026-08-29T09:52:08.676818+00:00,ENG01,loiter,4000,57.9,519.9,2.65,49.4,8.96,0.247,14.2,8.0,18.3,61.5,0.138
2026-08-29T09:52:09.676818+00:00,ENG01,loiter,4000,57.9,519.9,2.65,49.4,8.96,0.24,14.2,8.0,18.3,61.5,0.138
2026-08-29T09:52:10.676818+00:00,ENG01,loiter,4000,57.9,519.9,2.65,49.4,8.96,0.271,14.2,8.0,18.3,61.5,0.138
2026-08-29T09:52:11.676818+00:00,ENG01,loiter,4000,57.9,519.9,2.65,49.4,8.96,0.252,14.2,8.0,18.3,61.5,0.138
2026-08-29T09:52:12.676818+00:00,ENG01,loiter,4000,57.9,519.9,2.65,49.4,8.96,0.235,14.2,8.0,18.3,61.5,0.138
2026-08-29T09:52:13.676818+00:00,ENG01,loiter,4000,57.9,519.9,2.65,49.4,8.96,0.25,14.2,8.0,18.3,61.5,0.138
2026-08-29T09:52:14.676818+00:00,ENG01,loiter,4000,57.9,519.9,2.65,49.4,8.96,0.237,14.2,8.0,18.3,61.5,0.138
2026-08-29T09:52:15.676818+00:00,ENG01,loiter,4000,57.9,519.9,2.65,49.4,8.96,0.239,14.2,8.0,18.3,61.5,0.138
2026-08-29T09:52:16.676818+00:00,ENG01,loiter,4000,57.9,519.9,2.65,49.4,8.96,0.236,14.2,8.0,18.3,61.5,0.138
2026-08-29T09:52:17.676818+00:00,ENG01,loiter,4000,57.9,519.9,2.65,49.4,8.96,0.252,14.2,8.0,18.3,61.5,0.138
2026-08-29T09:52:18.676818+00:00,ENG01,loiter,4000,57.9,519.9,2.65,49.4,8.96,0.236,14.2,8.0,18.3,61.5,0.138
2026-08-29T09:52:19.676818+00:00,ENG01,loiter,4000,57.9,519.9,2.65,49.4,8.96,0.239,14.2,8.0,18.3,61.5,0.138
2026-08-29T09:52:20.676818+00:00,ENG01,loiter,4000,57.9,519.9,2.65,49.4,8.96,0.248,14.2,8.0,18.3,61.5,0.138
2026-08-29T09:52:21.676818+00:00,ENG01,loiter,4000,57.9,519.9,2.65,49.4,8.96,0.237,14.2,8.0,18.3,61.5,0.138
2026-08-29T09:52:22.676818+00:00,ENG01,loiter,4000,57.9,519.9,2.65,49.4,8.96,0.254,14.2,8.0,18.3,61.5,0.138
2026-08-29T09:52:23.676818+00:00,ENG01,loiter,4000,57.9,519.9,2.65,49.4,8.96,0.241,14.2,8.0,18.3,61.5,0.138
2026-08-29T09:52:24.676818+00:00,ENG01,loiter,4000,57.9,519.9,2.65,49.4,8.96,0.257,14.2,8.0,18.3,61.5,0.138
2026-08-29T09:52:25.676818+00:00,ENG01,loiter,4000,57.9,519.9,2.65,49.4,8.96,0.245,14.2,8.0,18.3,61.5,0.138
2026-08-29T09:52:26.676818+00:00,ENG01,loiter,4000,57.9,519.9,2.65,49.4,8.96,0.243,14.2,8.0,18.3,61.5,0.138
2026-08-29T09:52:27.676818+00:00,ENG01,loiter,4000,57.9,519.9,2.65,49.4,8.96,0.254,14.2,8.0,18.3,61.5,0.138
2026-08-29T09:52:28.676818+00:00,ENG01,loiter,4000,57.9,519.9,2.65,49.4,8.96,0.254,14.2,8.0,18.3,61.5,0.138
2026-08-29T09:52:29.676818+00:00,ENG01,loiter,4000,57.9,519.9,2.65,49.4,8.96,0.26,14.2,8.0,18.3,61.5,0.138
2026-08-29T09:52:30.676818+00:00,ENG01,loiter,4000,57.9,519.9,2.65,49.4,8.96,0.238,14.2,8.0,18.3,61.5,0.138
2026-08-29T09:52:31.676818+00:00,ENG01,loiter,4000,57.9,519.9,2.65,49.5,8.96,0.261,14.2,8.0,18.3,61.5,0.138
2026-08-29T09:52:32.676818+00:00,ENG01,loiter,4000,57.9,519.9,2.65,49.5,8.96,0.26,14.2,8.0,18.3,61.5,0.138
2026-08-29T09:52:33.676818+00:00,ENG01,loiter,4000,58.0,519.9,2.65,49.5,8.96,0.249,14.2,8.0,18.3,61.5,0.138
2026-08-29T09:52:34.676818+00:00,ENG01,loiter,4000,58.0,519.9,2.65,49.5,8.96,0.239,14.2,8.0,18.3,61.5,0.138
2026-08-29T09:52:35.676818+00:00,ENG01,loiter,4000,58.0,519.9,2.65,49.5,8.96,0.237,14.2,8.0,18.3,61.5,0.138
2026-08-29T09:52:36.676818+00:00,ENG01,loiter,4000,58.0,519.9,2.65,49.5,8.96,0.246,14.2,8.0,18.3,61.5,0.138
2026-08-29T09:52:37.676818+00:00,ENG01,loiter,4000,58.0,519.9,2.65,49.5,8.96,0.239,14.2,8.0,18.3,61.5,0.138
2026-08-29T09:52:38.676818+00:00,ENG01,loiter,4000,58.0,519.9,2.65,49.5,8.96,0.273,14.2,8.0,18.3,61.5,0.138
2026-08-29T09:52:39.676818+00:00,ENG01,loiter,4000,58.0,519.9,2.65,49.5,8.96,0.247,14.2,8.0,18.3,61.5,0.138
2026-08-29T09:52:40.676818+00:00,ENG01,loiter,4000,58.0,519.9,2.65,49.5,8.96,0.25,14.2,8.0,18.3,61.5,0.138
2026-08-29T09:52:41.676818+00:00,ENG01,loiter,4000,58.0,519.9,2.65,49.5,8.96,0.256,14.2,8.0,18.3,61.5,0.138
2026-08-29T09:52:42.676818+00:00,ENG01,loiter,4000,58.0,519.9,2.65,49.5,8.96,0.26,14.2,8.0,18.3,61.5,0.138
2026-08-29T09:52:43.676818+00:00,ENG01,loiter,4000,58.0,519.9,2.65,49.5,8.96,0.245,14.2,8.0,18.3,61.5,0.138
2026-08-29T09:52:44.676818+00:00,ENG01,loiter,4000,58.0,519.9,2.65,49.5,8.96,0.236,14.2,8.0,18.3,61.5,0.138
2026-08-29T09:52:45.676818+00:00,ENG01,loiter,4000,58.0,519.9,2.65,49.5,8.96,0.264,14.2,8.0,18.3,61.5,0.138
2026-08-29T09:52:46.676818+00:00,ENG01,loiter,4000,58.0,519.9,2.65,49.5,8.96,0.254,14.2,8.0,18.3,61.5,0.138
2026-08-29T09:52:47.676818+00:00,ENG01,loiter,4000,58.0,519.9,2.65,49.5,8.96,0.247,14.2,8.0,18.3,61.5,0.138
2026-08-29T09:52:48.676818+00:00,ENG01,loiter,4000,58.0,519.9,2.65,49.5,8.96,0.28,14.2,8.0,18.3,61.5,0.138
2026-08-29T09:52:49.676818+00:00,ENG01,loiter,4000,58.0,519.9,2.65,49.5,8.96,0.237,14.2,8.0,18.3,61.5,0.138
2026-08-29T09:52:50.676818+00:00,ENG01,loiter,4000,58.0,519.9,2.65,49.5,8.96,0.254,14.2,8.0,18.3,61.5,0.138
2026-08-29T09:52:51.676818+00:00,ENG01,loiter,4000,58.0,519.9,2.65,49.5,8.96,0.234,14.2,8.0,18.3,61.5,0.138
2026-08-29T09:52:52.676818+00:00,ENG01,loiter,4000,58.0,519.9,2.65,49.5,8.96,0.252,14.2,8.0,18.3,61.5,0.138
2026-08-29T09:52:53.676818+00:00,ENG01,loiter,4000,58.0,519.9,2.65,49.5,8.96,0.262,14.2,8.0,18.3,61.5,0.138
2026-08-29T09:52:54.676818+00:00,ENG01,loiter,4000,58.0,519.9,2.65,49.5,8.96,0.238,14.2,8.0,18.3,61.5,0.138
2026-08-29T09:52:55.676818+00:00,ENG01,loiter,4000,58.0,519.9,2.65,49.5,8.96,0.257,14.2,8.0,18.3,61.5,0.138
2026-08-29T09:52:56.676818+00:00,ENG01,loiter,4000,58.0,519.9,2.65,49.5,8.96,0.282,14.2,8.0,18.3,61.5,0.138
2026-08-29T09:52:57.676818+00:00,ENG01,loiter,4000,58.0,519.9,2.65,49.5,8.96,0.234,14.2,8.0,18.3,61.5,0.138
2026-08-29T09:52:58.676818+00:00,ENG01,loiter,4000,58.0,519.9,2.65,49.5,8.96,0.242,14.2,8.0,18.3,61.5,0.138
2026-08-29T09:52:59.676818+00:00,ENG01,loiter,4000,58.0,519.9,2.65,49.5,8.96,0.254,14.2,8.0,18.3,61.5,0.138
2026-08-29T09:53:00.676818+00:00,ENG01,loiter,4000,58.0,519.9,2.65,49.6,8.96,0.275,14.2,8.0,18.3,61.5,0.138
2026-08-29T09:53:01.676818+00:00,ENG01,loiter,4000,58.0,519.9,2.65,49.6,8.96,0.252,14.2,8.0,18.3,61.5,0.138
2026-08-29T09:53:02.676818+00:00,ENG01,loiter,4000,58.0,519.9,2.65,49.6,8.96,0.252,14.2,8.0,18.3,61.5,0.138
2026-08-29T09:53:03.676818+00:00,ENG01,loiter,4000,58.0,519.9,2.65,49.6,8.96,0.256,14.2,8.0,18.3,61.5,0.138
2026-08-29T09:53:04.676818+00:00,ENG01,loiter,4000,58.0,519.9,2.65,49.6,8.96,0.256,14.2,8.0,18.3,61.5,0.138
2026-08-29T09:53:05.676818+00:00,ENG01,loiter,4000,58.0,519.9,2.65,49.6,8.96,0.249,14.2,8.0,18.3,61.5,0.138
2026-08-29T09:53:06.676818+00:00,ENG01,loiter,4000,58.0,519.9,2.65,49.6,8.96,0.241,14.2,8.0,18.3,61.5,0.138
2026-08-29T09:53:07.676818+00:00,ENG01,loiter,4000,58.0,519.9,2.65,49.6,8.96,0.235,14.2,8.0,18.3,61.5,0.138
2026-08-29T09:53:08.676818+00:00,ENG01,loiter,4000,58.0,519.9,2.65,49.6,8.96,0.282,14.2,8.0,18.3,61.5,0.138
2026-08-29T09:53:09.676818+00:00,ENG01,loiter,4000,58.0,519.9,2.65,49.6,8.96,0.244,14.2,8.0,18.3,61.5,0.138
2026-08-29T09:53:10.676818+00:00,ENG01,loiter,4000,58.0,519.9,2.65,49.6,8.96,0.252,14.2,8.0,18.3,61.5,0.138
2026-08-29T09:53:11.676818+00:00,ENG01,loiter,4000,58.0,519.9,2.65,49.6,8.96,0.243,14.2,8.0,18.3,61.5,0.138
2026-08-29T09:53:12.676818+00:00,ENG01,loiter,4000,58.0,519.9,2.65,49.6,8.96,0.236,14.2,8.0,18.3,61.5,0.138
2026-08-29T09:53:13.676818+00:00,ENG01,loiter,4000,58.0,519.9,2.65,49.6,8.96,0.261,14.2,8.0,18.3,61.5,0.138
2026-08-29T09:53:14.676818+00:00,ENG01,loiter,4000,58.0,519.9,2.65,49.6,8.96,0.235,14.2,8.0,18.3,61.5,0.138
2026-08-29T09:53:15.676818+00:00,ENG01,loiter,4000,58.0,519.9,2.65,49.6,8.96,0.238,14.2,8.0,18.3,61.5,0.138
2026-08-29T09:53:16.676818+00:00,ENG01,descent,4000,57.7,514.0,2.65,49.6,7.34,0.225,14.2,9.0,19.3,50.4,0.1
2026-08-29T09:53:17.676818+00:00,ENG01,descent,3998,57.5,508.7,2.65,49.6,7.34,0.224,14.2,9.0,19.3,50.4,0.1
2026-08-29T09:53:18.676818+00:00,ENG01,descent,3995,57.3,504.1,2.65,49.6,7.33,0.229,14.2,9.0,19.3,50.4,0.1
2026-08-29T09:53:19.676818+00:00,ENG01,descent,3992,57.1,500.0,2.64,49.6,7.32,0.255,14.2,9.0,19.3,50.4,0.1
2026-08-29T09:53:20.676818+00:00,ENG01,descent,3990,56.9,496.3,2.64,49.6,7.31,0.228,14.2,9.0,19.3,50.4,0.1
2026-08-29T09:53:21.676818+00:00,ENG01,descent,3988,56.7,493.1,1.45,49.6,7.3,0.228,14.2,9.0,19.3,50.4,0.099
2026-08-29T09:53:22.676818+00:00,ENG01,descent,3985,56.5,490.2,1.45,49.6,7.29,0.239,14.2,9.0,19.3,50.4,0.099
2026-08-29T09:53:23.676818+00:00,ENG01,descent,3982,56.2,487.6,1.45,49.6,7.29,0.229,14.2,9.0,19.3,50.3,0.099
2026-08-29T09:53:24.676818+00:00,ENG01,descent,3980,56.0,485.4,1.44,49.6,7.28,0.215,14.2,9.0,19.2,50.3,0.099
2026-08-29T09:53:25.676818+00:00,ENG01,descent,3978,55.8,483.3,1.44,49.6,7.27,0.225,14.2,9.0,19.2,50.3,0.099
2026-08-29T09:53:26.676818+00:00,ENG01,descent,3975,55.6,481.5,1.44,49.6,7.26,0.225,14.2,9.0,19.2,50.3,0.099
2026-08-29T09:53:27.676818+00:00,ENG01,descent,3972,55.4,479.9,1.44,49.6,7.25,0.243,14.2,9.0,19.2,50.3,0.099
2026-08-29T09:53:28.676818+00:00,ENG01,descent,3970,55.2,478.4,1.44,49.6,7.24,0.233,14.2,9.0,19.2,50.3,0.099
2026-08-29T09:53:29.676818+00:00,ENG01,descent,3968,55.0,477.1,1.44,49.6,7.24,0.226,14.2,9.0,19.2,50.3,0.099
2026-08-29T09:53:30.676818+00:00,ENG01,descent,3965,54.8,475.9,1.43,49.6,7.23,0.236,14.2,9.0,19.2,50.3,0.099
2026-08-29T09:53:31.676818+00:00,ENG01,descent,3962,54.6,474.9,1.43,49.6,7.22,0.222,14.2,9.0,19.2,50.3,0.098
2026-08-29T09:53:32.676818+00:00,ENG01,descent,3960,54.4,473.9,1.43,49.5,7.21,0.221,14.2,9.0,19.2,50.3,0.098
2026-08-29T09:53:33.676818+00:00,ENG01,descent,3958,54.2,473.0,1.43,49.5,7.2,0.235,14.2,9.0,19.1,50.2,0.098
2026-08-29T09:53:34.676818+00:00,ENG01,descent,3955,54.0,472.2,1.43,49.5,7.19,0.223,14.2,9.0,19.1,50.2,0.098
2026-08-29T09:53:35.676818+00:00,ENG01,descent,3952,53.8,471.5,1.42,49.5,7.19,0.231,14.2,9.0,19.1,50.2,0.098
2026-08-29T09:53:36.676818+00:00,ENG01,descent,3950,53.6,470.9,1.42,49.5,7.18,0.217,14.2,9.0,19.1,50.2,0.098
2026-08-29T09:53:37.676818+00:00,ENG01,descent,3948,53.5,470.3,1.42,49.5,7.17,0.212,14.2,9.0,19.1,50.2,0.098
2026-08-29T09:53:38.676818+00:00,ENG01,descent,3945,53.3,469.7,1.42,49.5,7.16,0.244,14.2,9.0,19.1,50.2,0.098
2026-08-29T09:53:39.676818+00:00,ENG01,descent,3942,53.1,469.2,1.42,49.5,7.15,0.223,14.2,9.0,19.1,50.2,0.098
2026-08-29T09:53:40.676818+00:00,ENG01,descent,3940,52.9,468.7,1.42,49.5,7.14,0.221,14.2,9.0,19.1,50.2,0.098
2026-08-29T09:53:41.676818+00:00,ENG01,descent,3938,52.7,468.3,1.41,49.4,7.14,0.213,14.2,9.0,19.1,50.2,0.097
2026-08-29T09:53:42.676818+00:00,ENG01,descent,3935,52.5,467.9,1.41,49.4,7.13,0.221,14.2,9.0,19.0,50.2,0.097
2026-08-29T09:53:43.676818+00:00,ENG01,descent,3932,52.3,467.5,1.41,49.4,7.12,0.238,14.2,9.0,19.0,50.1,0.097
2026-08-29T09:53:44.676818+00:00,ENG01,descent,3930,52.2,467.2,1.41,49.4,7.11,0.239,14.2,9.0,19.0,50.1,0.097
2026-08-29T09:53:45.676818+00:00,ENG01,descent,3928,52.0,466.8,1.41,49.4,7.1,0.218,14.2,9.0,19.0,50.1,0.097
2026-08-29T09:53:46.676818+00:00,ENG01,descent,3925,51.8,466.5,1.4,49.4,7.09,0.218,14.2,9.0,19.0,50.1,0.097
2026-08-29T09:53:47.676818+00:00,ENG01,descent,3922,51.6,466.2,1.4,49.4,7.09,0.218,14.2,9.0,19.0,50.1,0.097
2026-08-29T09:53:48.676818+00:00,ENG01,descent,3920,51.5,465.9,1.4,49.3,7.08,0.249,14.2,9.0,19.0,50.1,0.097
2026-08-29T09:53:49.676818+00:00,ENG01,descent,3918,51.3,465.6,1.4,49.3,7.07,0.231,14.2,9.0,19.0,50.1,0.097
2026-08-29T09:53:50.676818+00:00,ENG01,descent,3915,51.1,465.4,1.4,49.3,7.06,0.22,14.2,9.0,19.0,50.1,0.096
2026-08-29T09:53:51.676818+00:00,ENG01,descent,3912,50.9,465.1,1.4,49.3,7.05,0.211,14.2,9.0,19.0,50.1,0.096
2026-08-29T09:53:52.676818+00:00,ENG01,descent,3910,50.8,464.9,1.39,49.3,7.04,0.222,14.2,9.0,18.9,50.1,0.096
2026-08-29T09:53:53.676818+00:00,ENG01,descent,3908,50.6,464.6,1.39,49.2,7.04,0.227,14.2,9.0,18.9,50.0,0.096
2026-08-29T09:53:54.676818+00:00,ENG01,descent,3905,50.4,464.4,1.39,49.2,7.03,0.214,14.2,9.0,18.9,50.0,0.096
2026-08-29T09:53:55.676818+00:00,ENG01,descent,3902,50.2,464.2,1.39,49.2,7.02,0.211,14.2,9.0,18.9,50.0,0.096
2026-08-29T09:53:56.676818+00:00,ENG01,descent,3900,50.1,463.9,1.39,49.2,7.01,0.211,14.2,9.0,18.9,50.0,0.096
2026-08-29T09:53:57.676818+00:00,ENG01,descent,3898,49.9,463.7,1.39,49.2,7.0,0.218,14.2,9.0,18.9,50.0,0.096
2026-08-29T09:53:58.676818+00:00,ENG01,descent,3895,49.7,463.5,1.38,49.1,6.99,0.211,14.2,9.0,18.9,50.0,0.096
2026-08-29T09:53:59.676818+00:00,ENG01,descent,3892,49.6,463.3,1.38,49.1,6.99,0.213,14.2,9.0,18.9,50.0,0.096
2026-08-29T09:54:00.676818+00:00,ENG01,descent,3890,49.4,463.1,1.38,49.1,6.98,0.22,14.2,9.0,18.9,50.0,0.095
2026-08-29T09:54:01.676818+00:00,ENG01,descent,3888,49.3,462.9,1.38,49.1,6.97,0.24,14.2,9.0,18.8,50.0,0.095
2026-08-29T09:54:02.676818+00:00,ENG01,descent,3885,49.1,462.7,1.38,49.0,6.96,0.219,14.2,9.0,18.8,49.9,0.095
2026-08-29T09:54:03.676818+00:00,ENG01,descent,3882,48.9,462.5,1.37,49.0,6.95,0.21,14.2,9.0,18.8,49.9,0.095
2026-08-29T09:54:04.676818+00:00,ENG01,descent,3880,48.8,462.3,1.37,49.0,6.94,0.238,14.2,9.0,18.8,49.9,0.095
2026-08-29T09:54:05.676818+00:00,ENG01,descent,3878,48.6,462.1,1.37,49.0,6.94,0.226,14.2,9.0,18.8,49.9,0.095
2026-08-29T09:54:06.676818+00:00,ENG01,descent,3875,48.5,461.9,1.37,49.0,6.93,0.225,14.2,9.0,18.8,49.9,0.095
2026-08-29T09:54:07.676818+00:00,ENG01,descent,3872,48.3,461.7,1.37,48.9,6.92,0.22,14.2,9.0,18.8,49.9,0.095
2026-08-29T09:54:08.676818+00:00,ENG01,descent,3870,48.2,461.5,1.37,48.9,6.91,0.21,14.2,9.0,18.8,49.9,0.095
2026-08-29T09:54:09.676818+00:00,ENG01,descent,3868,48.0,461.3,1.36,48.9,6.9,0.219,14.2,9.0,18.8,49.9,0.094
2026-08-29T09:54:10.676818+00:00,ENG01,descent,3865,47.9,461.1,1.36,48.8,6.89,0.212,14.2,9.0,18.7,49.9,0.094
2026-08-29T09:54:11.676818+00:00,ENG01,descent,3862,47.7,460.9,1.36,48.8,6.89,0.225,14.2,9.0,18.7,49.9,0.094
2026-08-29T09:54:12.676818+00:00,ENG01,descent,3860,47.6,460.7,1.36,48.8,6.88,0.226,14.2,9.0,18.7,49.8,0.094
2026-08-29T09:54:13.676818+00:00,ENG01,descent,3858,47.4,460.5,1.36,48.8,6.87,0.257,14.2,9.0,18.7,49.8,0.094
2026-08-29T09:54:14.676818+00:00,ENG01,descent,3855,47.3,460.3,1.35,48.7,6.86,0.212,14.2,9.0,18.7,49.8,0.094
2026-08-29T09:54:15.676818+00:00,ENG01,descent,3852,47.1,460.2,1.35,48.7,6.85,0.22,14.2,9.0,18.7,49.8,0.094
2026-08-29T09:54:16.676818+00:00,ENG01,descent,3850,47.0,460.0,1.35,48.7,6.84,0.23,14.2,9.0,18.7,49.8,0.094
2026-08-29T09:54:17.676818+00:00,ENG01,descent,3848,46.8,459.8,1.35,48.7,6.84,0.208,14.2,9.0,18.7,49.8,0.094
2026-08-29T09:54:18.676818+00:00,ENG01,descent,3845,46.7,459.6,1.35,48.6,6.83,0.229,14.2,9.0,18.7,49.8,0.094
2026-08-29T09:54:19.676818+00:00,ENG01,descent,3842,46.5,459.4,1.35,48.6,6.82,0.233,14.2,9.0,18.7,49.8,0.093
2026-08-29T09:54:20.676818+00:00,ENG01,descent,3840,46.4,459.2,1.34,48.6,6.81,0.213,14.2,9.0,18.6,49.8,0.093
2026-08-29T09:54:21.676818+00:00,ENG01,descent,3838,46.2,459.0,1.34,48.5,6.8,0.236,14.2,9.0,18.6,49.7,0.093
2026-08-29T09:54:22.676818+00:00,ENG01,descent,3835,46.1,458.8,1.34,48.5,6.79,0.218,14.2,9.0,18.6,49.7,0.093
2026-08-29T09:54:23.676818+00:00,ENG01,descent,3832,46.0,458.7,1.34,48.5,6.79,0.213,14.2,9.0,18.6,49.7,0.093
2026-08-29T09:54:24.676818+00:00,ENG01,descent,3830,45.8,458.5,1.34,48.4,6.78,0.211,14.2,9.0,18.6,49.7,0.093
2026-08-29T09:54:25.676818+00:00,ENG01,descent,3828,45.7,458.3,1.33,48.4,6.77,0.21,14.2,9.0,18.6,49.7,0.093
2026-08-29T09:54:26.676818+00:00,ENG01,descent,3825,45.6,458.1,1.33,48.4,6.76,0.229,14.2,9.0,18.6,49.7,0.093
2026-08-29T09:54:27.676818+00:00,ENG01,descent,3822,45.4,457.9,1.33,48.3,6.75,0.218,14.2,9.0,18.6,49.7,0.093
2026-08-29T09:54:28.676818+00:00,ENG01,descent,3820,45.3,457.7,1.33,48.3,6.74,0.222,14.2,9.0,18.6,49.7,0.092
2026-08-29T09:54:29.676818+00:00,ENG01,descent,3818,45.2,457.5,1.33,48.3,6.74,0.209,14.2,9.0,18.5,49.7,0.092
2026-08-29T09:54:30.676818+00:00,ENG01,descent,3815,45.0,457.4,1.33,48.2,6.73,0.207,14.2,9.0,18.5,49.7,0.092
2026-08-29T09:54:31.676818+00:00,ENG01,descent,3812,44.9,457.2,1.32,48.2,6.72,0.204,14.2,9.0,18.5,49.6,0.092
2026-08-29T09:54:32.676818+00:00,ENG01,descent,3810,44.8,457.0,1.32,48.2,6.71,0.233,14.2,9.0,18.5,49.6,0.092
2026-08-29T09:54:33.676818+00:00,ENG01,descent,3808,44.6,456.8,1.32,48.1,6.7,0.224,14.2,9.0,18.5,49.6,0.092
2026-08-29T09:54:34.676818+00:00,ENG01,descent,3805,44.5,456.6,1.32,48.1,6.69,0.227,14.2,9.0,18.5,49.6,0.092
2026-08-29T09:54:35.676818+00:00,ENG01,descent,3802,44.4,456.4,1.32,48.1,6.69,0.223,14.2,9.0,18.5,49.6,0.092
2026-08-29T09:54:36.676818+00:00,ENG01,descent,3800,44.2,456.2,1.32,48.0,6.68,0.224,14.2,9.0,18.5,49.6,0.092
2026-08-29T09:54:37.676818+00:00,ENG01,descent,3798,44.1,456.1,1.31,48.0,6.67,0.203,14.2,9.0,18.5,49.6,0.092
2026-08-29T09:54:38.676818+00:00,ENG01,descent,3795,44.0,455.9,1.31,48.0,6.66,0.213,14.2,9.0,18.5,49.6,0.091
2026-08-29T09:54:39.676818+00:00,ENG01,descent,3792,43.9,455.7,1.31,47.9,6.65,0.201,14.2,9.0,18.4,49.6,0.091
2026-08-29T09:54:40.676818+00:00,ENG01,descent,3790,43.7,455.5,1.31,47.9,6.64,0.225,14.2,9.0,18.4,49.5,0.091
2026-08-29T09:54:41.676818+00:00,ENG01,descent,3788,43.6,455.3,1.31,47.9,6.64,0.215,14.2,9.0,18.4,49.5,0.091
2026-08-29T09:54:42.676818+00:00,ENG01,descent,3785,43.5,455.1,1.3,47.8,6.63,0.215,14.2,9.0,18.4,49.5,0.091
2026-08-29T09:54:43.676818+00:00,ENG01,descent,3782,43.4,454.9,1.3,47.8,6.62,0.213,14.2,9.0,18.4,49.5,0.091
2026-08-29T09:54:44.676818+00:00,ENG01,descent,3780,43.2,454.8,1.3,47.8,6.61,0.211,14.2,9.0,18.4,49.5,0.091
2026-08-29T09:54:45.676818+00:00,ENG01,descent,3778,43.1,454.6,1.3,47.7,6.6,0.231,14.2,9.0,18.4,49.5,0.091
2026-08-29T09:54:46.676818+00:00,ENG01,descent,3775,43.0,454.4,1.3,47.7,6.59,0.204,14.2,9.0,18.4,49.5,0.091
2026-08-29T09:54:47.676818+00:00,ENG01,descent,3772,42.9,454.2,1.3,47.7,6.59,0.211,14.2,9.0,18.4,49.5,0.091
2026-08-29T09:54:48.676818+00:00,ENG01,descent,3770,42.8,454.0,1.29,47.6,6.58,0.214,14.2,9.0,18.3,49.5,0.09
2026-08-29T09:54:49.676818+00:00,ENG01,descent,3768,42.7,453.8,1.29,47.6,6.57,0.217,14.2,9.0,18.3,49.4,0.09
2026-08-29T09:54:50.676818+00:00,ENG01,descent,3765,42.5,453.6,1.29,47.5,6.56,0.238,14.2,9.0,18.3,49.4,0.09
2026-08-29T09:54:51.676818+00:00,ENG01,descent,3762,42.4,453.5,1.29,47.5,6.55,0.223,14.2,9.0,18.3,49.4,0.09
2026-08-29T09:54:52.676818+00:00,ENG01,descent,3760,42.3,453.3,1.29,47.5,6.54,0.202,14.2,9.0,18.3,49.4,0.09
2026-08-29T09:54:53.676818+00:00,ENG01,descent,3758,42.2,453.1,1.28,47.4,6.54,0.201,14.2,9.0,18.3,49.4,0.09
2026-08-29T09:54:54.676818+00:00,ENG01,descent,3755,42.1,452.9,1.28,47.4,6.53,0.207,14.2,9.0,18.3,49.4,0.09
2026-08-29T09:54:55.676818+00:00,ENG01,descent,3752,42.0,452.7,1.28,47.4,6.52,0.219,14.2,9.0,18.3,49.4,0.09
2026-08-29T09:54:56.676818+00:00,ENG01,descent,3750,41.9,452.5,1.28,47.3,6.51,0.224,14.2,9.0,18.3,49.4,0.09
2026-08-29T09:54:57.676818+00:00,ENG01,descent,3748,41.7,452.4,1.28,47.3,6.5,0.206,14.2,9.0,18.2,49.4,0.089
2026-08-29T09:54:58.676818+00:00,ENG01,descent,3745,41.6,452.2,1.28,47.2,6.49,0.2,14.2,9.0,18.2,49.3,0.089
2026-08-29T09:54:59.676818+00:00,ENG01,descent,3742,41.5,452.0,1.27,47.2,6.49,0.215,14.2,9.0,18.2,49.3,0.089
2026-08-29T09:55:00.676818+00:00,ENG01,descent,3740,41.4,451.8,1.27,47.2,6.48,0.211,14.2,9.0,18.2,49.3,0.089
2026-08-29T09:55:01.676818+00:00,ENG01,descent,3738,41.3,451.6,1.27,47.1,6.47,0.197,14.2,9.0,18.2,49.3,0.089
2026-08-29T09:55:02.676818+00:00,ENG01,descent,3735,41.2,451.4,1.27,47.1,6.46,0.214,14.2,9.0,18.2,49.3,0.089
2026-08-29T09:55:03.676818+00:00,ENG01,descent,3732,41.1,451.2,1.27,47.0,6.45,0.212,14.2,9.0,18.2,49.3,0.089
2026-08-29T09:55:04.676818+00:00,ENG01,descent,3730,41.0,451.1,1.26,47.0,6.44,0.211,14.2,9.0,18.2,49.3,0.089
2026-08-29T09:55:05.676818+00:00,ENG01,descent,3728,40.9,450.9,1.26,47.0,6.44,0.206,14.2,9.0,18.2,49.3,0.089
2026-08-29T09:55:06.676818+00:00,ENG01,descent,3725,40.8,450.7,1.26,46.9,6.43,0.197,14.2,9.0,18.2,49.3,0.089
2026-08-29T09:55:07.676818+00:00,ENG01,descent,3722,40.7,450.5,1.26,46.9,6.42,0.22,14.2,9.0,18.1,49.2,0.088
2026-08-29T09:55:08.676818+00:00,ENG01,descent,3720,40.6,450.3,1.26,46.8,6.41,0.202,14.2,9.0,18.1,49.2,0.088
2026-08-29T09:55:09.676818+00:00,ENG01,descent,3718,40.5,450.1,1.26,46.8,6.4,0.228,14.2,9.0,18.1,49.2,0.088
2026-08-29T09:55:10.676818+00:00,ENG01,descent,3715,40.4,450.0,1.25,46.8,6.39,0.203,14.2,9.0,18.1,49.2,0.088
2026-08-29T09:55:11.676818+00:00,ENG01,descent,3712,40.3,449.8,1.25,46.7,6.39,0.208,14.2,9.0,18.1,49.2,0.088
2026-08-29T09:55:12.676818+00:00,ENG01,descent,3710,40.2,449.6,1.25,46.7,6.38,0.207,14.2,9.0,18.1,49.2,0.088
2026-08-29T09:55:13.676818+00:00,ENG01,descent,3708,40.1,449.4,1.25,46.6,6.37,0.228,14.2,9.0,18.1,49.2,0.088
2026-08-29T09:55:14.676818+00:00,ENG01,descent,3705,40.0,449.2,1.25,46.6,6.36,0.215,14.2,9.0,18.1,49.2,0.088
2026-08-29T09:55:15.676818+00:00,ENG01,descent,3702,39.9,449.0,1.25,46.6,6.35,0.242,14.2,9.0,18.1,49.2,0.088
2026-08-29T09:55:16.676818+00:00,ENG01,descent,3700,39.8,448.8,1.24,46.5,6.35,0.206,14.2,9.0,18.0,49.1,0.088
2026-08-29T09:55:17.676818+00:00,ENG01,descent,3698,39.7,448.7,1.24,46.5,6.34,0.195,14.2,9.0,18.0,49.1,0.087
2026-08-29T09:55:18.676818+00:00,ENG01,descent,3695,39.6,448.5,1.24,46.4,6.33,0.196,14.2,9.0,18.0,49.1,0.087
2026-08-29T09:55:19.676818+00:00,ENG01,descent,3692,39.5,448.3,1.24,46.4,6.32,0.198,14.2,9.0,18.0,49.1,0.087
2026-08-29T09:55:20.676818+00:00,ENG01,descent,3690,39.4,448.1,1.24,46.3,6.31,0.203,14.2,9.0,18.0,49.1,0.087
2026-08-29T09:55:21.676818+00:00,ENG01,descent,3688,39.3,447.9,1.23,46.3,6.3,0.206,14.2,9.0,18.0,49.1,0.087
2026-08-29T09:55:22.676818+00:00,ENG01,descent,3685,39.2,447.7,1.23,46.3,6.3,0.209,14.2,9.0,18.0,49.1,0.087
2026-08-29T09:55:23.676818+00:00,ENG01,descent,3682,39.1,447.6,1.23,46.2,6.29,0.199,14.2,9.0,18.0,49.1,0.087
2026-08-29T09:55:24.676818+00:00,ENG01,descent,3680,39.0,447.4,1.23,46.2,6.28,0.204,14.2,9.0,18.0,49.1,0.087
2026-08-29T09:55:25.676818+00:00,ENG01,descent,3678,38.9,447.2,1.23,46.1,6.27,0.224,14.2,9.0,17.9,49.0,0.087
2026-08-29T09:55:26.676818+00:00,ENG01,descent,3675,38.8,447.0,1.23,46.1,6.26,0.223,14.2,9.0,17.9,49.0,0.086
2026-08-29T09:55:27.676818+00:00,ENG01,descent,3672,38.7,446.8,1.22,46.0,6.25,0.2,14.2,9.0,17.9,49.0,0.086
2026-08-29T09:55:28.676818+00:00,ENG01,descent,3670,38.6,446.6,1.22,46.0,6.25,0.202,14.2,9.0,17.9,49.0,0.086
2026-08-29T09:55:29.676818+00:00,ENG01,descent,3668,38.6,446.5,1.22,46.0,6.24,0.197,14.2,9.0,17.9,49.0,0.086
2026-08-29T09:55:30.676818+00:00,ENG01,descent,3665,38.5,446.3,1.22,45.9,6.23,0.196,14.2,9.0,17.9,49.0,0.086
2026-08-29T09:55:31.676818+00:00,ENG01,descent,3662,38.4,446.1,1.22,45.9,6.22,0.213,14.2,9.0,17.9,49.0,0.086
2026-08-29T09:55:32.676818+00:00,ENG01,descent,3660,38.3,445.9,1.21,45.8,6.21,0.222,14.2,9.0,17.9,49.0,0.086
2026-08-29T09:55:33.676818+00:00,ENG01,descent,3658,38.2,445.7,1.21,45.8,6.21,0.219,14.2,9.0,17.9,48.9,0.086
2026-08-29T09:55:34.676818+00:00,ENG01,descent,3655,38.1,445.5,1.21,45.7,6.2,0.195,14.2,9.0,17.9,48.9,0.086
2026-08-29T09:55:35.676818+00:00,ENG01,descent,3652,38.0,445.4,1.21,45.7,6.19,0.217,14.2,9.0,17.8,48.9,0.086
2026-08-29T09:55:36.676818+00:00,ENG01,descent,3650,37.9,445.2,1.21,45.7,6.18,0.196,14.2,9.0,17.8,48.9,0.085
2026-08-29T09:55:37.676818+00:00,ENG01,descent,3648,37.9,445.0,1.21,45.6,6.17,0.202,14.2,9.0,17.8,48.9,0.085
2026-08-29T09:55:38.676818+00:00,ENG01,descent,3645,37.8,444.8,1.2,45.6,6.16,0.198,14.2,9.0,17.8,48.9,0.085
2026-08-29T09:55:39.676818+00:00,ENG01,descent,3642,37.7,444.6,1.2,45.5,6.16,0.205,14.2,9.0,17.8,48.9,0.085
2026-08-29T09:55:40.676818+00:00,ENG01,descent,3640,37.6,444.4,1.2,45.5,6.15,0.192,14.2,9.0,17.8,48.9,0.085
2026-08-29T09:55:41.676818+00:00,ENG01,descent,3638,37.5,444.3,1.2,45.4,6.14,0.207,14.2,9.0,17.8,48.9,0.085
2026-08-29T09:55:42.676818+00:00,ENG01,descent,3635,37.4,444.1,1.2,45.4,6.13,0.216,14.2,9.0,17.8,48.8,0.085
2026-08-29T09:55:43.676818+00:00,ENG01,descent,3632,37.4,443.9,1.2,45.4,6.12,0.208,14.2,9.0,17.8,48.8,0.085
2026-08-29T09:55:44.676818+00:00,ENG01,descent,3630,37.3,443.7,1.19,45.3,6.12,0.202,14.2,9.0,17.7,48.8,0.085
2026-08-29T09:55:45.676818+00:00,ENG01,descent,3628,37.2,443.5,1.19,45.3,6.11,0.203,14.2,9.0,17.7,48.8,0.084
2026-08-29T09:55:46.676818+00:00,ENG01,descent,3625,37.1,443.3,1.19,45.2,6.1,0.192,14.2,9.0,17.7,48.8,0.084
2026-08-29T09:55:47.676818+00:00,ENG01,descent,3622,37.0,443.2,1.19,45.2,6.09,0.21,14.2,9.0,17.7,48.8,0.084
2026-08-29T09:55:48.676818+00:00,ENG01,descent,3620,36.9,443.0,1.19,45.1,6.08,0.23,14.2,9.0,17.7,48.8,0.084
2026-08-29T09:55:49.676818+00:00,ENG01,descent,3618,36.9,442.8,1.18,45.1,6.07,0.192,14.2,9.0,17.7,48.8,0.084
2026-08-29T09:55:50.676818+00:00,ENG01,descent,3615,36.8,442.6,1.18,45.0,6.07,0.216,14.2,9.0,17.7,48.7,0.084
2026-08-29T09:55:51.676818+00:00,ENG01,descent,3612,36.7,442.4,1.18,45.0,6.06,0.224,14.2,9.0,17.7,48.7,0.084
2026-08-29T09:55:52.676818+00:00,ENG01,descent,3610,36.6,442.2,1.18,45.0,6.05,0.206,14.2,9.0,17.7,48.7,0.084
2026-08-29T09:55:53.676818+00:00,ENG01,descent,3608,36.6,442.1,1.18,44.9,6.04,0.193,14.2,9.0,17.7,48.7,0.084
2026-08-29T09:55:54.676818+00:00,ENG01,descent,3605,36.5,441.9,1.18,44.9,6.03,0.208,14.2,9.0,17.6,48.7,0.084
2026-08-29T09:55:55.676818+00:00,ENG01,descent,3602,36.4,441.7,1.17,44.8,6.03,0.211,14.2,9.0,17.6,48.7,0.083
2026-08-29T09:55:56.676818+00:00,ENG01,descent,3600,36.3,441.5,1.17,44.8,6.02,0.223,14.2,9.0,17.6,48.7,0.083
2026-08-29T09:55:57.676818+00:00,ENG01,descent,3598,36.3,441.3,1.17,44.7,6.01,0.227,14.2,9.0,17.6,48.7,0.083
2026-08-29T09:55:58.676818+00:00,ENG01,descent,3595,36.2,441.1,1.17,44.7,6.0,0.189,14.2,9.0,17.6,48.7,0.083
2026-08-29T09:55:59.676818+00:00,ENG01,descent,3592,36.1,441.0,1.17,44.7,5.99,0.196,14.2,9.0,17.6,48.6,0.083
2026-08-29T09:56:00.676818+00:00,ENG01,descent,3590,36.0,440.8,1.16,44.6,5.98,0.188,14.2,9.0,17.6,48.6,0.083
2026-08-29T09:56:01.676818+00:00,ENG01,descent,3588,36.0,440.6,1.16,44.6,5.98,0.192,14.2,9.0,17.6,48.6,0.083
2026-08-29T09:56:02.676818+00:00,ENG01,descent,3585,35.9,440.4,1.16,44.5,5.97,0.211,14.2,9.0,17.6,48.6,0.083
2026-08-29T09:56:03.676818+00:00,ENG01,descent,3582,35.8,440.2,1.16,44.5,5.96,0.215,14.2,9.0,17.5,48.6,0.083
2026-08-29T09:56:04.676818+00:00,ENG01,descent,3580,35.7,440.1,1.16,44.4,5.95,0.197,14.2,9.0,17.5,48.6,0.083
2026-08-29T09:56:05.676818+00:00,ENG01,descent,3578,35.7,439.9,1.16,44.4,5.94,0.188,14.2,9.0,17.5,48.6,0.082
2026-08-29T09:56:06.676818+00:00,ENG01,descent,3575,35.6,439.7,1.15,44.3,5.94,0.208,14.2,9.0,17.5,48.6,0.082
2026-08-29T09:56:07.676818+00:00,ENG01,descent,3572,35.5,439.5,1.15,44.3,5.93,0.219,14.2,9.0,17.5,48.5,0.082
2026-08-29T09:56:08.676818+00:00,ENG01,descent,3570,35.5,439.3,1.15,44.3,5.92,0.213,14.2,9.0,17.5,48.5,0.082
2026-08-29T09:56:09.676818+00:00,ENG01,descent,3568,35.4,439.1,1.15,44.2,5.91,0.206,14.2,9.0,17.5,48.5,0.082
2026-08-29T09:56:10.676818+00:00,ENG01,descent,3565,35.3,439.0,1.15,44.2,5.9,0.202,14.2,9.0,17.5,48.5,0.082
2026-08-29T09:56:11.676818+00:00,ENG01,descent,3562,35.3,438.8,1.14,44.1,5.89,0.205,14.2,9.0,17.5,48.5,0.082
2026-08-29T09:56:12.676818+00:00,ENG01,descent,3560,35.2,438.6,1.14,44.1,5.89,0.209,14.2,9.0,17.4,48.5,0.082
2026-08-29T09:56:13.676818+00:00,ENG01,descent,3558,35.1,438.4,1.14,44.0,5.88,0.23,14.2,9.0,17.4,48.5,0.082
2026-08-29T09:56:14.676818+00:00,ENG01,descent,3555,35.0,438.2,1.14,44.0,5.87,0.189,14.2,9.0,17.4,48.5,0.081
2026-08-29T09:56:15.676818+00:00,ENG01,descent,3552,35.0,438.1,1.14,43.9,5.86,0.19,14.2,9.0,17.4,48.4,0.081
2026-08-29T09:56:16.676818+00:00,ENG01,descent,3550,34.9,437.9,1.14,43.9,5.85,0.198,14.2,9.0,17.4,48.4,0.081
2026-08-29T09:56:17.676818+00:00,ENG01,descent,3548,34.8,437.7,1.13,43.9,5.85,0.201,14.2,9.0,17.4,48.4,0.081
2026-08-29T09:56:18.676818+00:00,ENG01,descent,3545,34.8,437.5,1.13,43.8,5.84,0.209,14.2,9.0,17.4,48.4,0.081
2026-08-29T09:56:19.676818+00:00,ENG01,descent,3542,34.7,437.3,1.13,43.8,5.83,0.183,14.2,9.0,17.4,48.4,0.081
2026-08-29T09:56:20.676818+00:00,ENG01,descent,3540,34.7,437.2,1.13,43.7,5.82,0.191,14.2,9.0,17.4,48.4,0.081
2026-08-29T09:56:21.676818+00:00,ENG01,descent,3538,34.6,437.0,1.13,43.7,5.81,0.196,14.2,9.0,17.4,48.4,0.081
2026-08-29T09:56:22.676818+00:00,ENG01,descent,3535,34.5,436.8,1.13,43.6,5.81,0.186,14.2,9.0,17.3,48.4,0.081
2026-08-29T09:56:23.676818+00:00,ENG01,descent,3532,34.5,436.6,1.12,43.6,5.8,0.214,14.2,9.0,17.3,48.4,0.081
2026-08-29T09:56:24.676818+00:00,ENG01,descent,3530,34.4,436.4,1.12,43.5,5.79,0.182,14.2,9.0,17.3,48.3,0.08
2026-08-29T09:56:25.676818+00:00,ENG01,descent,3528,34.3,436.3,1.12,43.5,5.78,0.199,14.2,9.0,17.3,48.3,0.08
2026-08-29T09:56:26.676818+00:00,ENG01,descent,3525,34.3,436.1,1.12,43.5,5.77,0.218,14.2,9.0,17.3,48.3,0.08
2026-08-29T09:56:27.676818+00:00,ENG01,descent,3522,34.2,435.9,1.12,43.4,5.77,0.201,14.2,9.0,17.3,48.3,0.08
2026-08-29T09:56:28.676818+00:00,ENG01,descent,3520,34.1,435.7,1.11,43.4,5.76,0.191,14.2,9.0,17.3,48.3,0.08
2026-08-29T09:56:29.676818+00:00,ENG01,descent,3518,34.1,435.5,1.11,43.3,5.75,0.187,14.2,9.0,17.3,48.3,0.08
2026-08-29T09:56:30.676818+00:00,ENG01,descent,3515,34.0,435.4,1.11,43.3,5.74,0.182,14.2,9.0,17.3,48.3,0.08
2026-08-29T09:56:31.676818+00:00,ENG01,descent,3512,34.0,435.2,1.11,43.2,5.73,0.181,14.2,9.0,17.2,48.3,0.08
2026-08-29T09:56:32.676818+00:00,ENG01,descent,3510,33.9,435.0,1.11,43.2,5.73,0.186,14.2,9.0,17.2,48.2,0.08
2026-08-29T09:56:33.676818+00:00,ENG01,descent,3508,33.8,434.8,1.11,43.1,5.72,0.181,14.2,9.0,17.2,48.2,0.079
2026-08-29T09:56:34.676818+00:00,ENG01,descent,3505,33.8,434.6,1.1,43.1,5.71,0.214,14.2,9.0,17.2,48.2,0.079
2026-08-29T09:56:35.676818+00:00,ENG01,descent,3502,33.7,434.5,1.1,43.1,5.7,0.186,14.2,9.0,17.2,48.2,0.079
2026-08-29T09:56:36.676818+00:00,ENG01,descent,3500,33.7,434.3,1.1,43.0,5.69,0.204,14.2,9.0,17.2,48.2,0.079
2026-08-29T09:56:37.676818+00:00,ENG01,descent,3498,33.6,434.1,1.1,43.0,5.69,0.185,14.2,9.0,17.2,48.2,0.079
2026-08-29T09:56:38.676818+00:00,ENG01,descent,3495,33.6,433.9,1.1,42.9,5.68,0.215,14.2,9.0,17.2,48.2,0.079
2026-08-29T09:56:39.676818+00:00,ENG01,descent,3492,33.5,433.7,1.1,42.9,5.67,0.184,14.2,9.0,17.2,48.2,0.079
2026-08-29T09:56:40.676818+00:00,ENG01,descent,3490,33.4,433.6,1.1,42.8,5.66,0.189,14.2,9.0,17.1,48.1,0.079
2026-08-29T09:56:41.676818+00:00,ENG01,descent,3488,33.4,433.4,1.1,42.8,5.65,0.199,14.2,9.0,17.1,48.1,0.079
2026-08-29T09:56:42.676818+00:00,ENG01,descent,3485,33.3,433.2,1.1,42.8,5.65,0.18,14.2,9.0,17.1,48.1,0.079
2026-08-29T09:56:43.676818+00:00,ENG01,descent,3482,33.3,433.0,1.1,42.7,5.64,0.204,14.2,9.0,17.1,48.1,0.078
2026-08-29T09:56:44.676818+00:00,ENG01,descent,3480,33.2,432.9,1.1,42.7,5.63,0.211,14.2,9.0,17.1,48.1,0.078
2026-08-29T09:56:45.676818+00:00,ENG01,descent,3478,33.2,432.7,1.1,42.6,5.62,0.181,14.2,9.0,17.1,48.1,0.078
2026-08-29T09:56:46.676818+00:00,ENG01,descent,3475,33.1,432.5,1.1,42.6,5.61,0.188,14.2,9.0,17.1,48.1,0.078
2026-08-29T09:56:47.676818+00:00,ENG01,descent,3472,33.0,432.3,1.09,42.5,5.61,0.181,14.2,9.0,17.1,48.1,0.078
2026-08-29T09:56:48.676818+00:00,ENG01,descent,3470,33.0,432.1,1.09,42.5,5.6,0.186,14.2,9.0,17.1,48.0,0.078
2026-08-29T09:56:49.676818+00:00,ENG01,descent,3468,32.9,432.0,1.09,42.4,5.59,0.205,14.2,9.0,17.1,48.0,0.078
2026-08-29T09:56:50.676818+00:00,ENG01,descent,3465,32.9,431.8,1.09,42.4,5.58,0.197,14.2,9.0,17.0,48.0,0.078
2026-08-29T09:56:51.676818+00:00,ENG01,descent,3462,32.8,431.6,1.09,42.4,5.57,0.19,14.2,9.0,17.0,48.0,0.078
2026-08-29T09:56:52.676818+00:00,ENG01,descent,3460,32.8,431.4,1.09,42.3,5.57,0.188,14.2,9.0,17.0,48.0,0.078
2026-08-29T09:56:53.676818+00:00,ENG01,descent,3458,32.7,431.3,1.09,42.3,5.56,0.206,14.2,9.0,17.0,48.0,0.077
2026-08-29T09:56:54.676818+00:00,ENG01,descent,3455,32.7,431.1,1.09,42.2,5.55,0.197,14.2,9.0,17.0,48.0,0.077
2026-08-29T09:56:55.676818+00:00,ENG01,descent,3452,32.6,430.9,1.09,42.2,5.54,0.202,14.2,9.0,17.0,47.9,0.077
2026-08-29T09:56:56.676818+00:00,ENG01,descent,3450,32.6,430.7,1.09,42.1,5.53,0.198,14.2,9.0,17.0,47.9,0.077
2026-08-29T09:56:57.676818+00:00,ENG01,descent,3448,32.5,430.5,1.09,42.1,5.53,0.18,14.2,9.0,17.0,47.9,0.077
2026-08-29T09:56:58.676818+00:00,ENG01,descent,3445,32.5,430.4,1.09,42.1,5.52,0.182,14.2,9.0,17.0,47.9,0.077
2026-08-29T09:56:59.676818+00:00,ENG01,descent,3442,32.4,430.2,1.09,42.0,5.51,0.216,14.2,9.0,16.9,47.9,0.077
2026-08-29T09:57:00.676818+00:00,ENG01,descent,3440,32.4,430.0,1.09,42.0,5.5,0.205,14.2,9.0,16.9,47.9,0.077
2026-08-29T09:57:01.676818+00:00,ENG01,descent,3438,32.3,429.8,1.09,41.9,5.49,0.195,14.2,9.0,16.9,47.9,0.077
2026-08-29T09:57:02.676818+00:00,ENG01,descent,3435,32.3,429.7,1.09,41.9,5.49,0.191,14.2,9.0,16.9,47.9,0.076
2026-08-29T09:57:03.676818+00:00,ENG01,descent,3432,32.2,429.5,1.09,41.8,5.48,0.191,14.2,9.0,16.9,47.8,0.076
2026-08-29T09:57:04.676818+00:00,ENG01,descent,3430,32.2,429.3,1.09,41.8,5.47,0.202,14.2,9.0,16.9,47.8,0.076
2026-08-29T09:57:05.676818+00:00,ENG01,descent,3428,32.1,429.1,1.09,41.8,5.46,0.204,14.2,9.0,16.9,47.8,0.076
2026-08-29T09:57:06.676818+00:00,ENG01,descent,3425,32.1,429.0,1.09,41.7,5.45,0.213,14.2,9.0,16.9,47.8,0.076
2026-08-29T09:57:07.676818+00:00,ENG01,descent,3422,32.0,428.8,1.09,41.7,5.45,0.193,14.2,9.0,16.9,47.8,0.076
2026-08-29T09:57:08.676818+00:00,ENG01,descent,3420,32.0,428.6,1.08,41.6,5.44,0.177,14.2,9.0,16.9,47.8,0.076
2026-08-29T09:57:09.676818+00:00,ENG01,descent,3418,31.9,428.4,1.08,41.6,5.43,0.179,14.2,9.0,16.8,47.8,0.076
2026-08-29T09:57:10.676818+00:00,ENG01,descent,3415,31.9,428.3,1.08,41.5,5.42,0.188,14.2,9.0,16.8,47.8,0.076
2026-08-29T09:57:11.676818+00:00,ENG01,descent,3412,31.8,428.1,1.08,41.5,5.41,0.181,14.2,9.0,16.8,47.7,0.076
2026-08-29T09:57:12.676818+00:00,ENG01,descent,3410,31.8,427.9,1.08,41.5,5.41,0.197,14.2,9.0,16.8,47.7,0.075
2026-08-29T09:57:13.676818+00:00,ENG01,descent,3408,31.7,427.7,1.08,41.4,5.4,0.182,14.2,9.0,16.8,47.7,0.075
2026-08-29T09:57:14.676818+00:00,ENG01,descent,3405,31.7,427.6,1.08,41.4,5.39,0.183,14.2,9.0,16.8,47.7,0.075
2026-08-29T09:57:15.676818+00:00,ENG01,descent,3402,31.6,427.4,1.08,41.3,5.38,0.207,14.2,9.0,16.8,47.7,0.075
2026-08-29T09:57:16.676818+00:00,ENG01,descent,3400,31.6,427.2,1.08,41.3,5.38,0.209,14.2,9.0,16.8,47.7,0.075
2026-08-29T09:57:17.676818+00:00,ENG01,descent,3398,31.6,427.0,1.08,41.3,5.37,0.193,14.2,9.0,16.8,47.7,0.075
2026-08-29T09:57:18.676818+00:00,ENG01,descent,3395,31.5,426.9,1.08,41.2,5.36,0.173,14.2,9.0,16.7,47.7,0.075
2026-08-29T09:57:19.676818+00:00,ENG01,descent,3392,31.5,426.7,1.08,41.2,5.35,0.179,14.2,9.0,16.7,47.6,0.075
2026-08-29T09:57:20.676818+00:00,ENG01,descent,3390,31.4,426.5,1.08,41.1,5.34,0.201,14.2,9.0,16.7,47.6,0.075
2026-08-29T09:57:21.676818+00:00,ENG01,descent,3388,31.4,426.3,1.08,41.1,5.34,0.182,14.2,9.0,16.7,47.6,0.074
2026-08-29T09:57:22.676818+00:00,ENG01,descent,3385,31.3,426.2,1.08,41.0,5.33,0.179,14.2,9.0,16.7,47.6,0.074
2026-08-29T09:57:23.676818+00:00,ENG01,descent,3382,31.3,426.0,1.08,41.0,5.32,0.178,14.2,9.0,16.7,47.6,0.074
2026-08-29T09:57:24.676818+00:00,ENG01,descent,3380,31.2,425.8,1.08,41.0,5.31,0.19,14.2,9.0,16.7,47.6,0.074
2026-08-29T09:57:25.676818+00:00,ENG01,descent,3378,31.2,425.6,1.08,40.9,5.3,0.192,14.2,9.0,16.7,47.6,0.074
2026-08-29T09:57:26.676818+00:00,ENG01,descent,3375,31.2,425.5,1.08,40.9,5.3,0.18,14.2,9.0,16.7,47.5,0.074
2026-08-29T09:57:27.676818+00:00,ENG01,descent,3372,31.1,425.3,1.08,40.8,5.29,0.181,14.2,9.0,16.6,47.5,0.074
2026-08-29T09:57:28.676818+00:00,ENG01,descent,3370,31.1,425.1,1.08,40.8,5.28,0.178,14.2,9.0,16.6,47.5,0.074
2026-08-29T09:57:29.676818+00:00,ENG01,descent,3368,31.0,424.9,1.08,40.8,5.27,0.174,14.2,9.0,16.6,47.5,0.074
2026-08-29T09:57:30.676818+00:00,ENG01,descent,3365,31.0,424.8,1.07,40.7,5.27,0.174,14.2,9.0,16.6,47.5,0.074
2026-08-29T09:57:31.676818+00:00,ENG01,descent,3362,30.9,424.6,1.07,40.7,5.26,0.184,14.2,9.0,16.6,47.5,0.073
2026-08-29T09:57:32.676818+00:00,ENG01,descent,3360,30.9,424.4,1.07,40.6,5.25,0.185,14.2,9.0,16.6,47.5,0.073
2026-08-29T09:57:33.676818+00:00,ENG01,descent,3358,30.9,424.2,1.07,40.6,5.24,0.172,14.2,9.0,16.6,47.5,0.073
2026-08-29T09:57:34.676818+00:00,ENG01,descent,3355,30.8,424.1,1.07,40.6,5.23,0.187,14.2,9.0,16.6,47.4,0.073
2026-08-29T09:57:35.676818+00:00,ENG01,descent,3352,30.8,423.9,1.07,40.5,5.23,0.185,14.2,9.0,16.6,47.4,0.073
2026-08-29T09:57:36.676818+00:00,ENG01,descent,3350,30.7,423.7,1.07,40.5,5.22,0.194,14.2,9.0,16.6,47.4,0.073
2026-08-29T09:57:37.676818+00:00,ENG01,descent,3348,30.7,423.6,1.07,40.4,5.21,0.179,14.2,9.0,16.5,47.4,0.073
2026-08-29T09:57:38.676818+00:00,ENG01,descent,3345,30.7,423.4,1.07,40.4,5.2,0.183,14.2,9.0,16.5,47.4,0.073
2026-08-29T09:57:39.676818+00:00,ENG01,descent,3342,30.6,423.2,1.07,40.3,5.2,0.173,14.2,9.0,16.5,47.4,0.073
2026-08-29T09:57:40.676818+00:00,ENG01,descent,3340,30.6,423.0,1.07,40.3,5.19,0.17,14.2,9.0,16.5,47.4,0.073
2026-08-29T09:57:41.676818+00:00,ENG01,descent,3338,30.5,422.9,1.07,40.3,5.18,0.183,14.2,9.0,16.5,47.3,0.072
2026-08-29T09:57:42.676818+00:00,ENG01,descent,3335,30.5,422.7,1.07,40.2,5.17,0.178,14.2,9.0,16.5,47.3,0.072
2026-08-29T09:57:43.676818+00:00,ENG01,descent,3332,30.5,422.5,1.07,40.2,5.16,0.181,14.2,9.0,16.5,47.3,0.072
2026-08-29T09:57:44.676818+00:00,ENG01,descent,3330,30.4,422.4,1.07,40.1,5.16,0.175,14.2,9.0,16.5,47.3,0.072
2026-08-29T09:57:45.676818+00:00,ENG01,descent,3328,30.4,422.2,1.07,40.1,5.15,0.183,14.2,9.0,16.5,47.3,0.072
2026-08-29T09:57:46.676818+00:00,ENG01,descent,3325,30.4,422.0,1.07,40.1,5.14,0.185,14.2,9.0,16.4,47.3,0.072
2026-08-29T09:57:47.676818+00:00,ENG01,descent,3322,30.3,421.8,1.07,40.0,5.13,0.175,14.2,9.0,16.4,47.3,0.072
2026-08-29T09:57:48.676818+00:00,ENG01,descent,3320,30.3,421.7,1.07,40.0,5.13,0.192,14.2,9.0,16.4,47.3,0.072
2026-08-29T09:57:49.676818+00:00,ENG01,descent,3318,30.2,421.5,1.07,40.0,5.12,0.17,14.2,9.0,16.4,47.2,0.072
2026-08-29T09:57:50.676818+00:00,ENG01,descent,3315,30.2,421.3,1.07,39.9,5.11,0.19,14.2,9.0,16.4,47.2,0.071
2026-08-29T09:57:51.676818+00:00,ENG01,descent,3312,30.2,421.2,1.06,39.9,5.1,0.189,14.2,9.0,16.4,47.2,0.071
2026-08-29T09:57:52.676818+00:00,ENG01,descent,3310,30.1,421.0,1.06,39.8,5.1,0.178,14.2,9.0,16.4,47.2,0.071
2026-08-29T09:57:53.676818+00:00,ENG01,descent,3308,30.1,420.8,1.06,39.8,5.09,0.189,14.2,9.0,16.4,47.2,0.071
2026-08-29T09:57:54.676818+00:00,ENG01,descent,3305,30.1,420.6,1.06,39.8,5.08,0.174,14.2,9.0,16.4,47.2,0.071
2026-08-29T09:57:55.676818+00:00,ENG01,descent,3302,30.0,420.5,1.06,39.7,5.07,0.194,14.2,9.0,16.4,47.2,0.071
2026-08-29T09:57:56.676818+00:00,ENG01,descent,3300,30.0,420.3,1.06,39.7,5.06,0.181,14.2,9.0,16.3,47.1,0.071
2026-08-29T09:57:57.676818+00:00,ENG01,descent,3298,30.0,420.1,1.06,39.6,5.06,0.212,14.2,9.0,16.3,47.1,0.071
2026-08-29T09:57:58.676818+00:00,ENG01,descent,3295,29.9,420.0,1.06,39.6,5.05,0.183,14.2,9.0,16.3,47.1,0.071
2026-08-29T09:57:59.676818+00:00,ENG01,descent,3292,29.9,419.8,1.06,39.6,5.04,0.21,14.2,9.0,16.3,47.1,0.071
2026-08-29T09:58:00.676818+00:00,ENG01,descent,3290,29.8,419.6,1.06,39.5,5.03,0.205,14.2,9.0,16.3,47.1,0.07
2026-08-29T09:58:01.676818+00:00,ENG01,descent,3288,29.8,419.5,1.06,39.5,5.03,0.183,14.2,9.0,16.3,47.1,0.07
2026-08-29T09:58:02.676818+00:00,ENG01,descent,3285,29.8,419.3,1.06,39.4,5.02,0.174,14.2,9.0,16.3,47.1,0.07
2026-08-29T09:58:03.676818+00:00,ENG01,descent,3282,29.7,419.1,1.06,39.4,5.01,0.168,14.2,9.0,16.3,47.0,0.07
2026-08-29T09:58:04.676818+00:00,ENG01,descent,3280,29.7,419.0,1.06,39.4,5.0,0.179,14.2,9.0,16.3,47.0,0.07
2026-08-29T09:58:05.676818+00:00,ENG01,descent,3278,29.7,418.8,1.06,39.3,5.0,0.175,14.2,9.0,16.2,47.0,0.07
2026-08-29T09:58:06.676818+00:00,ENG01,descent,3275,29.6,418.6,1.06,39.3,4.99,0.174,14.2,9.0,16.2,47.0,0.07
2026-08-29T09:58:07.676818+00:00,ENG01,descent,3272,29.6,418.4,1.06,39.3,4.98,0.167,14.2,9.0,16.2,47.0,0.07
2026-08-29T09:58:08.676818+00:00,ENG01,descent,3270,29.6,418.3,1.06,39.2,4.97,0.17,14.2,9.0,16.2,47.0,0.07
2026-08-29T09:58:09.676818+00:00,ENG01,descent,3268,29.5,418.1,1.06,39.2,4.97,0.195,14.2,9.0,16.2,47.0,0.069
2026-08-29T09:58:10.676818+00:00,ENG01,descent,3265,29.5,417.9,1.06,39.1,4.96,0.205,14.2,9.0,16.2,46.9,0.069
2026-08-29T09:58:11.676818+00:00,ENG01,descent,3262,29.5,417.8,1.06,39.1,4.95,0.165,14.2,9.0,16.2,46.9,0.069
2026-08-29T09:58:12.676818+00:00,ENG01,descent,3260,29.4,417.6,1.05,39.1,4.94,0.192,14.2,9.0,16.2,46.9,0.069
2026-08-29T09:58:13.676818+00:00,ENG01,descent,3258,29.4,417.4,1.05,39.0,4.93,0.168,14.2,9.0,16.2,46.9,0.069
2026-08-29T09:58:14.676818+00:00,ENG01,descent,3255,29.4,417.3,1.05,39.0,4.93,0.178,14.2,9.0,16.1,46.9,0.069
2026-08-29T09:58:15.676818+00:00,ENG01,descent,3252,29.3,417.1,1.05,39.0,4.92,0.215,14.2,9.0,16.1,46.9,0.069
2026-08-29T09:58:16.676818+00:00,ENG01,descent,3250,29.3,416.9,1.05,38.9,4.91,0.174,14.2,9.0,16.1,46.9,0.069
2026-08-29T09:58:17.676818+00:00,ENG01,descent,3248,29.3,416.8,1.05,38.9,4.9,0.166,14.2,9.0,16.1,46.9,0.069
2026-08-29T09:58:18.676818+00:00,ENG01,descent,3245,29.3,416.6,1.05,38.8,4.9,0.176,14.2,9.0,16.1,46.8,0.069
2026-08-29T09:58:19.676818+00:00,ENG01,descent,3242,29.2,416.4,1.05,38.8,4.89,0.181,14.2,9.0,16.1,46.8,0.068
2026-08-29T09:58:20.676818+00:00,ENG01,descent,3240,29.2,416.3,1.05,38.8,4.88,0.173,14.2,9.0,16.1,46.8,0.068
2026-08-29T09:58:21.676818+00:00,ENG01,descent,3238,29.2,416.1,1.05,38.7,4.87,0.176,14.2,9.0,16.1,46.8,0.068
2026-08-29T09:58:22.676818+00:00,ENG01,descent,3235,29.1,415.9,1.05,38.7,4.87,0.2,14.2,9.0,16.1,46.8,0.068
2026-08-29T09:58:23.676818+00:00,ENG01,descent,3232,29.1,415.8,1.05,38.7,4.86,0.178,14.2,9.0,16.1,46.8,0.068
2026-08-29T09:58:24.676818+00:00,ENG01,descent,3230,29.1,415.6,1.05,38.6,4.85,0.168,14.2,9.0,16.0,46.8,0.068
2026-08-29T09:58:25.676818+00:00,ENG01,descent,3228,29.0,415.4,1.05,38.6,4.84,0.21,14.2,9.0,16.0,46.7,0.068
2026-08-29T09:58:26.676818+00:00,ENG01,descent,3225,29.0,415.3,1.05,38.5,4.84,0.175,14.2,9.0,16.0,46.7,0.068
2026-08-29T09:58:27.676818+00:00,ENG01,descent,3222,29.0,415.1,1.05,38.5,4.83,0.178,14.2,9.0,16.0,46.7,0.068
2026-08-29T09:58:28.676818+00:00,ENG01,descent,3220,28.9,414.9,1.05,38.5,4.82,0.177,14.2,9.0,16.0,46.7,0.068
2026-08-29T09:58:29.676818+00:00,ENG01,descent,3218,28.9,414.8,1.05,38.4,4.81,0.185,14.2,9.0,16.0,46.7,0.067
2026-08-29T09:58:30.676818+00:00,ENG01,descent,3215,28.9,414.6,1.05,38.4,4.81,0.174,14.2,9.0,16.0,46.7,0.067
2026-08-29T09:58:31.676818+00:00,ENG01,descent,3212,28.9,414.4,1.05,38.4,4.8,0.185,14.2,9.0,16.0,46.7,0.067
2026-08-29T09:58:32.676818+00:00,ENG01,descent,3210,28.8,414.3,1.05,38.3,4.79,0.174,14.2,9.0,16.0,46.6,0.067
2026-08-29T09:58:33.676818+00:00,ENG01,descent,3208,28.8,414.1,1.04,38.3,4.78,0.197,14.2,9.0,15.9,46.6,0.067
2026-08-29T09:58:34.676818+00:00,ENG01,descent,3205,28.8,414.0,1.04,38.3,4.78,0.177,14.2,9.0,15.9,46.6,0.067
2026-08-29T09:58:35.676818+00:00,ENG01,descent,3202,28.7,413.8,1.04,38.2,4.77,0.166,14.2,9.0,15.9,46.6,0.067
2026-08-29T09:58:36.676818+00:00,ENG01,descent,3200,28.7,413.6,1.04,38.2,4.76,0.184,14.2,9.0,15.9,46.6,0.067
2026-08-29T09:58:37.676818+00:00,ENG01,descent,3198,28.7,413.5,1.04,38.2,4.75,0.186,14.2,9.0,15.9,46.6,0.067
2026-08-29T09:58:38.676818+00:00,ENG01,descent,3195,28.7,413.3,1.04,38.1,4.75,0.167,14.2,9.0,15.9,46.6,0.066
2026-08-29T09:58:39.676818+00:00,ENG01,descent,3192,28.6,413.1,1.04,38.1,4.74,0.174,14.2,9.0,15.9,46.5,0.066
2026-08-29T09:58:40.676818+00:00,ENG01,descent,3190,28.6,413.0,1.04,38.1,4.73,0.213,14.2,9.0,15.9,46.5,0.066
2026-08-29T09:58:41.676818+00:00,ENG01,descent,3188,28.6,412.8,1.04,38.0,4.72,0.165,14.2,9.0,15.9,46.5,0.066
2026-08-29T09:58:42.676818+00:00,ENG01,descent,3185,28.6,412.6,1.04,38.0,4.72,0.16,14.2,9.0,15.8,46.5,0.066
2026-08-29T09:58:43.676818+00:00,ENG01,descent,3182,28.5,412.5,1.04,37.9,4.71,0.165,14.2,9.0,15.8,46.5,0.066
2026-08-29T09:58:44.676818+00:00,ENG01,descent,3180,28.5,412.3,1.04,37.9,4.7,0.172,14.2,9.0,15.8,46.5,0.066
2026-08-29T09:58:45.676818+00:00,ENG01,descent,3178,28.5,412.2,1.04,37.9,4.69,0.177,14.2,9.0,15.8,46.5,0.066
2026-08-29T09:58:46.676818+00:00,ENG01,descent,3175,28.4,412.0,1.04,37.8,4.69,0.182,14.2,9.0,15.8,46.4,0.066
2026-08-29T09:58:47.676818+00:00,ENG01,descent,3172,28.4,411.8,1.04,37.8,4.68,0.198,14.2,9.0,15.8,46.4,0.066
2026-08-29T09:58:48.676818+00:00,ENG01,descent,3170,28.4,411.7,1.04,37.8,4.67,0.162,14.2,9.0,15.8,46.4,0.065
2026-08-29T09:58:49.676818+00:00,ENG01,descent,3168,28.4,411.5,1.04,37.7,4.67,0.174,14.2,9.0,15.8,46.4,0.065
2026-08-29T09:58:50.676818+00:00,ENG01,descent,3165,28.3,411.3,1.04,37.7,4.66,0.196,14.2,9.0,15.8,46.4,0.065
2026-08-29T09:58:51.676818+00:00,ENG01,descent,3162,28.3,411.2,1.04,37.7,4.65,0.164,14.2,9.0,15.8,46.4,0.065
2026-08-29T09:58:52.676818+00:00,ENG01,descent,3160,28.3,411.0,1.04,37.6,4.64,0.168,14.2,9.0,15.7,46.4,0.065
2026-08-29T09:58:53.676818+00:00,ENG01,descent,3158,28.3,410.9,1.04,37.6,4.64,0.185,14.2,9.0,15.7,46.3,0.065
2026-08-29T09:58:54.676818+00:00,ENG01,descent,3155,28.2,410.7,1.03,37.6,4.63,0.166,14.2,9.0,15.7,46.3,0.065
2026-08-29T09:58:55.676818+00:00,ENG01,descent,3152,28.2,410.5,1.03,37.5,4.62,0.17,14.2,9.0,15.7,46.3,0.065
2026-08-29T09:58:56.676818+00:00,ENG01,descent,3150,28.2,410.4,1.03,37.5,4.61,0.174,14.2,9.0,15.7,46.3,0.065
2026-08-29T09:58:57.676818+00:00,ENG01,descent,3148,28.2,410.2,1.03,37.5,4.61,0.162,14.2,9.0,15.7,46.3,0.064
2026-08-29T09:58:58.676818+00:00,ENG01,descent,3145,28.1,410.0,1.03,37.4,4.6,0.168,14.2,9.0,15.7,46.3,0.064
2026-08-29T09:58:59.676818+00:00,ENG01,descent,3142,28.1,409.9,1.03,37.4,4.59,0.168,14.2,9.0,15.7,46.2,0.064
2026-08-29T09:59:00.676818+00:00,ENG01,descent,3140,28.1,409.7,1.03,37.4,4.58,0.167,14.2,9.0,15.7,46.2,0.064
2026-08-29T09:59:01.676818+00:00,ENG01,descent,3138,28.1,409.6,1.03,37.3,4.58,0.18,14.2,9.0,15.6,46.2,0.064
2026-08-29T09:59:02.676818+00:00,ENG01,descent,3135,28.0,409.4,1.03,37.3,4.57,0.173,14.2,9.0,15.6,46.2,0.064
2026-08-29T09:59:03.676818+00:00,ENG01,descent,3132,28.0,409.2,1.03,37.3,4.56,0.16,14.2,9.0,15.6,46.2,0.064
2026-08-29T09:59:04.676818+00:00,ENG01,descent,3130,28.0,409.1,1.03,37.2,4.56,0.167,14.2,9.0,15.6,46.2,0.064
2026-08-29T09:59:05.676818+00:00,ENG01,descent,3128,28.0,408.9,1.03,37.2,4.55,0.172,14.2,9.0,15.6,46.2,0.064
2026-08-29T09:59:06.676818+00:00,ENG01,descent,3125,27.9,408.8,1.03,37.2,4.54,0.167,14.2,9.0,15.6,46.1,0.064
2026-08-29T09:59:07.676818+00:00,ENG01,descent,3122,27.9,408.6,1.03,37.1,4.53,0.159,14.2,9.0,15.6,46.1,0.063
2026-08-29T09:59:08.676818+00:00,ENG01,descent,3120,27.9,408.4,1.03,37.1,4.53,0.17,14.2,9.0,15.6,46.1,0.063
2026-08-29T09:59:09.676818+00:00,ENG01,descent,3118,27.9,408.3,1.03,37.1,4.52,0.198,14.2,9.0,15.6,46.1,0.063
2026-08-29T09:59:10.676818+00:00,ENG01,descent,3115,27.9,408.1,1.03,37.0,4.51,0.175,14.2,9.0,15.6,46.1,0.063
2026-08-29T09:59:11.676818+00:00,ENG01,descent,3112,27.8,408.0,1.03,37.0,4.5,0.168,14.2,9.0,15.5,46.1,0.063
2026-08-29T09:59:12.676818+00:00,ENG01,descent,3110,27.8,407.8,1.03,37.0,4.5,0.168,14.2,9.0,15.5,46.1,0.063
2026-08-29T09:59:13.676818+00:00,ENG01,descent,3108,27.8,407.7,1.03,37.0,4.49,0.172,14.2,9.0,15.5,46.0,0.063
2026-08-29T09:59:14.676818+00:00,ENG01,descent,3105,27.8,407.5,1.03,36.9,4.48,0.155,14.2,9.0,15.5,46.0,0.063
2026-08-29T09:59:15.676818+00:00,ENG01,descent,3102,27.7,407.3,1.03,36.9,4.48,0.156,14.2,9.0,15.5,46.0,0.063
2026-08-29T09:59:16.676818+00:00,ENG01,descent,3100,27.7,407.2,1.02,36.9,4.47,0.158,14.2,9.0,15.5,46.0,0.062
2026-08-29T09:59:17.676818+00:00,ENG01,descent,3098,27.7,407.0,1.02,36.8,4.46,0.209,14.2,9.0,15.5,46.0,0.062
2026-08-29T09:59:18.676818+00:00,ENG01,descent,3095,27.7,406.9,1.02,36.8,4.45,0.169,14.2,9.0,15.5,46.0,0.062
2026-08-29T09:59:19.676818+00:00,ENG01,descent,3092,27.6,406.7,1.02,36.8,4.45,0.181,14.2,9.0,15.5,46.0,0.062
2026-08-29T09:59:20.676818+00:00,ENG01,descent,3090,27.6,406.6,1.02,36.7,4.44,0.17,14.2,9.0,15.4,45.9,0.062
2026-08-29T09:59:21.676818+00:00,ENG01,descent,3088,27.6,406.4,1.02,36.7,4.43,0.156,14.2,9.0,15.4,45.9,0.062
2026-08-29T09:59:22.676818+00:00,ENG01,descent,3085,27.6,406.2,1.02,36.7,4.42,0.206,14.2,9.0,15.4,45.9,0.062
2026-08-29T09:59:23.676818+00:00,ENG01,descent,3082,27.6,406.1,1.02,36.6,4.42,0.173,14.2,9.0,15.4,45.9,0.062
2026-08-29T09:59:24.676818+00:00,ENG01,descent,3080,27.5,405.9,1.02,36.6,4.41,0.163,14.2,9.0,15.4,45.9,0.062
2026-08-29T09:59:25.676818+00:00,ENG01,descent,3078,27.5,405.8,1.02,36.6,4.4,0.158,14.2,9.0,15.4,45.9,0.062
2026-08-29T09:59:26.676818+00:00,ENG01,descent,3075,27.5,405.6,1.02,36.6,4.4,0.193,14.2,9.0,15.4,45.8,0.061
2026-08-29T09:59:27.676818+00:00,ENG01,descent,3072,27.5,405.5,1.02,36.5,4.39,0.17,14.2,9.0,15.4,45.8,0.061
2026-08-29T09:59:28.676818+00:00,ENG01,descent,3070,27.5,405.3,1.02,36.5,4.38,0.181,14.2,9.0,15.4,45.8,0.061
2026-08-29T09:59:29.676818+00:00,ENG01,descent,3068,27.4,405.1,1.02,36.5,4.37,0.163,14.2,9.0,15.3,45.8,0.061
2026-08-29T09:59:30.676818+00:00,ENG01,descent,3065,27.4,405.0,1.02,36.4,4.37,0.157,14.2,9.0,15.3,45.8,0.061
2026-08-29T09:59:31.676818+00:00,ENG01,descent,3062,27.4,404.8,1.02,36.4,4.36,0.195,14.2,9.0,15.3,45.8,0.061
2026-08-29T09:59:32.676818+00:00,ENG01,descent,3060,27.4,404.7,1.02,36.4,4.35,0.168,14.2,9.0,15.3,45.8,0.061
2026-08-29T09:59:33.676818+00:00,ENG01,descent,3058,27.4,404.5,1.02,36.3,4.35,0.171,14.2,9.0,15.3,45.7,0.061
2026-08-29T09:59:34.676818+00:00,ENG01,descent,3055,27.3,404.4,1.02,36.3,4.34,0.159,14.2,9.0,15.3,45.7,0.061
2026-08-29T09:59:35.676818+00:00,ENG01,descent,3052,27.3,404.2,1.02,36.3,4.33,0.17,14.2,9.0,15.3,45.7,0.061
2026-08-29T09:59:36.676818+00:00,ENG01,descent,3050,27.3,404.1,1.02,36.3,4.32,0.163,14.2,9.0,15.3,45.7,0.06
2026-08-29T09:59:37.676818+00:00,ENG01,descent,3048,27.3,403.9,1.01,36.2,4.32,0.169,14.2,9.0,15.3,45.7,0.06
2026-08-29T09:59:38.676818+00:00,ENG01,descent,3045,27.3,403.7,1.01,36.2,4.31,0.157,14.2,9.0,15.3,45.7,0.06
2026-08-29T09:59:39.676818+00:00,ENG01,descent,3042,27.2,403.6,1.01,36.2,4.3,0.155,14.2,9.0,15.2,45.6,0.06
2026-08-29T09:59:40.676818+00:00,ENG01,descent,3040,27.2,403.4,1.01,36.1,4.3,0.167,14.2,9.0,15.2,45.6,0.06
2026-08-29T09:59:41.676818+00:00,ENG01,descent,3038,27.2,403.3,1.01,36.1,4.29,0.171,14.2,9.0,15.2,45.6,0.06
2026-08-29T09:59:42.676818+00:00,ENG01,descent,3035,27.2,403.1,1.01,36.1,4.28,0.159,14.2,9.0,15.2,45.6,0.06
2026-08-29T09:59:43.676818+00:00,ENG01,descent,3032,27.2,403.0,1.01,36.0,4.27,0.196,14.2,9.0,15.2,45.6,0.06
2026-08-29T09:59:44.676818+00:00,ENG01,descent,3030,27.1,402.8,1.01,36.0,4.27,0.151,14.2,9.0,15.2,45.6,0.06
2026-08-29T09:59:45.676818+00:00,ENG01,descent,3028,27.1,402.7,1.01,36.0,4.26,0.154,14.2,9.0,15.2,45.6,0.059
2026-08-29T09:59:46.676818+00:00,ENG01,descent,3025,27.1,402.5,1.01,36.0,4.25,0.171,14.2,9.0,15.2,45.5,0.059
2026-08-29T09:59:47.676818+00:00,ENG01,descent,3022,27.1,402.4,1.01,35.9,4.25,0.155,14.2,9.0,15.2,45.5,0.059
2026-08-29T09:59:48.676818+00:00,ENG01,descent,3020,27.1,402.2,1.01,35.9,4.24,0.154,14.2,9.0,15.1,45.5,0.059
2026-08-29T09:59:49.676818+00:00,ENG01,descent,3018,27.1,402.1,1.01,35.9,4.23,0.157,14.2,9.0,15.1,45.5,0.059
2026-08-29T09:59:50.676818+00:00,ENG01,descent,3015,27.0,401.9,1.01,35.8,4.23,0.162,14.2,9.0,15.1,45.5,0.059
2026-08-29T09:59:51.676818+00:00,ENG01,descent,3012,27.0,401.8,1.01,35.8,4.22,0.15,14.2,9.0,15.1,45.5,0.059
2026-08-29T09:59:52.676818+00:00,ENG01,descent,3010,27.0,401.6,1.01,35.8,4.21,0.16,14.2,9.0,15.1,45.4,0.059
2026-08-29T09:59:53.676818+00:00,ENG01,descent,3008,27.0,401.5,1.01,35.8,4.2,0.174,14.2,9.0,15.1,45.4,0.059
2026-08-29T09:59:54.676818+00:00,ENG01,descent,3005,27.0,401.3,1.01,35.7,4.2,0.19,14.2,9.0,15.1,45.4,0.059
2026-08-29T09:59:55.676818+00:00,ENG01,descent,3002,26.9,401.2,1.01,35.7,4.19,0.164,14.2,9.0,15.1,45.4,0.058
2026-08-29T09:59:56.676818+00:00,ENG01,descent,3000,26.9,401.0,1.01,35.7,4.18,0.156,14.2,9.0,15.1,45.4,0.058
2026-08-29T09:59:57.676818+00:00,ENG01,descent,2998,26.9,400.8,1.01,35.7,4.18,0.157,14.2,9.0,15.0,45.4,0.058
2026-08-29T09:59:58.676818+00:00,ENG01,descent,2995,26.9,400.7,1.0,35.6,4.17,0.16,14.2,9.0,15.0,45.4,0.058
2026-08-29T09:59:59.676818+00:00,ENG01,descent,2992,26.9,400.5,1.0,35.6,4.16,0.163,14.2,9.0,15.0,45.3,0.058
2026-08-29T10:00:00.676818+00:00,ENG01,descent,2990,26.9,400.4,1.0,35.6,4.16,0.159,14.2,9.0,15.0,45.3,0.058
2026-08-29T10:00:01.676818+00:00,ENG01,descent,2988,26.8,400.2,1.0,35.5,4.15,0.159,14.2,9.0,15.0,45.3,0.058
2026-08-29T10:00:02.676818+00:00,ENG01,descent,2985,26.8,400.1,1.0,35.5,4.14,0.18,14.2,9.0,15.0,45.3,0.058
2026-08-29T10:00:03.676818+00:00,ENG01,descent,2982,26.8,399.9,1.0,35.5,4.13,0.192,14.2,9.0,15.0,45.3,0.058
2026-08-29T10:00:04.676818+00:00,ENG01,descent,2980,26.8,399.8,1.0,35.5,4.13,0.153,14.2,9.0,15.0,45.3,0.058
2026-08-29T10:00:05.676818+00:00,ENG01,descent,2978,26.8,399.6,1.0,35.4,4.12,0.153,14.2,9.0,15.0,45.2,0.057
2026-08-29T10:00:06.676818+00:00,ENG01,descent,2975,26.8,399.5,1.0,35.4,4.11,0.15,14.2,9.0,15.0,45.2,0.057
2026-08-29T10:00:07.676818+00:00,ENG01,descent,2972,26.7,399.4,1.0,35.4,4.11,0.168,14.2,9.0,14.9,45.2,0.057
2026-08-29T10:00:08.676818+00:00,ENG01,descent,2970,26.7,399.2,1.0,35.4,4.1,0.183,14.2,9.0,14.9,45.2,0.057
2026-08-29T10:00:09.676818+00:00,ENG01,descent,2968,26.7,399.1,1.0,35.3,4.09,0.148,14.2,9.0,14.9,45.2,0.057
2026-08-29T10:00:10.676818+00:00,ENG01,descent,2965,26.7,398.9,1.0,35.3,4.09,0.155,14.2,9.0,14.9,45.2,0.057
2026-08-29T10:00:11.676818+00:00,ENG01,descent,2962,26.7,398.8,1.0,35.3,4.08,0.181,14.2,9.0,14.9,45.1,0.057
2026-08-29T10:00:12.676818+00:00,ENG01,descent,2960,26.7,398.6,1.0,35.3,4.07,0.167,14.2,9.0,14.9,45.1,0.057
2026-08-29T10:00:13.676818+00:00,ENG01,descent,2958,26.6,398.5,1.0,35.2,4.07,0.15,14.2,9.0,14.9,45.1,0.057
2026-08-29T10:00:14.676818+00:00,ENG01,descent,2955,26.6,398.3,1.0,35.2,4.06,0.155,14.2,9.0,14.9,45.1,0.056
2026-08-29T10:00:15.676818+00:00,ENG01,descent,2952,26.6,398.2,1.0,35.2,4.05,0.152,14.2,9.0,14.9,45.1,0.056
2026-08-29T10:00:16.676818+00:00,ENG01,descent,2950,26.6,398.0,1.0,35.2,4.05,0.153,14.2,9.0,14.8,45.1,0.056
2026-08-29T10:00:17.676818+00:00,ENG01,descent,2948,26.6,397.9,1.0,35.1,4.04,0.15,14.2,9.0,14.8,45.1,0.056
2026-08-29T10:00:18.676818+00:00,ENG01,descent,2945,26.6,397.7,1.0,35.1,4.03,0.151,14.2,9.0,14.8,45.0,0.056
2026-08-29T10:00:19.676818+00:00,ENG01,descent,2942,26.5,397.6,0.99,35.1,4.02,0.167,14.2,9.0,14.8,45.0,0.056
2026-08-29T10:00:20.676818+00:00,ENG01,descent,2940,26.5,397.4,0.99,35.0,4.02,0.185,14.2,9.0,14.8,45.0,0.056
2026-08-29T10:00:21.676818+00:00,ENG01,descent,2938,26.5,397.3,0.99,35.0,4.01,0.188,14.2,9.0,14.8,45.0,0.056
2026-08-29T10:00:22.676818+00:00,ENG01,descent,2935,26.5,397.1,0.99,35.0,4.0,0.191,14.2,9.0,14.8,45.0,0.056
2026-08-29T10:00:23.676818+00:00,ENG01,descent,2932,26.5,397.0,0.99,35.0,4.0,0.165,14.2,9.0,14.8,45.0,0.056
2026-08-29T10:00:24.676818+00:00,ENG01,descent,2930,26.5,396.8,0.99,34.9,4.0,0.145,14.2,9.0,14.8,44.9,0.055
2026-08-29T10:00:25.676818+00:00,ENG01,descent,2928,26.5,396.7,0.99,34.9,4.0,0.153,14.2,9.0,14.8,44.9,0.055
2026-08-29T10:00:26.676818+00:00,ENG01,descent,2925,26.4,396.5,0.99,34.9,4.0,0.182,14.2,9.0,14.7,44.9,0.055
2026-08-29T10:00:27.676818+00:00,ENG01,descent,2922,26.4,396.4,0.99,34.9,4.0,0.168,14.2,9.0,14.7,44.9,0.055
2026-08-29T10:00:28.676818+00:00,ENG01,descent,2920,26.4,396.3,0.99,34.9,4.0,0.166,14.2,9.0,14.7,44.9,0.055
2026-08-29T10:00:29.676818+00:00,ENG01,descent,2918,26.4,396.1,0.99,34.8,4.0,0.157,14.2,9.0,14.7,44.9,0.055
2026-08-29T10:00:30.676818+00:00,ENG01,descent,2915,26.4,396.0,0.99,34.8,4.0,0.152,14.2,9.0,14.7,44.8,0.055
2026-08-29T10:00:31.676818+00:00,ENG01,descent,2912,26.4,395.8,0.99,34.8,4.0,0.176,14.2,9.0,14.7,44.8,0.055
2026-08-29T10:00:32.676818+00:00,ENG01,descent,2910,26.4,395.7,0.99,34.8,4.0,0.152,14.2,9.0,14.7,44.8,0.055
2026-08-29T10:00:33.676818+00:00,ENG01,descent,2908,26.3,395.5,0.99,34.7,4.0,0.153,14.2,9.0,14.7,44.8,0.054
2026-08-29T10:00:34.676818+00:00,ENG01,descent,2905,26.3,395.4,0.99,34.7,4.0,0.162,14.2,9.0,14.7,44.8,0.054
2026-08-29T10:00:35.676818+00:00,ENG01,descent,2902,26.3,395.2,0.99,34.7,4.0,0.16,14.2,9.0,14.6,44.8,0.054
2026-08-29T10:00:36.676818+00:00,ENG01,descent,2900,26.3,395.1,0.99,34.7,4.0,0.179,14.2,9.0,14.6,44.7,0.054
2026-08-29T10:00:37.676818+00:00,ENG01,descent,2898,26.3,395.0,0.99,34.6,4.0,0.152,14.2,9.0,14.6,44.7,0.054
2026-08-29T10:00:38.676818+00:00,ENG01,descent,2895,26.3,394.8,0.99,34.6,4.0,0.151,14.2,9.0,14.6,44.7,0.054
2026-08-29T10:00:39.676818+00:00,ENG01,descent,2892,26.3,394.7,0.99,34.6,4.0,0.157,14.2,9.0,14.6,44.7,0.054
2026-08-29T10:00:40.676818+00:00,ENG01,descent,2890,26.2,394.5,0.98,34.6,4.0,0.163,14.2,9.0,14.6,44.7,0.054
2026-08-29T10:00:41.676818+00:00,ENG01,descent,2888,26.2,394.4,0.98,34.5,4.0,0.15,14.2,9.0,14.6,44.7,0.054
2026-08-29T10:00:42.676818+00:00,ENG01,descent,2885,26.2,394.2,0.98,34.5,4.0,0.143,14.2,9.0,14.6,44.6,0.054
2026-08-29T10:00:43.676818+00:00,ENG01,descent,2882,26.2,394.1,0.98,34.5,4.0,0.142,14.2,9.0,14.6,44.6,0.053
2026-08-29T10:00:44.676818+00:00,ENG01,descent,2880,26.2,394.0,0.98,34.5,4.0,0.146,14.2,9.0,14.5,44.6,0.053
2026-08-29T10:00:45.676818+00:00,ENG01,descent,2878,26.2,393.8,0.98,34.4,4.0,0.191,14.2,9.0,14.5,44.6,0.053
2026-08-29T10:00:46.676818+00:00,ENG01,descent,2875,26.2,393.7,0.98,34.4,4.0,0.153,14.2,9.0,14.5,44.6,0.053
2026-08-29T10:00:47.676818+00:00,ENG01,descent,2872,26.2,393.5,0.98,34.4,4.0,0.161,14.2,9.0,14.5,44.6,0.053
2026-08-29T10:00:48.676818+00:00,ENG01,descent,2870,26.1,393.4,0.98,34.4,4.0,0.165,14.2,9.0,14.5,44.5,0.053
2026-08-29T10:00:49.676818+00:00,ENG01,descent,2868,26.1,393.2,0.98,34.4,4.0,0.176,14.2,9.0,14.5,44.5,0.053
2026-08-29T10:00:50.676818+00:00,ENG01,descent,2865,26.1,393.1,0.98,34.3,4.0,0.161,14.2,9.0,14.5,44.5,0.053
2026-08-29T10:00:51.676818+00:00,ENG01,descent,2862,26.1,393.0,0.98,34.3,4.0,0.152,14.2,9.0,14.5,44.5,0.053
2026-08-29T10:00:52.676818+00:00,ENG01,descent,2860,26.1,392.8,0.98,34.3,4.0,0.146,14.2,9.0,14.5,44.5,0.053
2026-08-29T10:00:53.676818+00:00,ENG01,descent,2858,26.1,392.7,0.98,34.3,4.0,0.154,14.2,9.0,14.5,44.5,0.052
2026-08-29T10:00:54.676818+00:00,ENG01,descent,2855,26.1,392.5,0.98,34.2,4.0,0.152,14.2,9.0,14.4,44.5,0.052
2026-08-29T10:00:55.676818+00:00,ENG01,descent,2852,26.1,392.4,0.98,34.2,4.0,0.151,14.2,9.0,14.4,44.4,0.052
2026-08-29T10:00:56.676818+00:00,ENG01,descent,2850,26.0,392.3,0.98,34.2,4.0,0.147,14.2,9.0,14.4,44.4,0.052
2026-08-29T10:00:57.676818+00:00,ENG01,descent,2848,26.0,392.1,0.98,34.2,4.0,0.14,14.2,9.0,14.4,44.4,0.052
2026-08-29T10:00:58.676818+00:00,ENG01,descent,2845,26.0,392.0,0.98,34.2,4.0,0.14,14.2,9.0,14.4,44.4,0.052
2026-08-29T10:00:59.676818+00:00,ENG01,descent,2842,26.0,391.8,0.98,34.1,4.0,0.166,14.2,9.0,14.4,44.4,0.052
2026-08-29T10:01:00.676818+00:00,ENG01,descent,2840,26.0,391.7,0.98,34.1,4.0,0.176,14.2,9.0,14.4,44.4,0.052
2026-08-29T10:01:01.676818+00:00,ENG01,descent,2838,26.0,391.6,0.98,34.1,4.0,0.155,14.2,9.0,14.4,44.3,0.052
2026-08-29T10:01:02.676818+00:00,ENG01,descent,2835,26.0,391.4,0.97,34.1,4.0,0.155,14.2,9.0,14.4,44.3,0.051
2026-08-29T10:01:03.676818+00:00,ENG01,descent,2832,26.0,391.3,0.97,34.0,4.0,0.155,14.2,9.0,14.3,44.3,0.051
2026-08-29T10:01:04.676818+00:00,ENG01,descent,2830,26.0,391.1,0.97,34.0,4.0,0.142,14.2,9.0,14.3,44.3,0.051
2026-08-29T10:01:05.676818+00:00,ENG01,descent,2828,25.9,391.0,0.97,34.0,4.0,0.148,14.2,9.0,14.3,44.3,0.051
2026-08-29T10:01:06.676818+00:00,ENG01,descent,2825,25.9,390.9,0.97,34.0,4.0,0.165,14.2,9.0,14.3,44.2,0.051
2026-08-29T10:01:07.676818+00:00,ENG01,descent,2822,25.9,390.7,0.97,34.0,4.0,0.141,14.2,9.0,14.3,44.2,0.051
2026-08-29T10:01:08.676818+00:00,ENG01,descent,2820,25.9,390.6,0.97,33.9,4.0,0.145,14.2,9.0,14.3,44.2,0.051
2026-08-29T10:01:09.676818+00:00,ENG01,descent,2818,25.9,390.5,0.97,33.9,4.0,0.148,14.2,9.0,14.3,44.2,0.051
2026-08-29T10:01:10.676818+00:00,ENG01,descent,2815,25.9,390.3,0.97,33.9,4.0,0.154,14.2,9.0,14.3,44.2,0.051
2026-08-29T10:01:11.676818+00:00,ENG01,descent,2812,25.9,390.2,0.97,33.9,4.0,0.144,14.2,9.0,14.3,44.2,0.051
2026-08-29T10:01:12.676818+00:00,ENG01,descent,2810,25.9,390.0,0.97,33.9,4.0,0.146,14.2,9.0,14.3,44.1,0.05
2026-08-29T10:01:13.676818+00:00,ENG01,descent,2808,25.8,389.9,0.97,33.8,4.0,0.145,14.2,9.0,14.2,44.1,0.05
2026-08-29T10:01:14.676818+00:00,ENG01,descent,2805,25.8,389.8,0.97,33.8,4.0,0.146,14.2,9.0,14.2,44.1,0.05
2026-08-29T10:01:15.676818+00:00,ENG01,descent,2802,25.8,389.6,0.97,33.8,4.0,0.151,14.2,9.0,14.2,44.1,0.05
2026-08-29T10:01:16.676818+00:00,ENG01,descent,2800,25.8,389.5,0.97,33.8,4.0,0.176,14.2,9.0,14.2,44.1,0.05
2026-08-29T10:01:17.676818+00:00,ENG01,descent,2798,25.8,389.4,0.97,33.8,4.0,0.159,14.2,9.0,14.2,44.1,0.05
2026-08-29T10:01:18.676818+00:00,ENG01,descent,2795,25.8,389.2,0.97,33.7,4.0,0.147,14.2,9.0,14.2,44.0,0.05
2026-08-29T10:01:19.676818+00:00,ENG01,descent,2792,25.8,389.1,0.97,33.7,4.0,0.15,14.2,9.0,14.2,44.0,0.05
2026-08-29T10:01:20.676818+00:00,ENG01,descent,2790,25.8,389.0,0.97,33.7,4.0,0.183,14.2,9.0,14.2,44.0,0.05
2026-08-29T10:01:21.676818+00:00,ENG01,descent,2788,25.8,388.8,0.97,33.7,4.0,0.145,14.2,9.0,14.2,44.0,0.049
2026-08-29T10:01:22.676818+00:00,ENG01,descent,2785,25.8,388.7,0.97,33.7,4.0,0.17,14.2,9.0,14.1,44.0,0.049
2026-08-29T10:01:23.676818+00:00,ENG01,descent,2782,25.7,388.5,0.96,33.6,4.0,0.139,14.2,9.0,14.1,44.0,0.049
2026-08-29T10:01:24.676818+00:00,ENG01,descent,2780,25.7,388.4,0.96,33.6,4.0,0.14,14.2,9.0,14.1,43.9,0.049
2026-08-29T10:01:25.676818+00:00,ENG01,descent,2778,25.7,388.3,0.96,33.6,4.0,0.144,14.2,9.0,14.1,43.9,0.049
2026-08-29T10:01:26.676818+00:00,ENG01,descent,2775,25.7,388.1,0.96,33.6,4.0,0.136,14.2,9.0,14.1,43.9,0.049
2026-08-29T10:01:27.676818+00:00,ENG01,descent,2772,25.7,388.0,0.96,33.6,4.0,0.161,14.2,9.0,14.1,43.9,0.049
2026-08-29T10:01:28.676818+00:00,ENG01,descent,2770,25.7,387.9,0.96,33.5,4.0,0.162,14.2,9.0,14.1,43.9,0.049
2026-08-29T10:01:29.676818+00:00,ENG01,descent,2768,25.7,387.7,0.96,33.5,4.0,0.162,14.2,9.0,14.1,43.9,0.049
2026-08-29T10:01:30.676818+00:00,ENG01,descent,2765,25.7,387.6,0.96,33.5,4.0,0.142,14.2,9.0,14.1,43.8,0.049
2026-08-29T10:01:31.676818+00:00,ENG01,descent,2762,25.7,387.5,0.96,33.5,4.0,0.151,14.2,9.0,14.0,43.8,0.048
2026-08-29T10:01:32.676818+00:00,ENG01,descent,2760,25.7,387.3,0.96,33.5,4.0,0.147,14.2,9.0,14.0,43.8,0.048
2026-08-29T10:01:33.676818+00:00,ENG01,descent,2758,25.6,387.2,0.96,33.4,4.0,0.163,14.2,9.0,14.0,43.8,0.048
2026-08-29T10:01:34.676818+00:00,ENG01,descent,2755,25.6,387.1,0.96,33.4,4.0,0.157,14.2,9.0,14.0,43.8,0.048
2026-08-29T10:01:35.676818+00:00,ENG01,descent,2752,25.6,386.9,0.96,33.4,4.0,0.15,14.2,9.0,14.0,43.8,0.048
2026-08-29T10:01:36.676818+00:00,ENG01,descent,2750,25.6,386.8,0.96,33.4,4.0,0.136,14.2,9.0,14.0,43.7,0.048
2026-08-29T10:01:37.676818+00:00,ENG01,descent,2748,25.6,386.7,0.96,33.4,4.0,0.137,14.2,9.0,14.0,43.7,0.048
2026-08-29T10:01:38.676818+00:00,ENG01,descent,2745,25.6,386.5,0.96,33.4,4.0,0.154,14.2,9.0,14.0,43.7,0.048
2026-08-29T10:01:39.676818+00:00,ENG01,descent,2742,25.6,386.4,0.96,33.3,4.0,0.136,14.2,9.0,14.0,43.7,0.048
2026-08-29T10:01:40.676818+00:00,ENG01,descent,2740,25.6,386.3,0.96,33.3,4.0,0.152,14.2,9.0,14.0,43.7,0.048
2026-08-29T10:01:41.676818+00:00,ENG01,descent,2738,25.6,386.1,0.96,33.3,4.0,0.136,14.2,9.0,13.9,43.6,0.047
2026-08-29T10:01:42.676818+00:00,ENG01,descent,2735,25.6,386.0,0.96,33.3,4.0,0.142,14.2,9.0,13.9,43.6,0.047
2026-08-29T10:01:43.676818+00:00,ENG01,descent,2732,25.6,385.9,0.96,33.3,4.0,0.139,14.2,9.0,13.9,43.6,0.047
2026-08-29T10:01:44.676818+00:00,ENG01,descent,2730,25.5,385.8,0.95,33.2,4.0,0.142,14.2,9.0,13.9,43.6,0.047
2026-08-29T10:01:45.676818+00:00,ENG01,descent,2728,25.5,385.6,0.95,33.2,4.0,0.145,14.2,9.0,13.9,43.6,0.047
2026-08-29T10:01:46.676818+00:00,ENG01,descent,2725,25.5,385.5,0.95,33.2,4.0,0.149,14.2,9.0,13.9,43.6,0.047
2026-08-29T10:01:47.676818+00:00,ENG01,descent,2722,25.5,385.4,0.95,33.2,4.0,0.173,14.2,9.0,13.9,43.5,0.047
2026-08-29T10:01:48.676818+00:00,ENG01,descent,2720,25.5,385.2,0.95,33.2,4.0,0.162,14.2,9.0,13.9,43.5,0.047
2026-08-29T10:01:49.676818+00:00,ENG01,descent,2718,25.5,385.1,0.95,33.2,4.0,0.158,14.2,9.0,13.9,43.5,0.047
2026-08-29T10:01:50.676818+00:00,ENG01,descent,2715,25.5,385.0,0.95,33.1,4.0,0.157,14.2,9.0,13.8,43.5,0.046
2026-08-29T10:01:51.676818+00:00,ENG01,descent,2712,25.5,384.8,0.95,33.1,4.0,0.137,14.2,9.0,13.8,43.5,0.046
2026-08-29T10:01:52.676818+00:00,ENG01,descent,2710,25.5,384.7,0.95,33.1,4.0,0.164,14.2,9.0,13.8,43.5,0.046
2026-08-29T10:01:53.676818+00:00,ENG01,descent,2708,25.5,384.6,0.95,33.1,4.0,0.143,14.2,9.0,13.8,43.4,0.046
2026-08-29T10:01:54.676818+00:00,ENG01,descent,2705,25.5,384.5,0.95,33.1,4.0,0.149,14.2,9.0,13.8,43.4,0.046
2026-08-29T10:01:55.676818+00:00,ENG01,descent,2702,25.5,384.3,0.95,33.1,4.0,0.147,14.2,9.0,13.8,43.4,0.046
2026-08-29T10:01:56.676818+00:00,ENG01,descent,2700,25.4,384.2,0.95,33.0,4.0,0.165,14.2,9.0,13.8,43.4,0.046
2026-08-29T10:01:57.676818+00:00,ENG01,descent,2698,25.4,384.1,0.95,33.0,4.0,0.149,14.2,9.0,13.8,43.4,0.046
2026-08-29T10:01:58.676818+00:00,ENG01,descent,2695,25.4,383.9,0.95,33.0,4.0,0.152,14.2,9.0,13.8,43.3,0.046
2026-08-29T10:01:59.676818+00:00,ENG01,descent,2692,25.4,383.8,0.95,33.0,4.0,0.142,14.2,9.0,13.7,43.3,0.046
2026-08-29T10:02:00.676818+00:00,ENG01,descent,2690,25.4,383.7,0.95,33.0,4.0,0.139,14.2,9.0,13.7,43.3,0.045
2026-08-29T10:02:01.676818+00:00,ENG01,descent,2688,25.4,383.6,0.95,33.0,4.0,0.149,14.2,9.0,13.7,43.3,0.045
2026-08-29T10:02:02.676818+00:00,ENG01,descent,2685,25.4,383.4,0.95,32.9,4.0,0.148,14.2,9.0,13.7,43.3,0.045
2026-08-29T10:02:03.676818+00:00,ENG01,descent,2682,25.4,383.3,0.95,32.9,4.0,0.169,14.2,9.0,13.7,43.3,0.045
2026-08-29T10:02:04.676818+00:00,ENG01,descent,2680,25.4,383.2,0.95,32.9,4.0,0.159,14.2,9.0,13.7,43.2,0.045
2026-08-29T10:02:05.676818+00:00,ENG01,descent,2678,25.4,383.0,0.94,32.9,4.0,0.15,14.2,9.0,13.7,43.2,0.045
2026-08-29T10:02:06.676818+00:00,ENG01,descent,2675,25.4,382.9,0.94,32.9,4.0,0.148,14.2,9.0,13.7,43.2,0.045
2026-08-29T10:02:07.676818+00:00,ENG01,descent,2672,25.4,382.8,0.94,32.9,4.0,0.157,14.2,9.0,13.7,43.2,0.045
2026-08-29T10:02:08.676818+00:00,ENG01,descent,2670,25.4,382.7,0.94,32.8,4.0,0.167,14.2,9.0,13.7,43.2,0.045
2026-08-29T10:02:09.676818+00:00,ENG01,descent,2668,25.3,382.5,0.94,32.8,4.0,0.137,14.2,9.0,13.6,43.2,0.044
2026-08-29T10:02:10.676818+00:00,ENG01,descent,2665,25.3,382.4,0.94,32.8,4.0,0.137,14.2,9.0,13.6,43.1,0.044
2026-08-29T10:02:11.676818+00:00,ENG01,descent,2662,25.3,382.3,0.94,32.8,4.0,0.169,14.2,9.0,13.6,43.1,0.044
2026-08-29T10:02:12.676818+00:00,ENG01,descent,2660,25.3,382.2,0.94,32.8,4.0,0.139,14.2,9.0,13.6,43.1,0.044
2026-08-29T10:02:13.676818+00:00,ENG01,descent,2658,25.3,382.0,0.94,32.8,4.0,0.141,14.2,9.0,13.6,43.1,0.044
2026-08-29T10:02:14.676818+00:00,ENG01,descent,2655,25.3,381.9,0.94,32.7,4.0,0.137,14.2,9.0,13.6,43.1,0.044
2026-08-29T10:02:15.676818+00:00,ENG01,descent,2652,25.3,381.8,0.94,32.7,4.0,0.137,14.2,9.0,13.6,43.0,0.044
2026-08-29T10:02:16.676818+00:00,ENG01,descent,2650,25.3,381.7,0.94,32.7,4.0,0.156,14.2,9.0,13.6,43.0,0.044
2026-08-29T10:02:17.676818+00:00,ENG01,descent,2648,25.3,381.5,0.94,32.7,4.0,0.144,14.2,9.0,13.6,43.0,0.044
2026-08-29T10:02:18.676818+00:00,ENG01,descent,2645,25.3,381.4,0.94,32.7,4.0,0.131,14.2,9.0,13.5,43.0,0.044
2026-08-29T10:02:19.676818+00:00,ENG01,descent,2642,25.3,381.3,0.94,32.7,4.0,0.137,14.2,9.0,13.5,43.0,0.043
2026-08-29T10:02:20.676818+00:00,ENG01,descent,2640,25.3,381.2,0.94,32.7,4.0,0.134,14.2,9.0,13.5,43.0,0.043
2026-08-29T10:02:21.676818+00:00,ENG01,descent,2638,25.3,381.0,0.94,32.6,4.0,0.162,14.2,9.0,13.5,42.9,0.043
2026-08-29T10:02:22.676818+00:00,ENG01,descent,2635,25.3,380.9,0.94,32.6,4.0,0.138,14.2,9.0,13.5,42.9,0.043
2026-08-29T10:02:23.676818+00:00,ENG01,descent,2632,25.2,380.8,0.94,32.6,4.0,0.131,14.2,9.0,13.5,42.9,0.043
2026-08-29T10:02:24.676818+00:00,ENG01,descent,2630,25.2,380.7,0.94,32.6,4.0,0.135,14.2,9.0,13.5,42.9,0.043
2026-08-29T10:02:25.676818+00:00,ENG01,descent,2628,25.2,380.5,0.94,32.6,4.0,0.151,14.2,9.0,13.5,42.9,0.043
2026-08-29T10:02:26.676818+00:00,ENG01,descent,2625,25.2,380.4,0.94,32.6,4.0,0.138,14.2,9.0,13.5,42.8,0.043
2026-08-29T10:02:27.676818+00:00,ENG01,descent,2622,25.2,380.3,0.93,32.5,4.0,0.132,14.2,9.0,13.5,42.8,0.043
2026-08-29T10:02:28.676818+00:00,ENG01,descent,2620,25.2,380.2,0.93,32.5,4.0,0.128,14.2,9.0,13.4,42.8,0.043
2026-08-29T10:02:29.676818+00:00,ENG01,descent,2618,25.2,380.1,0.93,32.5,4.0,0.135,14.2,9.0,13.4,42.8,0.042
2026-08-29T10:02:30.676818+00:00,ENG01,descent,2615,25.2,379.9,0.93,32.5,4.0,0.144,14.2,9.0,13.4,42.8,0.042
2026-08-29T10:02:31.676818+00:00,ENG01,descent,2612,25.2,379.8,0.93,32.5,4.0,0.157,14.2,9.0,13.4,42.8,0.042
2026-08-29T10:02:32.676818+00:00,ENG01,descent,2610,25.2,379.7,0.93,32.5,4.0,0.136,14.2,9.0,13.4,42.7,0.042
2026-08-29T10:02:33.676818+00:00,ENG01,descent,2608,25.2,379.6,0.93,32.5,4.0,0.171,14.2,9.0,13.4,42.7,0.042
2026-08-29T10:02:34.676818+00:00,ENG01,descent,2605,25.2,379.4,0.93,32.4,4.0,0.139,14.2,9.0,13.4,42.7,0.042
2026-08-29T10:02:35.676818+00:00,ENG01,descent,2602,25.2,379.3,0.93,32.4,4.0,0.168,14.2,9.0,13.4,42.7,0.042
2026-08-29T10:02:36.676818+00:00,ENG01,descent,2600,25.2,379.2,0.93,32.4,4.0,0.134,14.2,9.0,13.4,42.7,0.042
2026-08-29T10:02:37.676818+00:00,ENG01,descent,2598,25.2,379.1,0.93,32.4,4.0,0.144,14.2,9.0,13.3,42.6,0.042
2026-08-29T10:02:38.676818+00:00,ENG01,descent,2595,25.2,379.0,0.93,32.4,4.0,0.159,14.2,9.0,13.3,42.6,0.041
2026-08-29T10:02:39.676818+00:00,ENG01,descent,2592,25.1,378.8,0.93,32.4,4.0,0.147,14.2,9.0,13.3,42.6,0.041
2026-08-29T10:02:40.676818+00:00,ENG01,descent,2590,25.1,378.7,0.93,32.4,4.0,0.172,14.2,9.0,13.3,42.6,0.041
2026-08-29T10:02:41.676818+00:00,ENG01,descent,2588,25.1,378.6,0.93,32.4,4.0,0.144,14.2,9.0,13.3,42.6,0.041
2026-08-29T10:02:42.676818+00:00,ENG01,descent,2585,25.1,378.5,0.93,32.3,4.0,0.133,14.2,9.0,13.3,42.5,0.041
2026-08-29T10:02:43.676818+00:00,ENG01,descent,2582,25.1,378.4,0.93,32.3,4.0,0.136,14.2,9.0,13.3,42.5,0.041
2026-08-29T10:02:44.676818+00:00,ENG01,descent,2580,25.1,378.2,0.93,32.3,4.0,0.158,14.2,9.0,13.3,42.5,0.041
2026-08-29T10:02:45.676818+00:00,ENG01,descent,2578,25.1,378.1,0.93,32.3,4.0,0.126,14.2,9.0,13.3,42.5,0.041
2026-08-29T10:02:46.676818+00:00,ENG01,descent,2575,25.1,378.0,0.93,32.3,4.0,0.127,14.2,9.0,13.2,42.5,0.041
2026-08-29T10:02:47.676818+00:00,ENG01,descent,2572,25.1,377.9,0.93,32.3,4.0,0.151,14.2,9.0,13.2,42.5,0.041
2026-08-29T10:02:48.676818+00:00,ENG01,descent,2570,25.1,377.8,0.92,32.3,4.0,0.147,14.2,9.0,13.2,42.4,0.04
2026-08-29T10:02:49.676818+00:00,ENG01,descent,2568,25.1,377.6,0.92,32.2,4.0,0.141,14.2,9.0,13.2,42.4,0.04
2026-08-29T10:02:50.676818+00:00,ENG01,descent,2565,25.1,377.5,0.92,32.2,4.0,0.139,14.2,9.0,13.2,42.4,0.04
2026-08-29T10:02:51.676818+00:00,ENG01,descent,2562,25.1,377.4,0.92,32.2,4.0,0.126,14.2,9.0,13.2,42.4,0.04
2026-08-29T10:02:52.676818+00:00,ENG01,descent,2560,25.1,377.3,0.92,32.2,4.0,0.131,14.2,9.0,13.2,42.4,0.04
2026-08-29T10:02:53.676818+00:00,ENG01,descent,2558,25.1,377.2,0.92,32.2,4.0,0.14,14.2,9.0,13.2,42.3,0.04
2026-08-29T10:02:54.676818+00:00,ENG01,descent,2555,25.1,377.1,0.92,32.2,4.0,0.145,14.2,9.0,13.2,42.3,0.04
2026-08-29T10:02:55.676818+00:00,ENG01,descent,2552,25.1,376.9,0.92,32.2,4.0,0.139,14.2,9.0,13.2,42.3,0.04
2026-08-29T10:02:56.676818+00:00,ENG01,descent,2550,25.1,376.8,0.92,32.2,4.0,0.133,14.2,9.0,13.1,42.3,0.04
2026-08-29T10:02:57.676818+00:00,ENG01,descent,2548,25.1,376.7,0.92,32.1,4.0,0.126,14.2,9.0,13.1,42.3,0.039
2026-08-29T10:02:58.676818+00:00,ENG01,descent,2545,25.0,376.6,0.92,32.1,4.0,0.129,14.2,9.0,13.1,42.2,0.039
2026-08-29T10:02:59.676818+00:00,ENG01,descent,2542,25.0,376.5,0.92,32.1,4.0,0.147,14.2,9.0,13.1,42.2,0.039
2026-08-29T10:03:00.676818+00:00,ENG01,descent,2540,25.0,376.4,0.92,32.1,4.0,0.129,14.2,9.0,13.1,42.2,0.039
2026-08-29T10:03:01.676818+00:00,ENG01,descent,2538,25.0,376.2,0.92,32.1,4.0,0.142,14.2,9.0,13.1,42.2,0.039
2026-08-29T10:03:02.676818+00:00,ENG01,descent,2535,25.0,376.1,0.92,32.1,4.0,0.142,14.2,9.0,13.1,42.2,0.039
2026-08-29T10:03:03.676818+00:00,ENG01,descent,2532,25.0,376.0,0.92,32.1,4.0,0.135,14.2,9.0,13.1,42.2,0.039
2026-08-29T10:03:04.676818+00:00,ENG01,descent,2530,25.0,375.9,0.92,32.1,4.0,0.136,14.2,9.0,13.1,42.1,0.039
2026-08-29T10:03:05.676818+00:00,ENG01,descent,2528,25.0,375.8,0.92,32.0,4.0,0.127,14.2,9.0,13.0,42.1,0.039
2026-08-29T10:03:06.676818+00:00,ENG01,descent,2525,25.0,375.7,0.92,32.0,4.0,0.135,14.2,9.0,13.0,42.1,0.039
2026-08-29T10:03:07.676818+00:00,ENG01,descent,2522,25.0,375.5,0.92,32.0,4.0,0.139,14.2,9.0,13.0,42.1,0.038
2026-08-29T10:03:08.676818+00:00,ENG01,descent,2520,25.0,375.4,0.92,32.0,4.0,0.126,14.2,9.0,13.0,42.1,0.038
2026-08-29T10:03:09.676818+00:00,ENG01,descent,2518,25.0,375.3,0.91,32.0,4.0,0.137,14.2,9.0,13.0,42.0,0.038
2026-08-29T10:03:10.676818+00:00,ENG01,descent,2515,25.0,375.2,0.91,32.0,4.0,0.167,14.2,9.0,13.0,42.0,0.038
2026-08-29T10:03:11.676818+00:00,ENG01,descent,2512,25.0,375.1,0.91,32.0,4.0,0.16,14.2,9.0,13.0,42.0,0.038
2026-08-29T10:03:12.676818+00:00,ENG01,descent,2510,25.0,375.0,0.91,32.0,4.0,0.129,14.2,9.0,13.0,42.0,0.038
2026-08-29T10:03:13.676818+00:00,ENG01,descent,2508,25.0,374.9,0.91,32.0,4.0,0.129,14.2,9.0,13.0,42.0,0.038
2026-08-29T10:03:14.676818+00:00,ENG01,descent,2505,25.0,374.7,0.91,31.9,4.0,0.144,14.2,9.0,12.9,41.9,0.038
2026-08-29T10:03:15.676818+00:00,ENG01,descent,2502,25.0,374.6,0.91,31.9,4.0,0.148,14.2,9.0,12.9,41.9,0.038
2026-08-29T10:03:16.676818+00:00,ENG01,ground,1400,25.0,370.2,1.28,31.9,4.0,0.084,12.6,0.0,8.0,33.9,0.0
2026-08-29T10:03:17.676818+00:00,ENG01,ground,1400,25.0,366.3,1.28,31.9,4.0,0.101,12.6,0.0,8.0,33.9,0.0
2026-08-29T10:03:18.676818+00:00,ENG01,ground,1400,25.1,362.9,1.28,31.9,4.0,0.094,12.6,0.0,8.0,33.9,0.0
2026-08-29T10:03:19.676818+00:00,ENG01,ground,1400,25.1,359.9,1.28,31.9,4.0,0.081,12.6,0.0,8.0,33.9,0.0
2026-08-29T10:03:20.676818+00:00,ENG01,ground,1400,25.2,357.2,1.28,31.9,4.0,0.089,12.6,0.0,8.0,33.9,0.0
2026-08-29T10:03:21.676818+00:00,ENG01,ground,1400,25.2,354.8,1.28,31.9,4.0,0.087,12.6,0.0,8.0,33.9,0.0
2026-08-29T10:03:22.676818+00:00,ENG01,ground,1400,25.2,352.7,1.28,31.9,4.0,0.091,12.6,0.0,8.0,33.9,0.0
2026-08-29T10:03:23.676818+00:00,ENG01,ground,1400,25.3,350.9,1.28,31.9,4.0,0.087,12.6,0.0,8.0,33.9,0.0
2026-08-29T10:03:24.676818+00:00,ENG01,ground,1400,25.3,349.3,1.28,31.9,4.0,0.098,12.6,0.0,8.0,33.9,0.0
2026-08-29T10:03:25.676818+00:00,ENG01,ground,1400,25.3,347.9,1.28,31.9,4.0,0.08,12.6,0.0,8.0,33.9,0.0
2026-08-29T10:03:26.676818+00:00,ENG01,ground,1400,25.4,346.6,1.28,31.9,4.0,0.092,12.6,0.0,8.0,33.9,0.0
2026-08-29T10:03:27.676818+00:00,ENG01,ground,1400,25.4,345.5,1.28,31.9,4.0,0.082,12.6,0.0,8.0,33.9,0.0
2026-08-29T10:03:28.676818+00:00,ENG01,ground,1400,25.4,344.5,1.28,31.9,4.0,0.085,12.6,0.0,8.0,33.9,0.0
2026-08-29T10:03:29.676818+00:00,ENG01,ground,1400,25.5,343.6,1.28,31.9,4.0,0.087,12.6,0.0,8.0,33.9,0.0
2026-08-29T10:03:30.676818+00:00,ENG01,ground,1400,25.5,342.9,1.28,31.9,4.0,0.111,12.6,0.0,8.0,33.9,0.0
2026-08-29T10:03:31.676818+00:00,ENG01,ground,1400,25.5,342.2,1.28,31.8,4.0,0.093,12.6,0.0,8.0,33.9,0.0
2026-08-29T10:03:32.676818+00:00,ENG01,ground,1400,25.6,341.6,1.28,31.8,4.0,0.106,12.6,0.0,8.0,33.9,0.0
2026-08-29T10:03:33.676818+00:00,ENG01,ground,1400,25.6,341.1,1.28,31.8,4.0,0.081,12.6,0.0,8.0,33.9,0.0
2026-08-29T10:03:34.676818+00:00,ENG01,ground,1400,25.6,340.6,1.28,31.8,4.0,0.108,12.6,0.0,8.0,33.9,0.0
2026-08-29T10:03:35.676818+00:00,ENG01,ground,1400,25.7,340.2,1.28,31.8,4.0,0.143,12.6,0.0,8.0,33.9,0.0
2026-08-29T10:03:36.676818+00:00,ENG01,ground,1400,25.7,339.8,1.28,31.8,4.0,0.086,12.6,0.0,8.0,33.9,0.0
2026-08-29T10:03:37.676818+00:00,ENG01,ground,1400,25.7,339.5,1.28,31.8,4.0,0.077,12.6,0.0,8.0,33.9,0.0
2026-08-29T10:03:38.676818+00:00,ENG01,ground,1400,25.8,339.2,1.28,31.8,4.0,0.104,12.6,0.0,8.0,33.9,0.0
2026-08-29T10:03:39.676818+00:00,ENG01,ground,1400,25.8,339.0,1.28,31.8,4.0,0.088,12.6,0.0,8.0,33.9,0.0
2026-08-29T10:03:40.676818+00:00,ENG01,ground,1400,25.8,338.8,1.28,31.8,4.0,0.086,12.6,0.0,8.0,33.9,0.0
2026-08-29T10:03:41.676818+00:00,ENG01,ground,1400,25.9,338.6,1.28,31.8,4.0,0.082,12.6,0.0,8.0,33.9,0.0
2026-08-29T10:03:42.676818+00:00,ENG01,ground,1400,25.9,338.4,1.28,31.8,4.0,0.098,12.6,0.0,8.0,33.9,0.0
2026-08-29T10:03:43.676818+00:00,ENG01,ground,1400,25.9,338.2,1.28,31.8,4.0,0.092,12.6,0.0,8.0,33.9,0.0
2026-08-29T10:03:44.676818+00:00,ENG01,ground,1400,26.0,338.1,1.28,31.8,4.0,0.113,12.6,0.0,8.0,33.9,0.0
2026-08-29T10:03:45.676818+00:00,ENG01,ground,1400,26.0,338.0,1.28,31.8,4.0,0.104,12.6,0.0,8.0,33.9,0.0
2026-08-29T10:03:46.676818+00:00,ENG01,ground,1400,26.0,337.9,1.28,31.8,4.0,0.084,12.6,0.0,8.0,33.9,0.0
2026-08-29T10:03:47.676818+00:00,ENG01,ground,1400,26.1,337.8,1.28,31.8,4.0,0.078,12.6,0.0,8.0,33.9,0.0
2026-08-29T10:03:48.676818+00:00,ENG01,ground,1400,26.1,337.7,1.28,31.8,4.0,0.095,12.6,0.0,8.0,33.9,0.0
2026-08-29T10:03:49.676818+00:00,ENG01,ground,1400,26.1,337.6,1.28,31.8,4.0,0.079,12.6,0.0,8.0,33.9,0.0
2026-08-29T10:03:50.676818+00:00,ENG01,ground,1400,26.1,337.6,1.28,31.8,4.0,0.127,12.6,0.0,8.0,33.9,0.0
2026-08-29T10:03:51.676818+00:00,ENG01,ground,1400,26.2,337.5,1.28,31.8,4.0,0.111,12.6,0.0,8.0,33.9,0.0
2026-08-29T10:03:52.676818+00:00,ENG01,ground,1400,26.2,337.5,1.28,31.8,4.0,0.104,12.6,0.0,8.0,33.9,0.0
2026-08-29T10:03:53.676818+00:00,ENG01,ground,1400,26.2,337.4,1.28,31.8,4.0,0.103,12.6,0.0,8.0,33.9,0.0
2026-08-29T10:03:54.676818+00:00,ENG01,ground,1400,26.3,337.4,1.28,31.8,4.0,0.079,12.6,0.0,8.0,33.9,0.0
2026-08-29T10:03:55.676818+00:00,ENG01,ground,1400,26.3,337.4,1.28,31.8,4.0,0.093,12.6,0.0,8.0,33.9,0.0
2026-08-29T10:03:56.676818+00:00,ENG01,ground,1400,26.3,337.3,1.28,31.8,4.0,0.083,12.6,0.0,8.0,33.9,0.0
2026-08-29T10:03:57.676818+00:00,ENG01,ground,1400,26.3,337.3,1.28,31.8,4.0,0.102,12.6,0.0,8.0,33.9,0.0
2026-08-29T10:03:58.676818+00:00,ENG01,ground,1400,26.4,337.3,1.28,31.8,4.0,0.082,12.6,0.0,8.0,33.9,0.0
2026-08-29T10:03:59.676818+00:00,ENG01,ground,1400,26.4,337.3,1.28,31.8,4.0,0.112,12.6,0.0,8.0,33.9,0.0
2026-08-29T10:04:00.676818+00:00,ENG01,ground,1400,26.4,337.2,1.28,31.8,4.0,0.089,12.6,0.0,8.0,33.9,0.0
2026-08-29T10:04:01.676818+00:00,ENG01,ground,1400,26.5,337.2,1.28,31.8,4.0,0.093,12.6,0.0,8.0,33.9,0.0
2026-08-29T10:04:02.676818+00:00,ENG01,ground,1400,26.5,337.2,1.28,31.8,4.0,0.104,12.6,0.0,8.0,33.9,0.0
2026-08-29T10:04:03.676818+00:00,ENG01,ground,1400,26.5,337.2,1.28,31.8,4.0,0.081,12.6,0.0,8.0,33.9,0.0
2026-08-29T10:04:04.676818+00:00,ENG01,ground,1400,26.5,337.2,1.28,31.8,4.0,0.096,12.6,0.0,8.0,33.9,0.0
2026-08-29T10:04:05.676818+00:00,ENG01,ground,1400,26.6,337.2,1.28,31.8,4.0,0.09,12.6,0.0,8.0,33.9,0.0
2026-08-29T10:04:06.676818+00:00,ENG01,ground,1400,26.6,337.2,1.28,31.8,4.0,0.083,12.6,0.0,8.0,33.9,0.0
2026-08-29T10:04:07.676818+00:00,ENG01,ground,1400,26.6,337.2,1.28,31.8,4.0,0.11,12.6,0.0,8.0,33.9,0.0
2026-08-29T10:04:08.676818+00:00,ENG01,ground,1400,26.6,337.2,1.28,31.8,4.0,0.088,12.6,0.0,8.0,33.9,0.0
2026-08-29T10:04:09.676818+00:00,ENG01,ground,1400,26.7,337.2,1.28,31.8,4.0,0.086,12.6,0.0,8.0,33.9,0.0
2026-08-29T10:04:10.676818+00:00,ENG01,ground,1400,26.7,337.1,1.28,31.8,4.0,0.105,12.6,0.0,8.0,33.9,0.0
2026-08-29T10:04:11.676818+00:00,ENG01,ground,1400,26.7,337.1,1.28,31.8,4.0,0.077,12.6,0.0,8.0,33.9,0.0
2026-08-29T10:04:12.676818+00:00,ENG01,ground,1400,26.7,337.1,1.28,31.8,4.0,0.083,12.6,0.0,8.0,33.9,0.0
2026-08-29T10:04:13.676818+00:00,ENG01,ground,1400,26.8,337.1,1.28,31.8,4.0,0.083,12.6,0.0,8.0,33.9,0.0
2026-08-29T10:04:14.676818+00:00,ENG01,ground,1400,26.8,337.1,1.28,31.8,4.0,0.084,12.6,0.0,8.0,33.9,0.0
2026-08-29T10:04:15.676818+00:00,ENG01,ground,1400,26.8,337.1,1.28,31.8,4.0,0.079,12.6,0.0,8.0,33.9,0.0
2026-08-29T10:04:16.676818+00:00,ENG01,ground,1400,26.8,337.1,1.28,31.8,4.0,0.1,12.6,0.0,8.0,33.9,0.0
2026-08-29T10:04:17.676818+00:00,ENG01,ground,1400,26.9,337.1,1.28,31.8,4.0,0.125,12.6,0.0,8.0,33.9,0.0
2026-08-29T10:04:18.676818+00:00,ENG01,ground,1400,26.9,337.1,1.28,31.8,4.0,0.099,12.6,0.0,8.0,33.9,0.0
2026-08-29T10:04:19.676818+00:00,ENG01,ground,1400,26.9,337.1,1.28,31.8,4.0,0.097,12.6,0.0,8.0,33.9,0.0
2026-08-29T10:04:20.676818+00:00,ENG01,ground,1400,26.9,337.1,1.28,31.8,4.0,0.093,12.6,0.0,8.0,33.9,0.0
2026-08-29T10:04:21.676818+00:00,ENG01,ground,1400,27.0,337.1,1.28,31.8,4.0,0.099,12.6,0.0,8.0,33.9,0.0
2026-08-29T10:04:22.676818+00:00,ENG01,ground,1400,27.0,337.1,1.28,31.8,4.0,0.083,12.6,0.0,8.0,33.9,0.0
2026-08-29T10:04:23.676818+00:00,ENG01,ground,1400,27.0,337.1,1.28,31.8,4.0,0.081,12.6,0.0,8.0,33.9,0.0
2026-08-29T10:04:24.676818+00:00,ENG01,ground,1400,27.0,337.1,1.28,31.8,4.0,0.077,12.6,0.0,8.0,33.9,0.0
2026-08-29T10:04:25.676818+00:00,ENG01,ground,1400,27.1,337.1,1.28,31.8,4.0,0.111,12.6,0.0,8.0,33.9,0.0
2026-08-29T10:04:26.676818+00:00,ENG01,ground,1400,27.1,337.1,1.28,31.8,4.0,0.08,12.6,0.0,8.0,33.9,0.0
2026-08-29T10:04:27.676818+00:00,ENG01,ground,1400,27.1,337.1,1.28,31.8,4.0,0.09,12.6,0.0,8.0,33.9,0.0
2026-08-29T10:04:28.676818+00:00,ENG01,ground,1400,27.1,337.1,1.28,31.8,4.0,0.089,12.6,0.0,8.0,33.9,0.0
2026-08-29T10:04:29.676818+00:00,ENG01,ground,1400,27.1,337.1,1.28,31.8,4.0,0.096,12.6,0.0,8.0,33.9,0.0
2026-08-29T10:04:30.676818+00:00,ENG01,ground,1400,27.2,337.1,1.28,31.8,4.0,0.078,12.6,0.0,8.0,33.9,0.0
2026-08-29T10:04:31.676818+00:00,ENG01,ground,1400,27.2,337.1,1.28,31.8,4.0,0.095,12.6,0.0,8.0,33.9,0.0
2026-08-29T10:04:32.676818+00:00,ENG01,ground,1400,27.2,337.1,1.28,31.8,4.0,0.093,12.6,0.0,8.0,33.9,0.0
2026-08-29T10:04:33.676818+00:00,ENG01,ground,1400,27.2,337.1,1.28,31.8,4.0,0.096,12.6,0.0,8.0,33.9,0.0
2026-08-29T10:04:34.676818+00:00,ENG01,ground,1400,27.3,337.1,1.28,31.8,4.0,0.081,12.6,0.0,8.0,33.9,0.0
2026-08-29T10:04:35.676818+00:00,ENG01,ground,1400,27.3,337.1,1.28,31.8,4.0,0.078,12.6,0.0,8.0,33.9,0.0
2026-08-29T10:04:36.676818+00:00,ENG01,ground,1400,27.3,337.1,1.28,31.8,4.0,0.117,12.6,0.0,8.0,33.9,0.0
2026-08-29T10:04:37.676818+00:00,ENG01,ground,1400,27.3,337.1,1.28,31.8,4.0,0.095,12.6,0.0,8.0,33.9,0.0
2026-08-29T10:04:38.676818+00:00,ENG01,ground,1400,27.3,337.1,1.28,31.8,4.0,0.09,12.6,0.0,8.0,33.9,0.0
2026-08-29T10:04:39.676818+00:00,ENG01,ground,1400,27.4,337.1,1.28,31.8,4.0,0.088,12.6,0.0,8.0,33.9,0.0
2026-08-29T10:04:40.676818+00:00,ENG01,ground,1400,27.4,337.1,1.28,31.8,4.0,0.092,12.6,0.0,8.0,33.9,0.0
2026-08-29T10:04:41.676818+00:00,ENG01,ground,1400,27.4,337.1,1.28,31.8,4.0,0.092,12.6,0.0,8.0,33.9,0.0
2026-08-29T10:04:42.676818+00:00,ENG01,ground,1400,27.4,337.1,1.28,31.8,4.0,0.102,12.6,0.0,8.0,33.9,0.0
2026-08-29T10:04:43.676818+00:00,ENG01,ground,1400,27.4,337.1,1.28,31.8,4.0,0.082,12.6,0.0,8.0,33.9,0.0
2026-08-29T10:04:44.676818+00:00,ENG01,ground,1400,27.5,337.1,1.28,31.8,4.0,0.087,12.6,0.0,8.0,33.9,0.0
2026-08-29T10:04:45.676818+00:00,ENG01,ground,1400,27.5,337.1,1.28,31.8,4.0,0.09,12.6,0.0,8.0,33.9,0.0
2026-08-29T10:04:46.676818+00:00,ENG01,ground,1400,27.5,337.1,1.28,31.8,4.0,0.083,12.6,0.0,8.0,33.9,0.0
2026-08-29T10:04:47.676818+00:00,ENG01,ground,1400,27.5,337.1,1.28,31.8,4.0,0.099,12.6,0.0,8.0,33.9,0.0
2026-08-29T10:04:48.676818+00:00,ENG01,ground,1400,27.5,337.1,1.28,31.8,4.0,0.098,12.6,0.0,8.0,33.9,0.0
2026-08-29T10:04:49.676818+00:00,ENG01,ground,1400,27.6,337.1,1.28,31.8,4.0,0.1,12.6,0.0,8.0,33.9,0.0
2026-08-29T10:04:50.676818+00:00,ENG01,ground,1400,27.6,337.1,1.28,31.8,4.0,0.086,12.6,0.0,8.0,33.9,0.0
2026-08-29T10:04:51.676818+00:00,ENG01,ground,1400,27.6,337.1,1.28,31.8,4.0,0.077,12.6,0.0,8.0,33.9,0.0
2026-08-29T10:04:52.676818+00:00,ENG01,ground,1400,27.6,337.1,1.28,31.8,4.0,0.09,12.6,0.0,8.0,33.9,0.0
2026-08-29T10:04:53.676818+00:00,ENG01,ground,1400,27.6,337.1,1.28,31.8,4.0,0.103,12.6,0.0,8.0,33.9,0.0
2026-08-29T10:04:54.676818+00:00,ENG01,ground,1400,27.7,337.1,1.28,31.8,4.0,0.087,12.6,0.0,8.0,33.9,0.0
2026-08-29T10:04:55.676818+00:00,ENG01,ground,1400,27.7,337.1,1.28,31.8,4.0,0.101,12.6,0.0,8.0,33.9,0.0
2026-08-29T10:04:56.676818+00:00,ENG01,ground,1400,27.7,337.1,1.28,31.9,4.0,0.115,12.6,0.0,8.0,33.9,0.0
2026-08-29T10:04:57.676818+00:00,ENG01,ground,1400,27.7,337.1,1.28,31.9,4.0,0.083,12.6,0.0,8.0,33.9,0.0
2026-08-29T10:04:58.676818+00:00,ENG01,ground,1400,27.7,337.1,1.28,31.9,4.0,0.097,12.6,0.0,8.0,33.9,0.0
2026-08-29T10:04:59.676818+00:00,ENG01,ground,1400,27.7,337.1,1.28,31.9,4.0,0.077,12.6,0.0,8.0,33.9,0.0
2026-08-29T10:05:00.676818+00:00,ENG01,ground,1400,27.8,337.1,1.28,31.9,4.0,0.13,12.6,0.0,8.0,33.9,0.0
2026-08-29T10:05:01.676818+00:00,ENG01,ground,1400,27.8,337.1,1.28,31.9,4.0,0.078,12.6,0.0,8.0,33.9,0.0
2026-08-29T10:05:02.676818+00:00,ENG01,ground,1400,27.8,337.1,1.28,31.9,4.0,0.09,12.6,0.0,8.0,33.9,0.0
2026-08-29T10:05:03.676818+00:00,ENG01,ground,1400,27.8,337.1,1.28,31.9,4.0,0.089,12.6,0.0,8.0,33.9,0.0
2026-08-29T10:05:04.676818+00:00,ENG01,ground,1400,27.8,337.1,1.28,31.9,4.0,0.094,12.6,0.0,8.0,33.9,0.0
2026-08-29T10:05:05.676818+00:00,ENG01,ground,1400,27.8,337.1,1.28,31.9,4.0,0.079,12.6,0.0,8.0,33.9,0.0
2026-08-29T10:05:06.676818+00:00,ENG01,ground,1400,27.9,337.1,1.28,31.9,4.0,0.083,12.6,0.0,8.0,33.9,0.0
2026-08-29T10:05:07.676818+00:00,ENG01,ground,1400,27.9,337.1,1.28,31.9,4.0,0.078,12.6,0.0,8.0,33.9,0.0
2026-08-29T10:05:08.676818+00:00,ENG01,ground,1400,27.9,337.1,1.28,31.9,4.0,0.086,12.6,0.0,8.0,33.9,0.0
2026-08-29T10:05:09.676818+00:00,ENG01,ground,1400,27.9,337.1,1.28,31.9,4.0,0.092,12.6,0.0,8.0,33.9,0.0
2026-08-29T10:05:10.676818+00:00,ENG01,ground,1400,27.9,337.1,1.28,31.9,4.0,0.077,12.6,0.0,8.0,33.9,0.0
2026-08-29T10:05:11.676818+00:00,ENG01,ground,1400,28.0,337.1,1.28,31.9,4.0,0.081,12.6,0.0,8.0,33.9,0.0
2026-08-29T10:05:12.676818+00:00,ENG01,ground,1400,28.0,337.1,1.28,31.9,4.0,0.091,12.6,0.0,8.0,33.9,0.0
2026-08-29T10:05:13.676818+00:00,ENG01,ground,1400,28.0,337.1,1.28,31.9,4.0,0.088,12.6,0.0,8.0,33.9,0.0
2026-08-29T10:05:14.676818+00:00,ENG01,ground,1400,28.0,337.1,1.28,31.9,4.0,0.092,12.6,0.0,8.0,33.9,0.0
2026-08-29T10:05:15.676818+00:00,ENG01,ground,1400,28.0,337.1,1.28,31.9,4.0,0.087,12.6,0.0,8.0,33.9,0.0
